benchmark,stage,sgf_counter,shadow_counter,depth,ghr_diff,btb_hit,issued,issued_agree,issued_differ,agree,differ,sgf_only_correct,committed_only_correct,both_correct,both_wrong
aha-mont64,6,00,00,0,0,0,27942,27942,0,26998,0,0,0,26523,475
aha-mont64,6,00,00,0,0,1,158398,158398,0,158398,0,0,0,135224,23174
aha-mont64,6,00,00,0,1,0,4260,4260,0,4260,0,0,0,4259,1
aha-mont64,6,00,00,0,1,1,5675,5675,0,5675,0,0,0,3310,2365
aha-mont64,6,00,00,1,0,0,1417,1417,0,1417,0,0,0,946,471
aha-mont64,6,00,00,1,0,1,1,1,0,1,0,0,0,0,1
aha-mont64,6,00,00,1,1,0,1,1,0,0,0,0,0,0,0
aha-mont64,6,00,00,1,1,1,44873,44873,0,23615,0,0,0,23615,0
aha-mont64,6,00,00,2,1,0,1,1,0,0,0,0,0,0,0
aha-mont64,6,00,01,0,1,0,9,9,0,0,0,0,0,0,0
aha-mont64,6,00,01,0,1,1,16,16,0,16,0,0,0,8,8
aha-mont64,6,00,01,1,1,0,14,14,0,4,0,0,0,4,0
aha-mont64,6,00,01,1,1,1,1001,1001,0,974,0,0,0,974,0
aha-mont64,6,00,01,2,1,0,1,1,0,0,0,0,0,0,0
aha-mont64,6,00,10,0,1,1,3,0,3,0,3,2,1,0,0
aha-mont64,6,00,10,1,1,0,10,10,0,1,0,0,0,1,0
aha-mont64,6,00,10,1,1,1,17064,0,17064,0,8063,7117,946,0,0
aha-mont64,6,00,10,2,1,0,1,1,0,0,0,0,0,0,0
aha-mont64,6,00,11,0,1,1,3308,0,3308,0,3308,1887,1421,0,0
aha-mont64,6,00,11,1,1,0,473,473,0,0,0,0,0,0,0
aha-mont64,6,00,11,1,1,1,31626,0,31626,0,17466,17466,0,0,0
aha-mont64,6,01,00,0,1,0,475,475,0,473,0,0,0,473,0
aha-mont64,6,01,00,0,1,1,4734,4734,0,4734,0,0,0,2368,2366
aha-mont64,6,01,00,1,1,0,1,1,0,1,0,0,0,1,0
aha-mont64,6,01,00,1,1,1,946,946,0,474,0,0,0,474,0
aha-mont64,6,01,01,0,0,0,1918,1918,0,495,0,0,0,491,4
aha-mont64,6,01,01,0,0,1,49181,49181,0,49181,0,0,0,24591,24590
aha-mont64,6,01,01,0,1,0,1,1,0,0,0,0,0,0,0
aha-mont64,6,01,01,0,1,1,19,19,0,19,0,0,0,8,11
aha-mont64,6,01,01,1,0,0,476,476,0,473,0,0,0,473,0
aha-mont64,6,01,01,1,0,1,1,1,0,1,0,0,0,0,1
aha-mont64,6,01,01,1,1,0,4,4,0,3,0,0,0,3,0
aha-mont64,6,01,01,1,1,1,3,3,0,1,0,0,0,0,1
aha-mont64,6,01,01,2,0,0,3,3,0,0,0,0,0,0,0
aha-mont64,6,01,01,2,1,0,5,5,0,0,0,0,0,0,0
aha-mont64,6,01,10,0,1,1,2,0,2,0,2,1,1,0,0
aha-mont64,6,01,10,1,1,0,2,2,0,2,0,0,0,2,0
aha-mont64,6,01,10,1,1,1,3,0,3,0,3,2,1,0,0
aha-mont64,6,01,10,2,1,0,1,1,0,0,0,0,0,0,0
aha-mont64,6,01,11,0,1,0,3,3,0,0,0,0,0,0,0
aha-mont64,6,01,11,0,1,1,3785,0,3785,0,3785,1422,2363,0,0
aha-mont64,6,01,11,1,1,1,1889,0,1889,0,1889,1888,1,0,0
aha-mont64,6,10,00,0,1,0,477,477,0,2,0,0,0,2,0
aha-mont64,6,10,00,0,1,1,4261,0,4261,0,4261,1893,2368,0,0
aha-mont64,6,10,00,1,1,0,1,1,0,1,0,0,0,0,1
aha-mont64,6,10,01,0,1,0,3,3,0,0,0,0,0,0,0
aha-mont64,6,10,01,0,1,1,12,0,12,0,12,7,5,0,0
aha-mont64,6,10,01,1,1,0,1,1,0,0,0,0,0,0,0
aha-mont64,6,10,10,0,0,0,1894,1894,0,4,0,0,0,3,1
aha-mont64,6,10,10,0,0,1,48710,48710,0,48710,0,0,0,23181,25529
aha-mont64,6,10,10,0,1,1,3,3,0,3,0,0,0,1,2
aha-mont64,6,10,10,1,0,1,3,3,0,1,0,0,0,1,0
aha-mont64,6,10,10,1,1,1,3,3,0,1,0,0,0,1,0
aha-mont64,6,10,10,2,1,0,1,1,0,0,0,0,0,0,0
aha-mont64,6,10,11,0,1,0,1424,1424,0,0,0,0,0,0,0
aha-mont64,6,10,11,0,1,1,2834,2834,0,2834,0,0,0,944,1890
aha-mont64,6,10,11,1,1,0,1,1,0,1,0,0,0,0,1
aha-mont64,6,10,11,1,1,1,951,951,0,947,0,0,0,1,946
aha-mont64,6,11,00,0,1,0,1417,1417,0,473,0,0,0,1,472
aha-mont64,6,11,00,0,1,1,3787,0,3787,0,3787,1419,2368,0,0
aha-mont64,6,11,00,1,1,0,1418,1418,0,472,0,0,0,0,472
aha-mont64,6,11,00,1,1,1,72080,0,72080,0,30165,29692,473,0,0
aha-mont64,6,11,00,2,1,0,473,473,0,0,0,0,0,0,0
aha-mont64,6,11,01,0,1,0,1418,1418,0,0,0,0,0,0,0
aha-mont64,6,11,01,0,1,1,7,0,7,0,7,1,6,0,0
aha-mont64,6,11,01,1,1,0,1,1,0,0,0,0,0,0,0
aha-mont64,6,11,01,1,1,1,9999,0,9999,0,6637,6164,473,0,0
aha-mont64,6,11,01,2,1,0,1,1,0,0,0,0,0,0,0
aha-mont64,6,11,10,0,1,0,1417,1417,0,0,0,0,0,0,0
aha-mont64,6,11,10,0,1,1,476,476,0,476,0,0,0,474,2
aha-mont64,6,11,10,1,1,1,1977,1977,0,1452,0,0,0,979,473
aha-mont64,6,11,11,0,0,0,5676,5676,0,949,0,0,0,947,2
aha-mont64,6,11,11,0,0,1,97408,97408,0,97408,0,0,0,77073,20335
aha-mont64,6,11,11,0,1,0,4248,4248,0,0,0,0,0,0,0
aha-mont64,6,11,11,0,1,1,3304,3304,0,3304,0,0,0,1416,1888
aha-mont64,6,11,11,1,0,0,1,1,0,0,0,0,0,0,0
aha-mont64,6,11,11,1,0,1,17,17,0,9,0,0,0,9,0
aha-mont64,6,11,11,1,1,0,472,472,0,0,0,0,0,0,0
aha-mont64,6,11,11,1,1,1,105,105,0,40,0,0,0,40,0
aha-mont64,7,00,00,0,0,0,26998,26998,0,26998,0,0,0,26523,475
aha-mont64,7,00,00,0,0,1,158398,158398,0,158398,0,0,0,135224,23174
aha-mont64,7,00,00,0,1,0,4260,4260,0,4260,0,0,0,4259,1
aha-mont64,7,00,00,0,1,1,5675,5675,0,5675,0,0,0,3310,2365
aha-mont64,7,00,00,1,0,0,1417,1417,0,1417,0,0,0,946,471
aha-mont64,7,00,00,1,0,1,1,1,0,1,0,0,0,0,1
aha-mont64,7,00,00,1,1,0,1,1,0,0,0,0,0,0,0
aha-mont64,7,00,00,1,1,1,23616,23616,0,23615,0,0,0,23615,0
aha-mont64,7,00,00,2,1,0,1,1,0,0,0,0,0,0,0
aha-mont64,7,00,01,0,1,0,9,9,0,0,0,0,0,0,0
aha-mont64,7,00,01,0,1,1,16,16,0,16,0,0,0,8,8
aha-mont64,7,00,01,1,1,0,5,5,0,4,0,0,0,4,0
aha-mont64,7,00,01,1,1,1,974,974,0,974,0,0,0,974,0
aha-mont64,7,00,01,2,1,0,1,1,0,0,0,0,0,0,0
aha-mont64,7,00,10,0,1,1,3,0,3,0,3,2,1,0,0
aha-mont64,7,00,10,1,1,0,1,1,0,1,0,0,0,1,0
aha-mont64,7,00,10,1,1,1,8063,0,8063,0,8063,7117,946,0,0
aha-mont64,7,00,10,2,1,0,1,1,0,0,0,0,0,0,0
aha-mont64,7,00,11,0,1,1,3308,0,3308,0,3308,1887,1421,0,0
aha-mont64,7,00,11,1,1,0,473,473,0,0,0,0,0,0,0
aha-mont64,7,00,11,1,1,1,17466,0,17466,0,17466,17466,0,0,0
aha-mont64,7,01,00,0,1,0,473,473,0,473,0,0,0,473,0
aha-mont64,7,01,00,0,1,1,4734,4734,0,4734,0,0,0,2368,2366
aha-mont64,7,01,00,1,1,0,1,1,0,1,0,0,0,1,0
aha-mont64,7,01,00,1,1,1,474,474,0,474,0,0,0,474,0
aha-mont64,7,01,01,0,0,0,495,495,0,495,0,0,0,491,4
aha-mont64,7,01,01,0,0,1,49181,49181,0,49181,0,0,0,24591,24590
aha-mont64,7,01,01,0,1,1,19,19,0,19,0,0,0,8,11
aha-mont64,7,01,01,1,0,0,476,476,0,473,0,0,0,473,0
aha-mont64,7,01,01,1,0,1,1,1,0,1,0,0,0,0,1
aha-mont64,7,01,01,1,1,0,3,3,0,3,0,0,0,3,0
aha-mont64,7,01,01,1,1,1,3,3,0,1,0,0,0,0,1
aha-mont64,7,01,01,2,0,0,3,3,0,0,0,0,0,0,0
aha-mont64,7,01,01,2,1,0,5,5,0,0,0,0,0,0,0
aha-mont64,7,01,10,0,1,1,2,0,2,0,2,1,1,0,0
aha-mont64,7,01,10,1,1,0,2,2,0,2,0,0,0,2,0
aha-mont64,7,01,10,1,1,1,3,0,3,0,3,2,1,0,0
aha-mont64,7,01,10,2,1,0,1,1,0,0,0,0,0,0,0
aha-mont64,7,01,11,0,1,1,3785,0,3785,0,3785,1422,2363,0,0
aha-mont64,7,01,11,1,1,1,1889,0,1889,0,1889,1888,1,0,0
aha-mont64,7,10,00,0,1,0,2,2,0,2,0,0,0,2,0
aha-mont64,7,10,00,0,1,1,4261,0,4261,0,4261,1893,2368,0,0
aha-mont64,7,10,00,1,1,0,1,1,0,1,0,0,0,0,1
aha-mont64,7,10,01,0,1,1,12,0,12,0,12,7,5,0,0
aha-mont64,7,10,01,1,1,0,1,1,0,0,0,0,0,0,0
aha-mont64,7,10,10,0,0,0,478,478,0,4,0,0,0,3,1
aha-mont64,7,10,10,0,0,1,48710,48710,0,48710,0,0,0,23181,25529
aha-mont64,7,10,10,0,1,1,3,3,0,3,0,0,0,1,2
aha-mont64,7,10,10,1,0,1,3,3,0,1,0,0,0,1,0
aha-mont64,7,10,10,1,1,1,3,3,0,1,0,0,0,1,0
aha-mont64,7,10,10,2,1,0,1,1,0,0,0,0,0,0,0
aha-mont64,7,10,11,0,1,1,2834,2834,0,2834,0,0,0,944,1890
aha-mont64,7,10,11,1,1,0,1,1,0,1,0,0,0,0,1
aha-mont64,7,10,11,1,1,1,951,951,0,947,0,0,0,1,946
aha-mont64,7,11,00,0,1,0,473,473,0,473,0,0,0,1,472
aha-mont64,7,11,00,0,1,1,3787,0,3787,0,3787,1419,2368,0,0
aha-mont64,7,11,00,1,1,0,1418,1418,0,472,0,0,0,0,472
aha-mont64,7,11,00,1,1,1,72080,0,72080,0,30165,29692,473,0,0
aha-mont64,7,11,00,2,1,0,473,473,0,0,0,0,0,0,0
aha-mont64,7,11,01,0,1,1,7,0,7,0,7,1,6,0,0
aha-mont64,7,11,01,1,1,0,1,1,0,0,0,0,0,0,0
aha-mont64,7,11,01,1,1,1,9999,0,9999,0,6637,6164,473,0,0
aha-mont64,7,11,01,2,1,0,1,1,0,0,0,0,0,0,0
aha-mont64,7,11,10,0,1,0,945,945,0,0,0,0,0,0,0
aha-mont64,7,11,10,0,1,1,476,476,0,476,0,0,0,474,2
aha-mont64,7,11,10,1,1,1,1977,1977,0,1452,0,0,0,979,473
aha-mont64,7,11,11,0,0,0,949,949,0,949,0,0,0,947,2
aha-mont64,7,11,11,0,0,1,97408,97408,0,97408,0,0,0,77073,20335
aha-mont64,7,11,11,0,1,1,3304,3304,0,3304,0,0,0,1416,1888
aha-mont64,7,11,11,1,0,0,1,1,0,0,0,0,0,0,0
aha-mont64,7,11,11,1,0,1,17,17,0,9,0,0,0,9,0
aha-mont64,7,11,11,1,1,0,472,472,0,0,0,0,0,0,0
aha-mont64,7,11,11,1,1,1,105,105,0,40,0,0,0,40,0
aha-mont64,8,00,00,0,0,0,26998,26998,0,26998,0,0,0,26523,475
aha-mont64,8,00,00,0,0,1,159343,159343,0,159343,0,0,0,135696,23647
aha-mont64,8,00,00,0,1,0,4260,4260,0,4260,0,0,0,4259,1
aha-mont64,8,00,00,0,1,1,5675,5675,0,5675,0,0,0,3310,2365
aha-mont64,8,00,00,1,0,0,1417,1417,0,1417,0,0,0,946,471
aha-mont64,8,00,00,1,0,1,1,1,0,1,0,0,0,0,1
aha-mont64,8,00,00,1,1,0,1,1,0,0,0,0,0,0,0
aha-mont64,8,00,00,1,1,1,23145,23145,0,23144,0,0,0,23144,0
aha-mont64,8,00,00,2,1,0,1,1,0,0,0,0,0,0,0
aha-mont64,8,00,01,0,1,0,9,9,0,0,0,0,0,0,0
aha-mont64,8,00,01,0,1,1,16,16,0,16,0,0,0,8,8
aha-mont64,8,00,01,1,1,0,5,5,0,4,0,0,0,4,0
aha-mont64,8,00,01,1,1,1,974,974,0,974,0,0,0,974,0
aha-mont64,8,00,01,2,1,0,1,1,0,0,0,0,0,0,0
aha-mont64,8,00,10,0,1,1,3,0,3,0,3,2,1,0,0
aha-mont64,8,00,10,1,1,0,1,1,0,1,0,0,0,1,0
aha-mont64,8,00,10,1,1,1,8063,0,8063,0,8063,7117,946,0,0
aha-mont64,8,00,10,2,1,0,1,1,0,0,0,0,0,0,0
aha-mont64,8,00,11,0,1,1,3308,0,3308,0,3308,1887,1421,0,0
aha-mont64,8,00,11,1,1,0,473,473,0,0,0,0,0,0,0
aha-mont64,8,00,11,1,1,1,17466,0,17466,0,17466,17466,0,0,0
aha-mont64,8,01,00,0,1,0,474,474,0,474,0,0,0,473,1
aha-mont64,8,01,00,0,1,1,4734,4734,0,4734,0,0,0,2368,2366
aha-mont64,8,01,00,1,1,0,1,1,0,1,0,0,0,1,0
aha-mont64,8,01,00,1,1,1,474,474,0,474,0,0,0,474,0
aha-mont64,8,01,01,0,0,0,495,495,0,495,0,0,0,491,4
aha-mont64,8,01,01,0,0,1,50126,50126,0,50126,0,0,0,25536,24590
aha-mont64,8,01,01,0,1,1,19,19,0,19,0,0,0,8,11
aha-mont64,8,01,01,1,0,0,476,476,0,473,0,0,0,473,0
aha-mont64,8,01,01,1,0,1,1,1,0,1,0,0,0,0,1
aha-mont64,8,01,01,1,1,0,3,3,0,3,0,0,0,3,0
aha-mont64,8,01,01,1,1,1,3,3,0,1,0,0,0,0,1
aha-mont64,8,01,01,2,0,0,3,3,0,0,0,0,0,0,0
aha-mont64,8,01,01,2,1,0,5,5,0,0,0,0,0,0,0
aha-mont64,8,01,10,0,1,1,2,0,2,0,2,1,1,0,0
aha-mont64,8,01,10,1,1,0,2,2,0,2,0,0,0,2,0
aha-mont64,8,01,10,1,1,1,2,0,2,0,2,1,1,0,0
aha-mont64,8,01,10,2,1,0,1,1,0,0,0,0,0,0,0
aha-mont64,8,01,11,0,1,1,3785,0,3785,0,3785,1422,2363,0,0
aha-mont64,8,01,11,1,1,0,472,472,0,0,0,0,0,0,0
aha-mont64,8,01,11,1,1,1,1417,0,1417,0,1417,1416,1,0,0
aha-mont64,8,10,00,0,1,0,3,3,0,3,0,0,0,2,1
aha-mont64,8,10,00,0,1,1,4260,0,4260,0,4260,1892,2368,0,0
aha-mont64,8,10,00,1,1,0,947,947,0,1,0,0,0,0,1
aha-mont64,8,10,00,1,1,1,471,0,471,0,471,0,471,0,0
aha-mont64,8,10,01,0,1,1,12,0,12,0,12,7,5,0,0
aha-mont64,8,10,01,1,1,0,1,1,0,0,0,0,0,0,0
aha-mont64,8,10,10,0,0,0,478,478,0,4,0,0,0,3,1
aha-mont64,8,10,10,0,0,1,47766,47766,0,47766,0,0,0,22708,25058
aha-mont64,8,10,10,0,1,1,4,4,0,4,0,0,0,2,2
aha-mont64,8,10,10,1,0,1,3,3,0,1,0,0,0,1,0
aha-mont64,8,10,10,1,1,1,3,3,0,1,0,0,0,1,0
aha-mont64,8,10,10,2,1,0,1,1,0,0,0,0,0,0,0
aha-mont64,8,10,11,0,1,1,2834,2834,0,2834,0,0,0,944,1890
aha-mont64,8,10,11,1,1,0,1,1,0,1,0,0,0,0,1
aha-mont64,8,10,11,1,1,1,950,950,0,947,0,0,0,1,946
aha-mont64,8,11,00,0,1,0,471,471,0,471,0,0,0,1,470
aha-mont64,8,11,00,0,1,1,3788,0,3788,0,3788,1420,2368,0,0
aha-mont64,8,11,00,1,1,0,472,472,0,472,0,0,0,0,472
aha-mont64,8,11,00,1,1,1,73496,0,73496,0,31109,30636,473,0,0
aha-mont64,8,11,00,2,1,0,473,473,0,0,0,0,0,0,0
aha-mont64,8,11,01,0,1,1,7,0,7,0,7,1,6,0,0
aha-mont64,8,11,01,1,1,0,1,1,0,0,0,0,0,0,0
aha-mont64,8,11,01,1,1,1,9999,0,9999,0,6637,6164,473,0,0
aha-mont64,8,11,01,2,1,0,1,1,0,0,0,0,0,0,0
aha-mont64,8,11,10,0,1,0,945,945,0,0,0,0,0,0,0
aha-mont64,8,11,10,0,1,1,475,475,0,475,0,0,0,473,2
aha-mont64,8,11,10,1,1,1,1980,1980,0,1454,0,0,0,981,473
aha-mont64,8,11,11,0,0,0,949,949,0,949,0,0,0,947,2
aha-mont64,8,11,11,0,0,1,95989,95989,0,95989,0,0,0,76127,19862
aha-mont64,8,11,11,0,1,1,3304,3304,0,3304,0,0,0,1416,1888
aha-mont64,8,11,11,1,0,0,1,1,0,0,0,0,0,0,0
aha-mont64,8,11,11,1,0,1,17,17,0,9,0,0,0,9,0
aha-mont64,8,11,11,1,1,1,106,106,0,40,0,0,0,40,0
bench_branch_heavy,6,00,00,0,0,0,107,107,0,104,0,0,0,100,4
bench_branch_heavy,6,00,00,0,0,1,401,401,0,374,0,0,0,297,77
bench_branch_heavy,6,00,00,0,1,1,24,24,0,24,0,0,0,22,2
bench_branch_heavy,6,00,00,1,0,0,1,1,0,1,0,0,0,0,1
bench_branch_heavy,6,00,00,1,0,1,16,16,0,15,0,0,0,12,3
bench_branch_heavy,6,00,00,1,1,0,4,4,0,4,0,0,0,4,0
bench_branch_heavy,6,00,00,1,1,1,70,70,0,54,0,0,0,32,22
bench_branch_heavy,6,00,01,0,1,0,3,3,0,3,0,0,0,3,0
bench_branch_heavy,6,00,01,0,1,1,12,12,0,12,0,0,0,5,7
bench_branch_heavy,6,00,01,1,1,0,8,8,0,5,0,0,0,4,1
bench_branch_heavy,6,00,01,1,1,1,94,94,0,71,0,0,0,55,16
bench_branch_heavy,6,00,10,0,1,1,8,0,8,0,8,2,6,0,0
bench_branch_heavy,6,00,10,1,1,0,7,7,0,4,0,0,0,4,0
bench_branch_heavy,6,00,10,1,1,1,53,0,53,0,46,43,3,0,0
bench_branch_heavy,6,00,11,0,1,1,4,0,4,0,4,1,3,0,0
bench_branch_heavy,6,00,11,1,1,0,20,20,0,20,0,0,0,20,0
bench_branch_heavy,6,00,11,1,1,1,161,0,161,0,128,116,12,0,0
bench_branch_heavy,6,01,00,0,1,0,1,1,0,0,0,0,0,0,0
bench_branch_heavy,6,01,00,0,1,1,11,11,0,11,0,0,0,7,4
bench_branch_heavy,6,01,00,1,1,1,41,41,0,38,0,0,0,17,21
bench_branch_heavy,6,01,01,0,0,0,30,30,0,23,0,0,0,17,6
bench_branch_heavy,6,01,01,0,0,1,187,187,0,119,0,0,0,66,53
bench_branch_heavy,6,01,01,0,1,0,1,1,0,1,0,0,0,1,0
bench_branch_heavy,6,01,01,0,1,1,1,1,0,1,0,0,0,1,0
bench_branch_heavy,6,01,01,1,0,1,18,18,0,18,0,0,0,14,4
bench_branch_heavy,6,01,01,1,1,0,3,3,0,3,0,0,0,3,0
bench_branch_heavy,6,01,01,1,1,1,48,48,0,39,0,0,0,22,17
bench_branch_heavy,6,01,10,0,1,1,9,0,9,0,9,4,5,0,0
bench_branch_heavy,6,01,10,1,1,0,4,4,0,3,0,0,0,3,0
bench_branch_heavy,6,01,10,1,1,1,18,0,18,0,17,16,1,0,0
bench_branch_heavy,6,01,11,0,1,1,10,0,10,0,10,2,8,0,0
bench_branch_heavy,6,01,11,1,1,0,2,2,0,2,0,0,0,2,0
bench_branch_heavy,6,01,11,1,1,1,51,0,51,0,36,21,15,0,0
bench_branch_heavy,6,10,00,0,1,1,7,0,7,0,7,2,5,0,0
bench_branch_heavy,6,10,00,1,1,1,70,0,70,0,66,44,22,0,0
bench_branch_heavy,6,10,01,0,1,1,2,0,2,0,2,2,0,0,0
bench_branch_heavy,6,10,01,1,1,1,43,0,43,0,40,20,20,0,0
bench_branch_heavy,6,10,10,0,0,0,10,10,0,8,0,0,0,8,0
bench_branch_heavy,6,10,10,0,0,1,141,141,0,72,0,0,0,47,25
bench_branch_heavy,6,10,10,0,1,0,1,1,0,1,0,0,0,1,0
bench_branch_heavy,6,10,10,0,1,1,4,4,0,4,0,0,0,3,1
bench_branch_heavy,6,10,10,1,0,0,1,1,0,1,0,0,0,1,0
bench_branch_heavy,6,10,10,1,0,1,23,23,0,22,0,0,0,8,14
bench_branch_heavy,6,10,10,1,1,0,1,1,0,1,0,0,0,1,0
bench_branch_heavy,6,10,10,1,1,1,5,5,0,3,0,0,0,1,2
bench_branch_heavy,6,10,11,0,1,1,21,21,0,21,0,0,0,16,5
bench_branch_heavy,6,10,11,1,1,0,6,6,0,4,0,0,0,4,0
bench_branch_heavy,6,10,11,1,1,1,29,29,0,28,0,0,0,12,16
bench_branch_heavy,6,11,00,0,1,1,18,0,18,0,18,1,17,0,0
bench_branch_heavy,6,11,00,1,1,1,93,0,93,0,89,41,48,0,0
bench_branch_heavy,6,11,01,0,1,1,12,0,12,0,11,8,3,0,0
bench_branch_heavy,6,11,01,1,1,0,2,2,0,2,0,0,0,2,0
bench_branch_heavy,6,11,01,1,1,1,66,0,66,0,64,34,30,0,0
bench_branch_heavy,6,11,10,0,1,0,2,2,0,2,0,0,0,2,0
bench_branch_heavy,6,11,10,0,1,1,7,7,0,7,0,0,0,5,2
bench_branch_heavy,6,11,10,1,1,1,8,8,0,8,0,0,0,6,2
bench_branch_heavy,6,11,11,0,0,0,15,15,0,12,0,0,0,10,2
bench_branch_heavy,6,11,11,0,0,1,218,218,0,206,0,0,0,188,18
bench_branch_heavy,6,11,11,0,1,1,32,32,0,32,0,0,0,21,11
bench_branch_heavy,6,11,11,1,0,1,60,60,0,60,0,0,0,56,4
bench_branch_heavy,6,11,11,1,1,0,4,4,0,4,0,0,0,4,0
bench_branch_heavy,6,11,11,1,1,1,46,46,0,43,0,0,0,31,12
bench_branch_heavy,7,00,00,0,0,0,107,107,0,107,0,0,0,103,4
bench_branch_heavy,7,00,00,0,0,1,535,535,0,535,0,0,0,462,73
bench_branch_heavy,7,00,00,0,1,1,56,56,0,56,0,0,0,54,2
bench_branch_heavy,7,00,00,1,0,0,1,1,0,1,0,0,0,0,1
bench_branch_heavy,7,00,00,1,0,1,17,17,0,16,0,0,0,14,2
bench_branch_heavy,7,00,00,1,1,0,3,3,0,3,0,0,0,3,0
bench_branch_heavy,7,00,00,1,1,1,62,62,0,62,0,0,0,38,24
bench_branch_heavy,7,00,01,0,1,0,6,6,0,3,0,0,0,3,0
bench_branch_heavy,7,00,01,0,1,1,21,21,0,4,0,0,0,0,4
bench_branch_heavy,7,00,01,1,1,0,7,7,0,7,0,0,0,6,1
bench_branch_heavy,7,00,01,1,1,1,15,15,0,15,0,0,0,9,6
bench_branch_heavy,7,00,10,0,1,1,4,0,4,0,4,1,3,0,0
bench_branch_heavy,7,00,10,1,1,0,5,5,0,5,0,0,0,5,0
bench_branch_heavy,7,00,10,1,1,1,2,0,2,0,2,2,0,0,0
bench_branch_heavy,7,00,11,0,1,1,7,0,7,0,7,2,5,0,0
bench_branch_heavy,7,00,11,1,1,0,21,21,0,21,0,0,0,21,0
bench_branch_heavy,7,00,11,1,1,1,47,0,47,0,45,25,20,0,0
bench_branch_heavy,7,01,00,0,1,1,5,5,0,5,0,0,0,3,2
bench_branch_heavy,7,01,00,1,1,1,34,34,0,34,0,0,0,14,20
bench_branch_heavy,7,01,01,0,0,0,26,26,0,25,0,0,0,19,6
bench_branch_heavy,7,01,01,0,0,1,195,195,0,123,0,0,0,81,42
bench_branch_heavy,7,01,01,0,1,0,1,1,0,1,0,0,0,1,0
bench_branch_heavy,7,01,01,0,1,1,10,10,0,6,0,0,0,1,5
bench_branch_heavy,7,01,01,1,0,1,13,13,0,12,0,0,0,8,4
bench_branch_heavy,7,01,01,1,1,0,2,2,0,2,0,0,0,2,0
bench_branch_heavy,7,01,01,1,1,1,25,25,0,22,0,0,0,11,11
bench_branch_heavy,7,01,10,0,1,1,11,0,11,0,11,4,7,0,0
bench_branch_heavy,7,01,10,1,1,0,1,1,0,1,0,0,0,1,0
bench_branch_heavy,7,01,10,1,1,1,4,0,4,0,4,3,1,0,0
bench_branch_heavy,7,01,11,0,1,1,7,0,7,0,7,0,7,0,0
bench_branch_heavy,7,01,11,1,1,0,1,1,0,1,0,0,0,1,0
bench_branch_heavy,7,01,11,1,1,1,44,0,44,0,44,28,16,0,0
bench_branch_heavy,7,10,00,0,1,1,5,0,5,0,5,3,2,0,0
bench_branch_heavy,7,10,00,1,1,1,65,0,65,0,63,44,19,0,0
bench_branch_heavy,7,10,01,0,1,1,18,0,18,0,14,9,5,0,0
bench_branch_heavy,7,10,01,1,1,1,48,0,48,0,43,23,20,0,0
bench_branch_heavy,7,10,10,0,0,0,5,5,0,4,0,0,0,4,0
bench_branch_heavy,7,10,10,0,0,1,79,79,0,79,0,0,0,58,21
bench_branch_heavy,7,10,10,0,1,0,1,1,0,1,0,0,0,1,0
bench_branch_heavy,7,10,10,0,1,1,10,10,0,10,0,0,0,8,2
bench_branch_heavy,7,10,10,1,0,0,1,1,0,1,0,0,0,1,0
bench_branch_heavy,7,10,10,1,0,1,17,17,0,17,0,0,0,8,9
bench_branch_heavy,7,10,10,1,1,0,2,2,0,2,0,0,0,2,0
bench_branch_heavy,7,10,10,1,1,1,3,3,0,3,0,0,0,2,1
bench_branch_heavy,7,10,11,0,1,1,6,6,0,6,0,0,0,5,1
bench_branch_heavy,7,10,11,1,1,0,6,6,0,6,0,0,0,6,0
bench_branch_heavy,7,10,11,1,1,1,38,38,0,34,0,0,0,19,15
bench_branch_heavy,7,11,00,0,1,0,1,1,0,1,0,0,0,1,0
bench_branch_heavy,7,11,00,0,1,1,19,0,19,0,19,5,14,0,0
bench_branch_heavy,7,11,00,1,1,1,83,0,83,0,79,40,39,0,0
bench_branch_heavy,7,11,01,0,1,1,19,0,19,0,15,10,5,0,0
bench_branch_heavy,7,11,01,1,1,1,62,0,62,0,58,27,31,0,0
bench_branch_heavy,7,11,10,0,1,0,1,1,0,1,0,0,0,1,0
bench_branch_heavy,7,11,10,0,1,1,18,18,0,18,0,0,0,11,7
bench_branch_heavy,7,11,10,1,1,1,10,10,0,10,0,0,0,8,2
bench_branch_heavy,7,11,11,0,0,0,13,13,0,13,0,0,0,11,2
bench_branch_heavy,7,11,11,0,0,1,213,213,0,213,0,0,0,188,25
bench_branch_heavy,7,11,11,0,1,1,20,20,0,20,0,0,0,15,5
bench_branch_heavy,7,11,11,1,0,1,70,70,0,70,0,0,0,60,10
bench_branch_heavy,7,11,11,1,1,0,2,2,0,2,0,0,0,2,0
bench_branch_heavy,7,11,11,1,1,1,48,48,0,47,0,0,0,28,19
bench_branch_heavy,8,00,00,0,0,0,102,102,0,102,0,0,0,98,4
bench_branch_heavy,8,00,00,0,0,1,522,522,0,522,0,0,0,450,72
bench_branch_heavy,8,00,00,0,1,0,1,1,0,1,0,0,0,1,0
bench_branch_heavy,8,00,00,0,1,1,32,32,0,32,0,0,0,32,0
bench_branch_heavy,8,00,00,1,0,0,1,1,0,1,0,0,0,0,1
bench_branch_heavy,8,00,00,1,0,1,20,20,0,19,0,0,0,17,2
bench_branch_heavy,8,00,00,1,1,0,3,3,0,3,0,0,0,3,0
bench_branch_heavy,8,00,00,1,1,1,47,47,0,47,0,0,0,25,22
bench_branch_heavy,8,00,01,0,1,0,6,6,0,3,0,0,0,3,0
bench_branch_heavy,8,00,01,0,1,1,35,35,0,7,0,0,0,5,2
bench_branch_heavy,8,00,01,1,1,0,6,6,0,6,0,0,0,5,1
bench_branch_heavy,8,00,01,1,1,1,37,37,0,35,0,0,0,29,6
bench_branch_heavy,8,00,10,0,1,1,12,0,12,0,12,4,8,0,0
bench_branch_heavy,8,00,10,1,1,0,4,4,0,4,0,0,0,4,0
bench_branch_heavy,8,00,10,1,1,1,13,0,13,0,12,6,6,0,0
bench_branch_heavy,8,00,11,0,1,1,3,0,3,0,3,0,3,0,0
bench_branch_heavy,8,00,11,1,1,0,21,21,0,21,0,0,0,21,0
bench_branch_heavy,8,00,11,1,1,1,47,0,47,0,46,22,24,0,0
bench_branch_heavy,8,01,00,0,1,1,4,4,0,4,0,0,0,4,0
bench_branch_heavy,8,01,00,1,1,1,38,38,0,38,0,0,0,18,20
bench_branch_heavy,8,01,01,0,0,0,24,24,0,23,0,0,0,17,6
bench_branch_heavy,8,01,01,0,0,1,200,200,0,167,0,0,0,119,48
bench_branch_heavy,8,01,01,0,1,0,1,1,0,1,0,0,0,1,0
bench_branch_heavy,8,01,01,0,1,1,30,30,0,6,0,0,0,1,5
bench_branch_heavy,8,01,01,1,0,1,14,14,0,13,0,0,0,8,5
bench_branch_heavy,8,01,01,1,1,0,2,2,0,2,0,0,0,2,0
bench_branch_heavy,8,01,01,1,1,1,23,23,0,18,0,0,0,10,8
bench_branch_heavy,8,01,10,0,1,1,5,0,5,0,5,2,3,0,0
bench_branch_heavy,8,01,10,1,1,0,4,4,0,4,0,0,0,4,0
bench_branch_heavy,8,01,10,1,1,1,15,0,15,0,14,10,4,0,0
bench_branch_heavy,8,01,11,0,1,1,9,0,9,0,7,0,7,0,0
bench_branch_heavy,8,01,11,1,1,0,2,2,0,2,0,0,0,2,0
bench_branch_heavy,8,01,11,1,1,1,54,0,54,0,51,25,26,0,0
bench_branch_heavy,8,10,00,0,1,1,7,0,7,0,7,4,3,0,0
bench_branch_heavy,8,10,00,1,1,1,64,0,64,0,62,43,19,0,0
bench_branch_heavy,8,10,01,0,1,1,8,0,8,0,8,4,4,0,0
bench_branch_heavy,8,10,01,1,1,0,1,1,0,1,0,0,0,1,0
bench_branch_heavy,8,10,01,1,1,1,28,0,28,0,28,16,12,0,0
bench_branch_heavy,8,10,10,0,0,0,7,7,0,7,0,0,0,7,0
bench_branch_heavy,8,10,10,0,0,1,87,87,0,87,0,0,0,61,26
bench_branch_heavy,8,10,10,0,1,0,1,1,0,1,0,0,0,1,0
bench_branch_heavy,8,10,10,0,1,1,8,8,0,8,0,0,0,7,1
bench_branch_heavy,8,10,10,1,0,0,1,1,0,1,0,0,0,1,0
bench_branch_heavy,8,10,10,1,0,1,18,18,0,18,0,0,0,7,11
bench_branch_heavy,8,10,10,1,1,0,1,1,0,1,0,0,0,1,0
bench_branch_heavy,8,10,10,1,1,1,2,2,0,2,0,0,0,2,0
bench_branch_heavy,8,10,11,0,1,1,7,7,0,7,0,0,0,6,1
bench_branch_heavy,8,10,11,1,1,0,3,3,0,3,0,0,0,3,0
bench_branch_heavy,8,10,11,1,1,1,21,21,0,18,0,0,0,9,9
bench_branch_heavy,8,11,00,0,1,0,1,1,0,1,0,0,0,1,0
bench_branch_heavy,8,11,00,0,1,1,24,0,24,0,24,9,15,0,0
bench_branch_heavy,8,11,00,1,1,0,1,1,0,1,0,0,0,1,0
bench_branch_heavy,8,11,00,1,1,1,88,0,88,0,83,44,39,0,0
bench_branch_heavy,8,11,01,0,1,1,26,0,26,0,16,10,6,0,0
bench_branch_heavy,8,11,01,1,1,1,40,0,40,0,39,23,16,0,0
bench_branch_heavy,8,11,10,0,1,1,15,15,0,15,0,0,0,9,6
bench_branch_heavy,8,11,10,1,1,0,1,1,0,1,0,0,0,1,0
bench_branch_heavy,8,11,10,1,1,1,9,9,0,9,0,0,0,6,3
bench_branch_heavy,8,11,11,0,0,0,13,13,0,12,0,0,0,10,2
bench_branch_heavy,8,11,11,0,0,1,221,221,0,217,0,0,0,191,26
bench_branch_heavy,8,11,11,0,1,0,1,1,0,1,0,0,0,1,0
bench_branch_heavy,8,11,11,0,1,1,18,18,0,18,0,0,0,15,3
bench_branch_heavy,8,11,11,1,0,1,82,82,0,82,0,0,0,69,13
bench_branch_heavy,8,11,11,1,1,0,5,5,0,5,0,0,0,5,0
bench_branch_heavy,8,11,11,1,1,1,32,32,0,31,0,0,0,19,12
coremark,6,00,00,0,0,0,23612,23612,0,21676,0,0,0,18641,3035
coremark,6,00,00,0,0,1,137601,137601,0,133827,0,0,0,114675,19152
coremark,6,00,00,0,1,0,843,843,0,769,0,0,0,742,27
coremark,6,00,00,0,1,1,4723,4723,0,1501,0,0,0,1380,121
coremark,6,00,00,1,0,0,7859,7859,0,1156,0,0,0,1018,138
coremark,6,00,00,1,0,1,1764,1764,0,1706,0,0,0,1542,164
coremark,6,00,00,1,1,0,15935,15935,0,15109,0,0,0,15006,103
coremark,6,00,00,1,1,1,3734,3734,0,3349,0,0,0,3056,293
coremark,6,00,00,2,0,0,58,58,0,22,0,0,0,20,2
coremark,6,00,00,2,0,1,64,64,0,31,0,0,0,22,9
coremark,6,00,00,2,1,0,439,439,0,331,0,0,0,326,5
coremark,6,00,00,2,1,1,15451,15451,0,15043,0,0,0,13251,1792
coremark,6,00,00,3,0,0,3,3,0,3,0,0,0,3,0
coremark,6,00,00,3,1,0,20411,20411,0,16210,0,0,0,16210,0
coremark,6,00,00,3,1,1,14,14,0,0,0,0,0,0,0
coremark,6,00,01,0,1,0,671,671,0,119,0,0,0,112,7
coremark,6,00,01,0,1,1,937,937,0,227,0,0,0,152,75
coremark,6,00,01,1,1,0,3547,3547,0,3285,0,0,0,3263,22
coremark,6,00,01,1,1,1,1736,1736,0,1357,0,0,0,1009,348
coremark,6,00,01,2,1,0,89,89,0,31,0,0,0,30,1
coremark,6,00,01,2,1,1,637,637,0,568,0,0,0,507,61
coremark,6,00,01,3,1,0,4259,4259,0,4251,0,0,0,4251,0
coremark,6,00,01,3,1,1,3,3,0,0,0,0,0,0,0
coremark,6,00,10,0,1,0,75,75,0,70,0,0,0,62,8
coremark,6,00,10,0,1,1,1209,0,1209,0,804,737,67,0,0
coremark,6,00,10,1,1,0,2163,2163,0,2141,0,0,0,2097,44
coremark,6,00,10,1,1,1,4138,0,4138,0,3785,3538,247,0,0
coremark,6,00,10,2,1,0,145,145,0,109,0,0,0,109,0
coremark,6,00,10,2,1,1,1951,0,1951,0,1922,1920,2,0,0
coremark,6,00,10,3,1,0,309,309,0,308,0,0,0,308,0
coremark,6,00,10,3,1,1,8,0,8,0,0,0,0,0,0
coremark,6,00,11,0,1,0,1119,1119,0,338,0,0,0,325,13
coremark,6,00,11,0,1,1,8563,0,8563,0,1532,836,696,0,0
coremark,6,00,11,1,1,0,33094,33094,0,32297,0,0,0,32249,48
coremark,6,00,11,1,1,1,52386,0,52386,0,51808,51382,426,0,0
coremark,6,00,11,2,1,0,668,668,0,605,0,0,0,605,0
coremark,6,00,11,2,1,1,20400,0,20400,0,20106,15758,4348,0,0
coremark,6,00,11,3,1,0,16499,16499,0,14734,0,0,0,14734,0
coremark,6,00,11,3,1,1,4,0,4,0,0,0,0,0,0
coremark,6,01,00,0,1,0,160,160,0,143,0,0,0,132,11
coremark,6,01,00,0,1,1,1376,1376,0,975,0,0,0,884,91
coremark,6,01,00,1,1,0,721,721,0,383,0,0,0,359,24
coremark,6,01,00,1,1,1,664,664,0,602,0,0,0,364,238
coremark,6,01,00,2,1,0,101,101,0,91,0,0,0,90,1
coremark,6,01,00,2,1,1,1427,1427,0,1193,0,0,0,1181,12
coremark,6,01,00,3,1,0,164,164,0,151,0,0,0,151,0
coremark,6,01,00,3,1,1,16,16,0,0,0,0,0,0,0
coremark,6,01,01,0,0,0,6255,6255,0,6089,0,0,0,3709,2380
coremark,6,01,01,0,0,1,33396,33396,0,32488,0,0,0,21016,11472
coremark,6,01,01,0,1,0,23,23,0,22,0,0,0,18,4
coremark,6,01,01,0,1,1,364,364,0,168,0,0,0,133,35
coremark,6,01,01,1,0,0,3234,3234,0,140,0,0,0,132,8
coremark,6,01,01,1,0,1,651,651,0,630,0,0,0,442,188
coremark,6,01,01,1,1,0,1047,1047,0,920,0,0,0,897,23
coremark,6,01,01,1,1,1,560,560,0,503,0,0,0,239,264
coremark,6,01,01,2,0,0,35,35,0,8,0,0,0,5,3
coremark,6,01,01,2,0,1,45,45,0,24,0,0,0,8,16
coremark,6,01,01,2,1,0,11,11,0,7,0,0,0,7,0
coremark,6,01,01,2,1,1,153,153,0,128,0,0,0,116,12
coremark,6,01,01,3,0,1,1,1,0,0,0,0,0,0,0
coremark,6,01,01,3,1,0,349,349,0,347,0,0,0,347,0
coremark,6,01,01,3,1,1,1,1,0,0,0,0,0,0,0
coremark,6,01,10,0,1,0,21,21,0,15,0,0,0,13,2
coremark,6,01,10,0,1,1,245,0,245,0,69,28,41,0,0
coremark,6,01,10,1,1,0,311,311,0,94,0,0,0,83,11
coremark,6,01,10,1,1,1,1583,0,1583,0,1409,992,417,0,0
coremark,6,01,10,2,1,0,18,18,0,4,0,0,0,4,0
coremark,6,01,10,2,1,1,601,0,601,0,586,579,7,0,0
coremark,6,01,10,3,1,0,4,4,0,4,0,0,0,4,0
coremark,6,01,11,0,1,0,169,169,0,91,0,0,0,66,25
coremark,6,01,11,0,1,1,509,0,509,0,140,62,78,0,0
coremark,6,01,11,1,1,0,1604,1604,0,1143,0,0,0,1133,10
coremark,6,01,11,1,1,1,580,0,580,0,395,245,150,0,0
coremark,6,01,11,2,1,0,31,31,0,8,0,0,0,8,0
coremark,6,01,11,2,1,1,4459,0,4459,0,4386,4375,11,0,0
coremark,6,01,11,3,1,0,335,335,0,4,0,0,0,4,0
coremark,6,01,11,3,1,1,2,0,2,0,0,0,0,0,0
coremark,6,10,00,0,1,0,126,126,0,92,0,0,0,81,11
coremark,6,10,00,0,1,1,594,0,594,0,156,48,108,0,0
coremark,6,10,00,1,1,0,832,832,0,375,0,0,0,353,22
coremark,6,10,00,1,1,1,1585,0,1585,0,1456,1230,226,0,0
coremark,6,10,00,2,1,0,86,86,0,44,0,0,0,44,0
coremark,6,10,00,2,1,1,369,0,369,0,251,0,251,0,0
coremark,6,10,00,3,1,0,14,14,0,9,0,0,0,9,0
coremark,6,10,00,3,1,1,7,0,7,0,2,2,0,0,0
coremark,6,10,01,0,1,0,50,50,0,42,0,0,0,37,5
coremark,6,10,01,0,1,1,205,0,205,0,90,48,42,0,0
coremark,6,10,01,1,1,0,186,186,0,64,0,0,0,54,10
coremark,6,10,01,1,1,1,834,0,834,0,678,478,200,0,0
coremark,6,10,01,2,1,0,14,14,0,3,0,0,0,3,0
coremark,6,10,01,2,1,1,37,0,37,0,29,1,28,0,0
coremark,6,10,01,3,1,0,9,9,0,9,0,0,0,9,0
coremark,6,10,01,3,1,1,3,0,3,0,0,0,0,0,0
coremark,6,10,10,0,0,0,5953,5953,0,5766,0,0,0,3592,2174
coremark,6,10,10,0,0,1,36961,36961,0,36652,0,0,0,24582,12070
coremark,6,10,10,0,1,0,26,26,0,20,0,0,0,13,7
coremark,6,10,10,0,1,1,155,155,0,69,0,0,0,38,31
coremark,6,10,10,1,0,0,1088,1088,0,231,0,0,0,213,18
coremark,6,10,10,1,0,1,365,365,0,279,0,0,0,136,143
coremark,6,10,10,1,1,0,290,290,0,82,0,0,0,76,6
coremark,6,10,10,1,1,1,689,689,0,684,0,0,0,127,557
coremark,6,10,10,2,0,0,28,28,0,11,0,0,0,11,0
coremark,6,10,10,2,0,1,10,10,0,6,0,0,0,6,0
coremark,6,10,10,2,1,0,5,5,0,3,0,0,0,3,0
coremark,6,10,10,2,1,1,27,27,0,26,0,0,0,1,25
coremark,6,10,10,3,1,0,3,3,0,3,0,0,0,3,0
coremark,6,10,11,0,1,0,121,121,0,79,0,0,0,29,50
coremark,6,10,11,0,1,1,474,474,0,135,0,0,0,87,48
coremark,6,10,11,1,1,0,991,991,0,872,0,0,0,595,277
coremark,6,10,11,1,1,1,2019,2019,0,1738,0,0,0,1443,295
coremark,6,10,11,2,1,0,8,8,0,1,0,0,0,1,0
coremark,6,10,11,2,1,1,226,226,0,108,0,0,0,0,108
coremark,6,10,11,3,1,0,6,6,0,3,0,0,0,3,0
coremark,6,11,00,0,1,0,172,172,0,103,0,0,0,90,13
coremark,6,11,00,0,1,1,747,0,747,0,277,192,85,0,0
coremark,6,11,00,1,1,0,1245,1245,0,828,0,0,0,639,189
coremark,6,11,00,1,1,1,3515,0,3515,0,3313,2873,440,0,0
coremark,6,11,00,2,1,0,94,94,0,52,0,0,0,52,0
coremark,6,11,00,2,1,1,764,0,764,0,659,10,649,0,0
coremark,6,11,00,3,1,0,27,27,0,8,0,0,0,8,0
coremark,6,11,00,3,1,1,11,0,11,0,0,0,0,0,0
coremark,6,11,01,0,1,0,136,136,0,44,0,0,0,43,1
coremark,6,11,01,0,1,1,401,0,401,0,162,91,71,0,0
coremark,6,11,01,1,1,0,109,109,0,58,0,0,0,37,21
coremark,6,11,01,1,1,1,1937,0,1937,0,1894,1483,411,0,0
coremark,6,11,01,2,1,0,26,26,0,3,0,0,0,3,0
coremark,6,11,01,2,1,1,34,0,34,0,13,3,10,0,0
coremark,6,11,01,3,1,0,8,8,0,5,0,0,0,5,0
coremark,6,11,10,0,1,0,87,87,0,39,0,0,0,31,8
coremark,6,11,10,0,1,1,252,252,0,141,0,0,0,86,55
coremark,6,11,10,1,1,0,121,121,0,78,0,0,0,41,37
coremark,6,11,10,1,1,1,713,713,0,703,0,0,0,666,37
coremark,6,11,10,2,1,0,13,13,0,4,0,0,0,4,0
coremark,6,11,10,2,1,1,23,23,0,15,0,0,0,9,6
coremark,6,11,10,3,1,0,7,7,0,2,0,0,0,2,0
coremark,6,11,11,0,0,0,12750,12750,0,11912,0,0,0,5301,6611
coremark,6,11,11,0,0,1,192441,192441,0,189857,0,0,0,163525,26332
coremark,6,11,11,0,1,0,669,669,0,44,0,0,0,18,26
coremark,6,11,11,0,1,1,1027,1027,0,384,0,0,0,296,88
coremark,6,11,11,1,0,0,4571,4571,0,272,0,0,0,257,15
coremark,6,11,11,1,0,1,535,535,0,507,0,0,0,342,165
coremark,6,11,11,1,1,0,1995,1995,0,1275,0,0,0,785,490
coremark,6,11,11,1,1,1,53221,53221,0,53009,0,0,0,50896,2113
coremark,6,11,11,2,0,0,85,85,0,50,0,0,0,33,17
coremark,6,11,11,2,0,1,846,846,0,18,0,0,0,7,11
coremark,6,11,11,2,1,0,74,74,0,0,0,0,0,0,0
coremark,6,11,11,2,1,1,97,97,0,35,0,0,0,17,18
coremark,6,11,11,3,1,0,52,52,0,1,0,0,0,1,0
coremark,7,00,00,0,0,0,23960,23960,0,22044,0,0,0,18999,3045
coremark,7,00,00,0,0,1,138852,138852,0,134906,0,0,0,115691,19215
coremark,7,00,00,0,1,0,1211,1211,0,1150,0,0,0,1112,38
coremark,7,00,00,0,1,1,55010,55010,0,52294,0,0,0,52072,222
coremark,7,00,00,1,0,0,3056,3056,0,1168,0,0,0,1030,138
coremark,7,00,00,1,0,1,1764,1764,0,1706,0,0,0,1542,164
coremark,7,00,00,1,1,0,15406,15406,0,14666,0,0,0,14563,103
coremark,7,00,00,1,1,1,2348,2348,0,1960,0,0,0,1705,255
coremark,7,00,00,2,0,0,55,55,0,22,0,0,0,20,2
coremark,7,00,00,2,0,1,63,63,0,31,0,0,0,22,9
coremark,7,00,00,2,1,0,339,339,0,213,0,0,0,208,5
coremark,7,00,00,2,1,1,14954,14954,0,14896,0,0,0,13114,1782
coremark,7,00,00,3,0,0,3,3,0,3,0,0,0,3,0
coremark,7,00,00,3,1,0,19897,19897,0,15842,0,0,0,15842,0
coremark,7,00,01,0,1,0,792,792,0,240,0,0,0,223,17
coremark,7,00,01,0,1,1,832,832,0,253,0,0,0,178,75
coremark,7,00,01,1,1,0,3485,3485,0,3283,0,0,0,3271,12
coremark,7,00,01,1,1,1,1215,1215,0,950,0,0,0,620,330
coremark,7,00,01,2,1,0,187,187,0,97,0,0,0,97,0
coremark,7,00,01,2,1,1,611,611,0,558,0,0,0,497,61
coremark,7,00,01,3,1,0,4219,4219,0,4212,0,0,0,4212,0
coremark,7,00,10,0,1,0,114,114,0,111,0,0,0,103,8
coremark,7,00,10,0,1,1,1293,0,1293,0,884,817,67,0,0
coremark,7,00,10,1,1,0,2177,2177,0,2163,0,0,0,2129,34
coremark,7,00,10,1,1,1,1808,0,1808,0,1578,1371,207,0,0
coremark,7,00,10,2,1,0,261,261,0,212,0,0,0,212,0
coremark,7,00,10,2,1,1,1824,0,1824,0,1810,1808,2,0,0
coremark,7,00,10,3,1,0,284,284,0,283,0,0,0,283,0
coremark,7,00,11,0,1,0,427,427,0,386,0,0,0,373,13
coremark,7,00,11,0,1,1,10915,0,10915,0,3884,3186,698,0,0
coremark,7,00,11,1,1,0,32993,32993,0,32209,0,0,0,32171,38
coremark,7,00,11,1,1,1,2221,0,2221,0,1765,1399,366,0,0
coremark,7,00,11,2,1,0,592,592,0,535,0,0,0,535,0
coremark,7,00,11,2,1,1,20242,0,20242,0,20091,15743,4348,0,0
coremark,7,00,11,3,1,0,16484,16484,0,14725,0,0,0,14725,0
coremark,7,01,00,0,1,0,195,195,0,186,0,0,0,175,11
coremark,7,01,00,0,1,1,1546,1546,0,1187,0,0,0,1096,91
coremark,7,01,00,1,1,0,649,649,0,352,0,0,0,328,24
coremark,7,01,00,1,1,1,625,625,0,577,0,0,0,339,238
coremark,7,01,00,2,1,0,103,103,0,88,0,0,0,87,1
coremark,7,01,00,2,1,1,1201,1201,0,1187,0,0,0,1175,12
coremark,7,01,00,3,1,0,140,140,0,138,0,0,0,138,0
coremark,7,01,01,0,0,0,6235,6235,0,6089,0,0,0,3709,2380
coremark,7,01,01,0,0,1,33469,33469,0,32514,0,0,0,21041,11473
coremark,7,01,01,0,1,0,46,46,0,45,0,0,0,41,4
coremark,7,01,01,0,1,1,367,367,0,171,0,0,0,136,35
coremark,7,01,01,1,0,0,655,655,0,141,0,0,0,133,8
coremark,7,01,01,1,0,1,651,651,0,630,0,0,0,442,188
coremark,7,01,01,1,1,0,1028,1028,0,906,0,0,0,883,23
coremark,7,01,01,1,1,1,537,537,0,491,0,0,0,228,263
coremark,7,01,01,2,0,0,35,35,0,8,0,0,0,5,3
coremark,7,01,01,2,0,1,29,29,0,24,0,0,0,8,16
coremark,7,01,01,2,1,0,18,18,0,11,0,0,0,11,0
coremark,7,01,01,2,1,1,152,152,0,127,0,0,0,115,12
coremark,7,01,01,3,1,0,344,344,0,342,0,0,0,342,0
coremark,7,01,10,0,1,0,31,31,0,25,0,0,0,23,2
coremark,7,01,10,0,1,1,246,0,246,0,70,29,41,0,0
coremark,7,01,10,1,1,0,271,271,0,73,0,0,0,62,11
coremark,7,01,10,1,1,1,1335,0,1335,0,1268,851,417,0,0
coremark,7,01,10,2,1,0,23,23,0,17,0,0,0,17,0
coremark,7,01,10,2,1,1,579,0,579,0,575,568,7,0,0
coremark,7,01,10,3,1,0,2,2,0,2,0,0,0,2,0
coremark,7,01,11,0,1,0,141,141,0,94,0,0,0,69,25
coremark,7,01,11,0,1,1,510,0,510,0,141,63,78,0,0
coremark,7,01,11,1,1,0,1567,1567,0,1140,0,0,0,1130,10
coremark,7,01,11,1,1,1,413,0,413,0,349,199,150,0,0
coremark,7,01,11,2,1,0,26,26,0,4,0,0,0,4,0
coremark,7,01,11,2,1,1,4438,0,4438,0,4385,4374,11,0,0
coremark,7,01,11,3,1,0,323,323,0,3,0,0,0,3,0
coremark,7,10,00,0,1,0,132,132,0,117,0,0,0,106,11
coremark,7,10,00,0,1,1,635,0,635,0,192,48,144,0,0
coremark,7,10,00,1,1,0,714,714,0,339,0,0,0,317,22
coremark,7,10,00,1,1,1,1542,0,1542,0,1438,1228,210,0,0
coremark,7,10,00,2,1,0,84,84,0,45,0,0,0,45,0
coremark,7,10,00,2,1,1,258,0,258,0,253,2,251,0,0
coremark,7,10,00,3,1,0,5,5,0,5,0,0,0,5,0
coremark,7,10,01,0,1,0,68,68,0,60,0,0,0,55,5
coremark,7,10,01,0,1,1,215,0,215,0,92,48,44,0,0
coremark,7,10,01,1,1,0,158,158,0,59,0,0,0,49,10
coremark,7,10,01,1,1,1,811,0,811,0,666,471,195,0,0
coremark,7,10,01,2,1,0,14,14,0,4,0,0,0,4,0
coremark,7,10,01,2,1,1,32,0,32,0,29,1,28,0,0
coremark,7,10,01,3,1,0,4,4,0,4,0,0,0,4,0
coremark,7,10,10,0,0,0,5945,5945,0,5766,0,0,0,3592,2174
coremark,7,10,10,0,0,1,36957,36957,0,36655,0,0,0,24582,12073
coremark,7,10,10,0,1,0,29,29,0,24,0,0,0,17,7
coremark,7,10,10,0,1,1,157,157,0,71,0,0,0,40,31
coremark,7,10,10,1,0,0,836,836,0,231,0,0,0,213,18
coremark,7,10,10,1,0,1,365,365,0,279,0,0,0,136,143
coremark,7,10,10,1,1,0,263,263,0,68,0,0,0,62,6
coremark,7,10,10,1,1,1,673,673,0,668,0,0,0,119,549
coremark,7,10,10,2,0,0,27,27,0,11,0,0,0,11,0
coremark,7,10,10,2,0,1,9,9,0,6,0,0,0,6,0
coremark,7,10,10,2,1,0,15,15,0,12,0,0,0,12,0
coremark,7,10,10,2,1,1,31,31,0,26,0,0,0,1,25
coremark,7,10,10,3,1,0,1,1,0,1,0,0,0,1,0
coremark,7,10,11,0,1,0,117,117,0,100,0,0,0,50,50
coremark,7,10,11,0,1,1,477,477,0,135,0,0,0,87,48
coremark,7,10,11,1,1,0,962,962,0,860,0,0,0,583,277
coremark,7,10,11,1,1,1,1985,1985,0,1708,0,0,0,1440,268
coremark,7,10,11,2,1,0,6,6,0,1,0,0,0,1,0
coremark,7,10,11,2,1,1,133,133,0,108,0,0,0,0,108
coremark,7,10,11,3,1,0,2,2,0,2,0,0,0,2,0
coremark,7,11,00,0,1,0,197,197,0,128,0,0,0,115,13
coremark,7,11,00,0,1,1,1114,0,1114,0,310,196,114,0,0
coremark,7,11,00,1,1,0,1156,1156,0,816,0,0,0,627,189
coremark,7,11,00,1,1,1,3495,0,3495,0,3310,2873,437,0,0
coremark,7,11,00,2,1,0,117,117,0,53,0,0,0,53,0
coremark,7,11,00,2,1,1,743,0,743,0,659,10,649,0,0
coremark,7,11,00,3,1,0,6,6,0,6,0,0,0,6,0
coremark,7,11,01,0,1,0,131,131,0,45,0,0,0,44,1
coremark,7,11,01,0,1,1,434,0,434,0,198,106,92,0,0
coremark,7,11,01,1,1,0,79,79,0,52,0,0,0,31,21
coremark,7,11,01,1,1,1,1922,0,1922,0,1885,1483,402,0,0
coremark,7,11,01,2,1,0,32,32,0,3,0,0,0,3,0
coremark,7,11,01,2,1,1,27,0,27,0,13,3,10,0,0
coremark,7,11,10,0,1,0,88,88,0,45,0,0,0,37,8
coremark,7,11,10,0,1,1,251,251,0,144,0,0,0,86,58
coremark,7,11,10,1,1,0,86,86,0,73,0,0,0,36,37
coremark,7,11,10,1,1,1,691,691,0,688,0,0,0,665,23
coremark,7,11,10,2,1,0,24,24,0,11,0,0,0,11,0
coremark,7,11,10,2,1,1,24,24,0,15,0,0,0,9,6
coremark,7,11,11,0,0,0,12675,12675,0,11912,0,0,0,5301,6611
coremark,7,11,11,0,0,1,192431,192431,0,189861,0,0,0,163525,26336
coremark,7,11,11,0,1,0,538,538,0,44,0,0,0,18,26
coremark,7,11,11,0,1,1,1038,1038,0,384,0,0,0,296,88
coremark,7,11,11,1,0,0,2086,2086,0,272,0,0,0,257,15
coremark,7,11,11,1,0,1,535,535,0,507,0,0,0,342,165
coremark,7,11,11,1,1,0,1917,1917,0,1266,0,0,0,776,490
coremark,7,11,11,1,1,1,53201,53201,0,52993,0,0,0,50896,2097
coremark,7,11,11,2,0,0,86,86,0,51,0,0,0,34,17
coremark,7,11,11,2,0,1,846,846,0,18,0,0,0,7,11
coremark,7,11,11,2,1,0,108,108,0,0,0,0,0,0,0
coremark,7,11,11,2,1,1,75,75,0,35,0,0,0,17,18
coremark,7,11,11,3,1,0,1,1,0,1,0,0,0,1,0
coremark,8,00,00,0,0,0,23639,23639,0,21572,0,0,0,18512,3060
coremark,8,00,00,0,0,1,161108,161108,0,157647,0,0,0,138430,19217
coremark,8,00,00,0,1,0,1255,1255,0,1202,0,0,0,1160,42
coremark,8,00,00,0,1,1,34867,34867,0,31353,0,0,0,31169,184
coremark,8,00,00,1,0,0,3032,3032,0,1138,0,0,0,997,141
coremark,8,00,00,1,0,1,1741,1741,0,1687,0,0,0,1535,152
coremark,8,00,00,1,1,0,15381,15381,0,14635,0,0,0,14530,105
coremark,8,00,00,1,1,1,2282,2282,0,1869,0,0,0,1571,298
coremark,8,00,00,2,0,0,66,66,0,33,0,0,0,23,10
coremark,8,00,00,2,0,1,63,63,0,32,0,0,0,22,10
coremark,8,00,00,2,1,0,213,213,0,138,0,0,0,133,5
coremark,8,00,00,2,1,1,14998,14998,0,14917,0,0,0,13111,1806
coremark,8,00,00,3,0,0,3,3,0,3,0,0,0,3,0
coremark,8,00,00,3,1,0,19896,19896,0,15841,0,0,0,15841,0
coremark,8,00,01,0,1,0,696,696,0,171,0,0,0,161,10
coremark,8,00,01,0,1,1,1020,1020,0,395,0,0,0,321,74
coremark,8,00,01,1,1,0,3586,3586,0,3373,0,0,0,3363,10
coremark,8,00,01,1,1,1,1293,1293,0,1019,0,0,0,677,342
coremark,8,00,01,2,1,0,163,163,0,72,0,0,0,72,0
coremark,8,00,01,2,1,1,537,537,0,488,0,0,0,449,39
coremark,8,00,01,3,1,0,4218,4218,0,4211,0,0,0,4211,0
coremark,8,00,10,0,1,0,191,191,0,161,0,0,0,144,17
coremark,8,00,10,0,1,1,1374,0,1374,0,651,582,69,0,0
coremark,8,00,10,1,1,0,2208,2208,0,2185,0,0,0,2159,26
coremark,8,00,10,1,1,1,1946,0,1946,0,1710,1446,264,0,0
coremark,8,00,10,2,1,0,223,223,0,195,0,0,0,195,0
coremark,8,00,10,2,1,1,1810,0,1810,0,1797,1791,6,0,0
coremark,8,00,10,3,1,0,284,284,0,283,0,0,0,283,0
coremark,8,00,11,0,1,0,488,488,0,447,0,0,0,429,18
coremark,8,00,11,0,1,1,9576,0,9576,0,2178,1411,767,0,0
coremark,8,00,11,1,1,0,32986,32986,0,32177,0,0,0,32135,42
coremark,8,00,11,1,1,1,2313,0,2313,0,1850,1432,418,0,0
coremark,8,00,11,2,1,0,715,715,0,628,0,0,0,628,0
coremark,8,00,11,2,1,1,20307,0,20307,0,20149,15805,4344,0,0
coremark,8,00,11,3,1,0,16484,16484,0,14725,0,0,0,14725,0
coremark,8,01,00,0,1,0,210,210,0,201,0,0,0,184,17
coremark,8,01,00,0,1,1,714,714,0,377,0,0,0,305,72
coremark,8,01,00,1,1,0,656,656,0,344,0,0,0,320,24
coremark,8,01,00,1,1,1,590,590,0,534,0,0,0,289,245
coremark,8,01,00,2,1,0,110,110,0,74,0,0,0,73,1
coremark,8,01,00,2,1,1,1239,1239,0,1208,0,0,0,1192,16
coremark,8,01,00,3,1,0,140,140,0,138,0,0,0,138,0
coremark,8,01,01,0,0,0,6389,6389,0,6206,0,0,0,3835,2371
coremark,8,01,01,0,0,1,33257,33257,0,32689,0,0,0,21146,11543
coremark,8,01,01,0,1,0,46,46,0,44,0,0,0,41,3
coremark,8,01,01,0,1,1,308,308,0,115,0,0,0,70,45
coremark,8,01,01,1,0,0,739,739,0,233,0,0,0,223,10
coremark,8,01,01,1,0,1,633,633,0,615,0,0,0,449,166
coremark,8,01,01,1,1,0,794,794,0,678,0,0,0,652,26
coremark,8,01,01,1,1,1,520,520,0,476,0,0,0,231,245
coremark,8,01,01,2,0,0,33,33,0,8,0,0,0,6,2
coremark,8,01,01,2,0,1,35,35,0,32,0,0,0,8,24
coremark,8,01,01,2,1,0,26,26,0,12,0,0,0,12,0
coremark,8,01,01,2,1,1,102,102,0,97,0,0,0,86,11
coremark,8,01,01,3,1,0,345,345,0,343,0,0,0,343,0
coremark,8,01,10,0,1,0,25,25,0,20,0,0,0,18,2
coremark,8,01,10,0,1,1,233,0,233,0,120,55,65,0,0
coremark,8,01,10,1,1,0,504,504,0,308,0,0,0,299,9
coremark,8,01,10,1,1,1,1397,0,1397,0,1342,877,465,0,0
coremark,8,01,10,2,1,0,27,27,0,25,0,0,0,25,0
coremark,8,01,10,2,1,1,587,0,587,0,576,574,2,0,0
coremark,8,01,10,3,1,0,2,2,0,2,0,0,0,2,0
coremark,8,01,11,0,1,0,186,186,0,139,0,0,0,110,29
coremark,8,01,11,0,1,1,835,0,835,0,615,511,104,0,0
coremark,8,01,11,1,1,0,1474,1474,0,1092,0,0,0,1080,12
coremark,8,01,11,1,1,1,390,0,390,0,351,199,152,0,0
coremark,8,01,11,2,1,0,34,34,0,14,0,0,0,14,0
coremark,8,01,11,2,1,1,4436,0,4436,0,4382,4372,10,0,0
coremark,8,01,11,3,1,0,323,323,0,3,0,0,0,3,0
coremark,8,10,00,0,1,0,189,189,0,174,0,0,0,164,10
coremark,8,10,00,0,1,1,591,0,591,0,326,72,254,0,0
coremark,8,10,00,1,1,0,713,713,0,332,0,0,0,313,19
coremark,8,10,00,1,1,1,776,0,776,0,714,523,191,0,0
coremark,8,10,00,2,1,0,103,103,0,46,0,0,0,46,0
coremark,8,10,00,2,1,1,260,0,260,0,250,3,247,0,0
coremark,8,10,00,3,1,0,5,5,0,5,0,0,0,5,0
coremark,8,10,01,0,1,0,57,57,0,50,0,0,0,45,5
coremark,8,10,01,0,1,1,303,0,303,0,144,66,78,0,0
coremark,8,10,01,1,1,0,163,163,0,78,0,0,0,63,15
coremark,8,10,01,1,1,1,834,0,834,0,692,494,198,0,0
coremark,8,10,01,2,1,0,12,12,0,6,0,0,0,6,0
coremark,8,10,01,2,1,1,18,0,18,0,17,1,16,0,0
coremark,8,10,01,3,1,0,4,4,0,4,0,0,0,4,0
coremark,8,10,10,0,0,0,5931,5931,0,5800,0,0,0,3603,2197
coremark,8,10,10,0,0,1,37065,37065,0,36730,0,0,0,24575,12155
coremark,8,10,10,0,1,0,43,43,0,32,0,0,0,25,7
coremark,8,10,10,0,1,1,131,131,0,65,0,0,0,30,35
coremark,8,10,10,1,0,0,854,854,0,237,0,0,0,219,18
coremark,8,10,10,1,0,1,354,354,0,282,0,0,0,124,158
coremark,8,10,10,1,1,0,227,227,0,39,0,0,0,37,2
coremark,8,10,10,1,1,1,1458,1458,0,1447,0,0,0,897,550
coremark,8,10,10,2,0,0,24,24,0,8,0,0,0,8,0
coremark,8,10,10,2,0,1,23,23,0,12,0,0,0,12,0
coremark,8,10,10,2,1,0,12,12,0,12,0,0,0,12,0
coremark,8,10,10,2,1,1,32,32,0,27,0,0,0,0,27
coremark,8,10,10,3,1,0,1,1,0,1,0,0,0,1,0
coremark,8,10,11,0,1,0,173,173,0,156,0,0,0,107,49
coremark,8,10,11,0,1,1,445,445,0,192,0,0,0,100,92
coremark,8,10,11,1,1,0,962,962,0,863,0,0,0,591,272
coremark,8,10,11,1,1,1,1976,1976,0,1648,0,0,0,1376,272
coremark,8,10,11,2,1,0,12,12,0,2,0,0,0,2,0
coremark,8,10,11,2,1,1,133,133,0,100,0,0,0,0,100
coremark,8,10,11,3,1,0,2,2,0,2,0,0,0,2,0
coremark,8,11,00,0,1,0,247,247,0,178,0,0,0,173,5
coremark,8,11,00,0,1,1,847,0,847,0,387,217,170,0,0
coremark,8,11,00,1,1,0,1180,1180,0,844,0,0,0,633,211
coremark,8,11,00,1,1,1,5673,0,5673,0,5486,4979,507,0,0
coremark,8,11,00,2,1,0,115,115,0,53,0,0,0,53,0
coremark,8,11,00,2,1,1,745,0,745,0,661,10,651,0,0
coremark,8,11,00,3,1,0,6,6,0,6,0,0,0,6,0
coremark,8,11,01,0,1,0,150,150,0,77,0,0,0,75,2
coremark,8,11,01,0,1,1,364,0,364,0,172,85,87,0,0
coremark,8,11,01,1,1,0,81,81,0,55,0,0,0,27,28
coremark,8,11,01,1,1,1,37412,0,37412,0,37311,35597,1714,0,0
coremark,8,11,01,2,1,0,30,30,0,3,0,0,0,3,0
coremark,8,11,01,2,1,1,25,0,25,0,11,3,8,0,0
coremark,8,11,10,0,1,0,89,89,0,36,0,0,0,29,7
coremark,8,11,10,0,1,1,232,232,0,148,0,0,0,89,59
coremark,8,11,10,1,1,0,81,81,0,63,0,0,0,26,37
coremark,8,11,10,1,1,1,4816,4816,0,4797,0,0,0,4631,166
coremark,8,11,10,2,1,0,34,34,0,11,0,0,0,11,0
coremark,8,11,10,2,1,1,13,13,0,8,0,0,0,2,6
coremark,8,11,11,0,0,0,12420,12420,0,11794,0,0,0,5253,6541
coremark,8,11,11,0,0,1,192319,192319,0,189694,0,0,0,163362,26332
coremark,8,11,11,0,1,0,591,591,0,87,0,0,0,61,26
coremark,8,11,11,0,1,1,1214,1214,0,402,0,0,0,305,97
coremark,8,11,11,1,0,0,2056,2056,0,263,0,0,0,248,15
coremark,8,11,11,1,0,1,446,446,0,435,0,0,0,276,159
coremark,8,11,11,1,1,0,2009,2009,0,1278,0,0,0,783,495
coremark,8,11,11,1,1,1,11245,11245,0,11132,0,0,0,10555,577
coremark,8,11,11,2,0,0,77,77,0,42,0,0,0,32,10
coremark,8,11,11,2,0,1,842,842,0,11,0,0,0,0,11
coremark,8,11,11,2,1,0,111,111,0,3,0,0,0,3,0
coremark,8,11,11,2,1,1,73,73,0,36,0,0,0,17,19
coremark,8,11,11,3,1,0,1,1,0,1,0,0,0,1,0
crc32,6,00,00,0,0,0,175,175,0,175,0,0,0,174,1
crc32,6,00,01,0,1,0,7,7,0,0,0,0,0,0,0
crc32,6,01,01,0,0,0,180,180,0,9,0,0,0,7,2
crc32,6,01,01,0,0,1,176,176,0,176,0,0,0,0,176
crc32,6,01,01,1,0,0,1,1,0,1,0,0,0,0,1
crc32,6,01,01,1,1,1,1,1,0,0,0,0,0,0,0
crc32,6,10,01,0,1,1,1,0,1,0,0,0,0,0,0
crc32,6,10,10,0,0,0,1,1,0,0,0,0,0,0,0
crc32,6,10,10,0,0,1,178,178,0,178,0,0,0,178,0
crc32,6,10,10,1,0,1,170,170,0,170,0,0,0,1,169
crc32,6,11,11,0,0,1,174919,174919,0,174919,0,0,0,174748,171
crc32,7,00,00,0,0,0,175,175,0,175,0,0,0,174,1
crc32,7,00,01,0,1,0,7,7,0,0,0,0,0,0,0
crc32,7,01,01,0,0,0,180,180,0,9,0,0,0,7,2
crc32,7,01,01,0,0,1,176,176,0,176,0,0,0,0,176
crc32,7,01,01,1,0,0,1,1,0,1,0,0,0,0,1
crc32,7,01,01,1,1,1,1,1,0,0,0,0,0,0,0
crc32,7,10,10,0,0,0,1,1,0,0,0,0,0,0,0
crc32,7,10,10,0,0,1,178,178,0,178,0,0,0,178,0
crc32,7,10,10,1,0,1,170,170,0,170,0,0,0,1,169
crc32,7,11,11,0,0,1,174919,174919,0,174919,0,0,0,174748,171
crc32,8,00,00,0,0,0,175,175,0,175,0,0,0,174,1
crc32,8,00,01,0,1,0,7,7,0,0,0,0,0,0,0
crc32,8,01,01,0,0,0,179,179,0,9,0,0,0,7,2
crc32,8,01,01,0,0,1,169,169,0,169,0,0,0,0,169
crc32,8,01,01,0,1,1,5,5,0,5,0,0,0,0,5
crc32,8,01,01,1,0,0,1,1,0,1,0,0,0,0,1
crc32,8,01,10,0,1,1,3,0,3,0,3,0,3,0,0
crc32,8,01,10,1,1,1,1,0,1,0,0,0,0,0,0
crc32,8,10,01,0,1,1,3,0,3,0,3,3,0,0,0
crc32,8,10,10,0,0,0,1,1,0,0,0,0,0,0,0
crc32,8,10,10,0,0,1,2,2,0,2,0,0,0,2,0
crc32,8,10,10,1,0,1,170,170,0,170,0,0,0,1,169
crc32,8,10,11,0,1,1,171,171,0,171,0,0,0,171,0
crc32,8,11,01,0,1,1,1354,0,1354,0,1354,1353,1,0,0
crc32,8,11,11,0,0,0,1,1,0,0,0,0,0,0,0
crc32,8,11,11,0,0,1,173230,173230,0,173230,0,0,0,173060,170
crc32,8,11,11,0,1,1,336,336,0,336,0,0,0,336,0
edn,6,00,00,0,0,0,484,484,0,484,0,0,0,482,2
edn,6,00,00,0,0,1,985,985,0,985,0,0,0,902,83
edn,6,00,01,0,1,0,406,406,0,0,0,0,0,0,0
edn,6,00,10,0,1,0,1,1,0,1,0,0,0,0,1
edn,6,00,11,1,1,0,784,784,0,784,0,0,0,784,0
edn,6,01,01,0,0,0,19,19,0,19,0,0,0,9,10
edn,6,01,01,0,0,1,193,193,0,193,0,0,0,82,111
edn,6,01,01,1,0,1,1,1,0,1,0,0,0,0,1
edn,6,01,10,0,1,1,1,0,1,0,1,0,1,0,0
edn,6,01,11,0,1,0,1,1,0,1,0,0,0,1,0
edn,6,01,11,0,1,1,1,0,1,0,1,0,1,0,0
edn,6,01,11,1,1,0,3,3,0,3,0,0,0,3,0
edn,6,01,11,1,1,1,3,0,3,0,3,0,3,0,0
edn,6,10,10,0,0,0,88,88,0,88,0,0,0,3,85
edn,6,10,10,0,0,1,9458,9458,0,9458,0,0,0,9376,82
edn,6,10,11,0,1,1,1,1,0,1,0,0,0,1,0
edn,6,10,11,1,1,0,5,5,0,5,0,0,0,4,1
edn,6,10,11,1,1,1,3,3,0,3,0,0,0,3,0
edn,6,11,01,0,1,0,1,1,0,1,0,0,0,1,0
edn,6,11,10,0,1,1,80,80,0,80,0,0,0,80,0
edn,6,11,11,0,0,0,738,738,0,735,0,0,0,4,731
edn,6,11,11,0,0,1,331436,331436,0,331355,0,0,0,321844,9511
edn,6,11,11,0,1,0,1,1,0,1,0,0,0,1,0
edn,6,11,11,0,1,1,236,236,0,236,0,0,0,236,0
edn,6,11,11,1,0,1,4,4,0,4,0,0,0,4,0
edn,6,11,11,1,1,0,3,3,0,3,0,0,0,3,0
edn,6,11,11,1,1,1,788,788,0,788,0,0,0,787,1
edn,7,00,00,0,0,0,484,484,0,484,0,0,0,482,2
edn,7,00,00,0,0,1,985,985,0,985,0,0,0,902,83
edn,7,00,00,0,1,0,784,784,0,784,0,0,0,784,0
edn,7,00,01,0,1,0,406,406,0,0,0,0,0,0,0
edn,7,00,10,0,1,0,1,1,0,1,0,0,0,0,1
edn,7,01,00,0,1,0,1,1,0,1,0,0,0,1,0
edn,7,01,01,0,0,0,19,19,0,19,0,0,0,9,10
edn,7,01,01,0,0,1,193,193,0,193,0,0,0,82,111
edn,7,01,01,0,1,0,2,2,0,2,0,0,0,2,0
edn,7,01,01,1,0,1,1,1,0,1,0,0,0,0,1
edn,7,01,10,0,1,1,1,0,1,0,1,0,1,0,0
edn,7,01,11,0,1,0,1,1,0,1,0,0,0,1,0
edn,7,01,11,0,1,1,1,0,1,0,1,0,1,0,0
edn,7,01,11,1,1,1,3,0,3,0,3,0,3,0,0
edn,7,10,00,0,1,0,2,2,0,2,0,0,0,2,0
edn,7,10,01,0,1,0,1,1,0,1,0,0,0,1,0
edn,7,10,10,0,0,0,88,88,0,88,0,0,0,3,85
edn,7,10,10,0,0,1,9458,9458,0,9458,0,0,0,9376,82
edn,7,10,10,0,1,0,1,1,0,1,0,0,0,1,0
edn,7,10,11,0,1,1,1,1,0,1,0,0,0,1,0
edn,7,10,11,1,1,0,1,1,0,1,0,0,0,0,1
edn,7,10,11,1,1,1,3,3,0,3,0,0,0,3,0
edn,7,11,01,0,1,0,3,3,0,3,0,0,0,3,0
edn,7,11,10,0,1,1,80,80,0,80,0,0,0,80,0
edn,7,11,11,0,0,0,738,738,0,735,0,0,0,4,731
edn,7,11,11,0,0,1,331436,331436,0,331355,0,0,0,321844,9511
edn,7,11,11,0,1,0,2,2,0,2,0,0,0,2,0
edn,7,11,11,0,1,1,236,236,0,236,0,0,0,236,0
edn,7,11,11,1,0,1,4,4,0,4,0,0,0,4,0
edn,7,11,11,1,1,1,788,788,0,788,0,0,0,787,1
edn,8,00,00,0,0,0,484,484,0,484,0,0,0,482,2
edn,8,00,00,0,0,1,985,985,0,985,0,0,0,902,83
edn,8,00,00,0,1,0,784,784,0,784,0,0,0,784,0
edn,8,00,01,0,1,0,406,406,0,0,0,0,0,0,0
edn,8,00,10,0,1,0,1,1,0,1,0,0,0,0,1
edn,8,01,00,0,1,0,1,1,0,1,0,0,0,1,0
edn,8,01,01,0,0,0,19,19,0,19,0,0,0,9,10
edn,8,01,01,0,0,1,193,193,0,193,0,0,0,82,111
edn,8,01,01,0,1,0,2,2,0,2,0,0,0,2,0
edn,8,01,01,1,0,1,1,1,0,1,0,0,0,0,1
edn,8,01,10,0,1,1,1,0,1,0,1,0,1,0,0
edn,8,01,11,0,1,0,1,1,0,1,0,0,0,1,0
edn,8,01,11,0,1,1,1,0,1,0,1,0,1,0,0
edn,8,01,11,1,1,1,3,0,3,0,3,0,3,0,0
edn,8,10,00,0,1,0,2,2,0,2,0,0,0,2,0
edn,8,10,01,0,1,0,1,1,0,1,0,0,0,1,0
edn,8,10,10,0,0,0,88,88,0,88,0,0,0,3,85
edn,8,10,10,0,0,1,9458,9458,0,9458,0,0,0,9376,82
edn,8,10,10,0,1,0,1,1,0,1,0,0,0,1,0
edn,8,10,11,0,1,1,1,1,0,1,0,0,0,1,0
edn,8,10,11,1,1,0,1,1,0,1,0,0,0,0,1
edn,8,10,11,1,1,1,3,3,0,3,0,0,0,3,0
edn,8,11,01,0,1,0,3,3,0,3,0,0,0,3,0
edn,8,11,10,0,1,1,80,80,0,80,0,0,0,80,0
edn,8,11,11,0,0,0,738,738,0,735,0,0,0,4,731
edn,8,11,11,0,0,1,331436,331436,0,331355,0,0,0,321844,9511
edn,8,11,11,0,1,0,2,2,0,2,0,0,0,2,0
edn,8,11,11,0,1,1,236,236,0,236,0,0,0,236,0
edn,8,11,11,1,0,1,4,4,0,4,0,0,0,4,0
edn,8,11,11,1,1,1,788,788,0,788,0,0,0,787,1
huffbench,6,00,00,0,0,0,13481,13481,0,13338,0,0,0,13262,76
huffbench,6,00,00,0,0,1,82439,82439,0,81629,0,0,0,52244,29385
huffbench,6,00,00,0,1,0,2788,2788,0,2788,0,0,0,2766,22
huffbench,6,00,00,0,1,1,2454,2454,0,2430,0,0,0,2418,12
huffbench,6,00,00,1,0,0,389,389,0,339,0,0,0,339,0
huffbench,6,00,00,1,0,1,1699,1699,0,1699,0,0,0,1177,522
huffbench,6,00,00,1,1,0,2264,2264,0,1207,0,0,0,1206,1
huffbench,6,00,00,1,1,1,20625,20625,0,13922,0,0,0,12915,1007
huffbench,6,00,00,2,0,0,1,1,0,0,0,0,0,0,0
huffbench,6,00,00,2,1,0,170,170,0,124,0,0,0,112,12
huffbench,6,00,00,2,1,1,6587,6587,0,4409,0,0,0,3896,513
huffbench,6,00,01,0,1,0,4192,4192,0,2007,0,0,0,2007,0
huffbench,6,00,01,0,1,1,197,197,0,166,0,0,0,117,49
huffbench,6,00,01,1,1,0,2180,2180,0,1756,0,0,0,1745,11
huffbench,6,00,01,1,1,1,71319,71319,0,67922,0,0,0,64845,3077
huffbench,6,00,01,2,1,0,24,24,0,21,0,0,0,21,0
huffbench,6,00,01,2,1,1,4474,4474,0,2822,0,0,0,2356,466
huffbench,6,00,10,0,1,0,2725,2725,0,2725,0,0,0,2713,12
huffbench,6,00,10,0,1,1,241,0,241,0,231,199,32,0,0
huffbench,6,00,10,1,1,0,91,91,0,40,0,0,0,40,0
huffbench,6,00,10,1,1,1,4958,0,4958,0,4100,3373,727,0,0
huffbench,6,00,10,2,1,0,123,123,0,99,0,0,0,99,0
huffbench,6,00,10,2,1,1,4106,0,4106,0,2534,2238,296,0,0
huffbench,6,00,11,0,1,0,485,485,0,484,0,0,0,484,0
huffbench,6,00,11,0,1,1,309,0,309,0,177,121,56,0,0
huffbench,6,00,11,1,1,0,153,153,0,61,0,0,0,61,0
huffbench,6,00,11,1,1,1,24565,0,24565,0,19040,15909,3131,0,0
huffbench,6,00,11,2,1,0,887,887,0,774,0,0,0,774,0
huffbench,6,00,11,2,1,1,14979,0,14979,0,12528,12167,361,0,0
huffbench,6,01,00,0,1,0,39,39,0,39,0,0,0,39,0
huffbench,6,01,00,0,1,1,78,78,0,56,0,0,0,52,4
huffbench,6,01,00,1,1,0,167,167,0,72,0,0,0,71,1
huffbench,6,01,00,1,1,1,14297,14297,0,9143,0,0,0,7831,1312
huffbench,6,01,00,2,1,0,3,3,0,3,0,0,0,3,0
huffbench,6,01,00,2,1,1,1175,1175,0,580,0,0,0,580,0
huffbench,6,01,01,0,0,0,5371,5371,0,5298,0,0,0,5248,50
huffbench,6,01,01,0,0,1,37667,37667,0,36524,0,0,0,21639,14885
huffbench,6,01,01,0,1,0,547,547,0,545,0,0,0,543,2
huffbench,6,01,01,0,1,1,202,202,0,36,0,0,0,4,32
huffbench,6,01,01,1,0,0,43,43,0,25,0,0,0,25,0
huffbench,6,01,01,1,0,1,607,607,0,607,0,0,0,369,238
huffbench,6,01,01,1,1,0,69,69,0,56,0,0,0,46,10
huffbench,6,01,01,1,1,1,5705,5705,0,4037,0,0,0,3372,665
huffbench,6,01,01,2,0,0,2,2,0,2,0,0,0,2,0
huffbench,6,01,01,2,0,1,22,22,0,22,0,0,0,22,0
huffbench,6,01,01,2,1,0,4,4,0,4,0,0,0,4,0
huffbench,6,01,01,2,1,1,995,995,0,455,0,0,0,455,0
huffbench,6,01,10,0,1,0,34,34,0,34,0,0,0,22,12
huffbench,6,01,10,0,1,1,24,0,24,0,23,7,16,0,0
huffbench,6,01,10,1,1,0,39,39,0,34,0,0,0,34,0
huffbench,6,01,10,1,1,1,1308,0,1308,0,894,514,380,0,0
huffbench,6,01,10,2,1,0,17,17,0,16,0,0,0,16,0
huffbench,6,01,10,2,1,1,2418,0,2418,0,981,872,109,0,0
huffbench,6,01,11,0,1,0,34,34,0,34,0,0,0,34,0
huffbench,6,01,11,0,1,1,146,0,146,0,51,21,30,0,0
huffbench,6,01,11,1,1,0,89,89,0,37,0,0,0,37,0
huffbench,6,01,11,1,1,1,3344,0,3344,0,2426,1867,559,0,0
huffbench,6,01,11,2,1,0,28,28,0,28,0,0,0,28,0
huffbench,6,01,11,2,1,1,600,0,600,0,419,418,1,0,0
huffbench,6,10,00,0,1,0,72,72,0,72,0,0,0,72,0
huffbench,6,10,00,0,1,1,330,0,330,0,42,5,37,0,0
huffbench,6,10,00,1,1,0,105,105,0,50,0,0,0,50,0
huffbench,6,10,00,1,1,1,8286,0,8286,0,5149,1316,3833,0,0
huffbench,6,10,00,2,1,1,683,0,683,0,0,0,0,0,0
huffbench,6,10,01,0,1,0,34,34,0,23,0,0,0,23,0
huffbench,6,10,01,0,1,1,264,0,264,0,44,39,5,0,0
huffbench,6,10,01,1,1,0,376,376,0,348,0,0,0,347,1
huffbench,6,10,01,1,1,1,5039,0,5039,0,4317,572,3745,0,0
huffbench,6,10,01,2,1,0,1,1,0,0,0,0,0,0,0
huffbench,6,10,01,2,1,1,146,0,146,0,0,0,0,0,0
huffbench,6,10,10,0,0,0,508,508,0,456,0,0,0,406,50
huffbench,6,10,10,0,0,1,34975,34975,0,33754,0,0,0,21285,12469
huffbench,6,10,10,0,1,0,1,1,0,1,0,0,0,1,0
huffbench,6,10,10,0,1,1,176,176,0,19,0,0,0,12,7
huffbench,6,10,10,1,0,0,114,114,0,24,0,0,0,24,0
huffbench,6,10,10,1,0,1,903,903,0,903,0,0,0,635,268
huffbench,6,10,10,1,1,0,34,34,0,29,0,0,0,18,11
huffbench,6,10,10,1,1,1,871,871,0,683,0,0,0,274,409
huffbench,6,10,10,2,1,0,3,3,0,3,0,0,0,3,0
huffbench,6,10,10,2,1,1,1482,1482,0,614,0,0,0,59,555
huffbench,6,10,11,0,1,0,23,23,0,13,0,0,0,12,1
huffbench,6,10,11,0,1,1,2649,2649,0,2424,0,0,0,2414,10
huffbench,6,10,11,1,1,0,74,74,0,14,0,0,0,14,0
huffbench,6,10,11,1,1,1,2204,2204,0,1613,0,0,0,768,845
huffbench,6,10,11,2,1,0,12,12,0,0,0,0,0,0,0
huffbench,6,10,11,2,1,1,100,100,0,23,0,0,0,0,23
huffbench,6,11,00,0,1,0,36,36,0,36,0,0,0,36,0
huffbench,6,11,00,0,1,1,436,0,436,0,76,25,51,0,0
huffbench,6,11,00,1,1,0,96,96,0,52,0,0,0,52,0
huffbench,6,11,00,1,1,1,8126,0,8126,0,4593,1527,3066,0,0
huffbench,6,11,00,2,1,1,4831,0,4831,0,0,0,0,0,0
huffbench,6,11,01,0,1,0,26,26,0,26,0,0,0,24,2
huffbench,6,11,01,0,1,1,5477,0,5477,0,491,475,16,0,0
huffbench,6,11,01,1,1,0,130,130,0,67,0,0,0,67,0
huffbench,6,11,01,1,1,1,7722,0,7722,0,6402,2564,3838,0,0
huffbench,6,11,01,2,1,1,303,0,303,0,0,0,0,0,0
huffbench,6,11,10,0,1,0,26,26,0,22,0,0,0,11,11
huffbench,6,11,10,0,1,1,128,128,0,52,0,0,0,41,11
huffbench,6,11,10,1,1,0,30,30,0,27,0,0,0,27,0
huffbench,6,11,10,1,1,1,1309,1309,0,1064,0,0,0,458,606
huffbench,6,11,10,2,1,1,1808,1808,0,557,0,0,0,68,489
huffbench,6,11,11,0,0,0,860,860,0,669,0,0,0,574,95
huffbench,6,11,11,0,0,1,176828,176828,0,169453,0,0,0,150740,18713
huffbench,6,11,11,0,1,0,467,467,0,443,0,0,0,443,0
huffbench,6,11,11,0,1,1,321,321,0,263,0,0,0,197,66
huffbench,6,11,11,1,0,0,59,59,0,35,0,0,0,33,2
huffbench,6,11,11,1,0,1,94962,94962,0,94938,0,0,0,94616,322
huffbench,6,11,11,1,1,0,38,38,0,22,0,0,0,22,0
huffbench,6,11,11,1,1,1,7409,7409,0,7007,0,0,0,4767,2240
huffbench,6,11,11,2,0,0,14,14,0,14,0,0,0,14,0
huffbench,6,11,11,2,0,1,22,22,0,22,0,0,0,0,22
huffbench,6,11,11,2,1,0,12,12,0,12,0,0,0,12,0
huffbench,6,11,11,2,1,1,581,581,0,47,0,0,0,36,11
huffbench,7,00,00,0,0,0,13481,13481,0,13338,0,0,0,13262,76
huffbench,7,00,00,0,0,1,82128,82128,0,81664,0,0,0,52244,29420
huffbench,7,00,00,0,1,0,4636,4636,0,4636,0,0,0,4603,33
huffbench,7,00,00,0,1,1,2454,2454,0,2430,0,0,0,2418,12
huffbench,7,00,00,1,0,0,389,389,0,339,0,0,0,339,0
huffbench,7,00,00,1,0,1,1699,1699,0,1699,0,0,0,1177,522
huffbench,7,00,00,1,1,0,1234,1234,0,1041,0,0,0,1041,0
huffbench,7,00,00,1,1,1,20601,20601,0,13922,0,0,0,12915,1007
huffbench,7,00,00,2,0,0,1,1,0,0,0,0,0,0,0
huffbench,7,00,00,2,1,0,159,159,0,124,0,0,0,112,12
huffbench,7,00,00,2,1,1,5042,5042,0,4409,0,0,0,3896,513
huffbench,7,00,01,0,1,0,4202,4202,0,2017,0,0,0,2017,0
huffbench,7,00,01,0,1,1,197,197,0,166,0,0,0,117,49
huffbench,7,00,01,1,1,0,96,96,0,65,0,0,0,64,1
huffbench,7,00,01,1,1,1,71319,71319,0,67922,0,0,0,64845,3077
huffbench,7,00,01,2,1,0,24,24,0,21,0,0,0,21,0
huffbench,7,00,01,2,1,1,3203,3203,0,2822,0,0,0,2356,466
huffbench,7,00,10,0,1,0,2725,2725,0,2725,0,0,0,2713,12
huffbench,7,00,10,0,1,1,243,0,243,0,233,199,34,0,0
huffbench,7,00,10,1,1,0,79,79,0,40,0,0,0,40,0
huffbench,7,00,10,1,1,1,4946,0,4946,0,4100,3373,727,0,0
huffbench,7,00,10,2,1,0,123,123,0,99,0,0,0,99,0
huffbench,7,00,10,2,1,1,3539,0,3539,0,2534,2238,296,0,0
huffbench,7,00,11,0,1,0,485,485,0,484,0,0,0,484,0
huffbench,7,00,11,0,1,1,309,0,309,0,177,121,56,0,0
huffbench,7,00,11,1,1,0,128,128,0,60,0,0,0,60,0
huffbench,7,00,11,1,1,1,24528,0,24528,0,19003,15909,3094,0,0
huffbench,7,00,11,2,1,0,887,887,0,774,0,0,0,774,0
huffbench,7,00,11,2,1,1,13982,0,13982,0,12528,12167,361,0,0
huffbench,7,01,00,0,1,0,63,63,0,63,0,0,0,63,0
huffbench,7,01,00,0,1,1,56,56,0,56,0,0,0,52,4
huffbench,7,01,00,1,1,0,130,130,0,70,0,0,0,69,1
huffbench,7,01,00,1,1,1,14297,14297,0,9143,0,0,0,7831,1312
huffbench,7,01,00,2,1,0,3,3,0,3,0,0,0,3,0
huffbench,7,01,00,2,1,1,846,846,0,580,0,0,0,580,0
huffbench,7,01,01,0,0,0,5371,5371,0,5298,0,0,0,5248,50
huffbench,7,01,01,0,0,1,37575,37575,0,36546,0,0,0,21639,14907
huffbench,7,01,01,0,1,0,547,547,0,545,0,0,0,543,2
huffbench,7,01,01,0,1,1,203,203,0,37,0,0,0,4,33
huffbench,7,01,01,1,0,0,43,43,0,25,0,0,0,25,0
huffbench,7,01,01,1,0,1,607,607,0,607,0,0,0,369,238
huffbench,7,01,01,1,1,0,47,47,0,35,0,0,0,25,10
huffbench,7,01,01,1,1,1,5691,5691,0,4025,0,0,0,3372,653
huffbench,7,01,01,2,0,0,2,2,0,2,0,0,0,2,0
huffbench,7,01,01,2,0,1,22,22,0,22,0,0,0,22,0
huffbench,7,01,01,2,1,0,4,4,0,4,0,0,0,4,0
huffbench,7,01,01,2,1,1,720,720,0,455,0,0,0,455,0
huffbench,7,01,10,0,1,0,34,34,0,34,0,0,0,22,12
huffbench,7,01,10,0,1,1,27,0,27,0,26,7,19,0,0
huffbench,7,01,10,1,1,0,38,38,0,33,0,0,0,33,0
huffbench,7,01,10,1,1,1,1283,0,1283,0,881,514,367,0,0
huffbench,7,01,10,2,1,0,17,17,0,16,0,0,0,16,0
huffbench,7,01,10,2,1,1,2295,0,2295,0,981,872,109,0,0
huffbench,7,01,11,0,1,0,34,34,0,34,0,0,0,34,0
huffbench,7,01,11,0,1,1,148,0,148,0,53,21,32,0,0
huffbench,7,01,11,1,1,0,89,89,0,37,0,0,0,37,0
huffbench,7,01,11,1,1,1,3341,0,3341,0,2423,1867,556,0,0
huffbench,7,01,11,2,1,0,28,28,0,28,0,0,0,28,0
huffbench,7,01,11,2,1,1,514,0,514,0,419,418,1,0,0
huffbench,7,10,00,0,1,0,95,95,0,95,0,0,0,95,0
huffbench,7,10,00,0,1,1,42,0,42,0,42,5,37,0,0
huffbench,7,10,00,1,1,0,45,45,0,27,0,0,0,27,0
huffbench,7,10,00,1,1,1,8285,0,8285,0,5149,1316,3833,0,0
huffbench,7,10,00,2,1,1,681,0,681,0,0,0,0,0,0
huffbench,7,10,01,0,1,0,34,34,0,23,0,0,0,23,0
huffbench,7,10,01,0,1,1,227,0,227,0,55,50,5,0,0
huffbench,7,10,01,1,1,0,40,40,0,12,0,0,0,12,0
huffbench,7,10,01,1,1,1,5027,0,5027,0,4305,560,3745,0,0
huffbench,7,10,01,2,1,0,1,1,0,0,0,0,0,0,0
huffbench,7,10,01,2,1,1,146,0,146,0,0,0,0,0,0
huffbench,7,10,10,0,0,0,508,508,0,456,0,0,0,406,50
huffbench,7,10,10,0,0,1,35035,35035,0,33814,0,0,0,21345,12469
huffbench,7,10,10,0,1,0,2,2,0,2,0,0,0,2,0
huffbench,7,10,10,0,1,1,189,189,0,32,0,0,0,25,7
huffbench,7,10,10,1,0,0,114,114,0,24,0,0,0,24,0
huffbench,7,10,10,1,0,1,831,831,0,831,0,0,0,563,268
huffbench,7,10,10,1,1,0,33,33,0,28,0,0,0,17,11
huffbench,7,10,10,1,1,1,857,857,0,669,0,0,0,260,409
huffbench,7,10,10,2,1,0,3,3,0,3,0,0,0,3,0
huffbench,7,10,10,2,1,1,1481,1481,0,614,0,0,0,59,555
huffbench,7,10,11,0,1,0,23,23,0,13,0,0,0,12,1
huffbench,7,10,11,0,1,1,2661,2661,0,2436,0,0,0,2426,10
huffbench,7,10,11,1,1,0,74,74,0,14,0,0,0,14,0
huffbench,7,10,11,1,1,1,2134,2134,0,1543,0,0,0,698,845
huffbench,7,10,11,2,1,1,100,100,0,23,0,0,0,0,23
huffbench,7,11,00,0,1,0,407,407,0,407,0,0,0,406,1
huffbench,7,11,00,0,1,1,424,0,424,0,76,25,51,0,0
huffbench,7,11,00,1,1,0,70,70,0,49,0,0,0,49,0
huffbench,7,11,00,1,1,1,8127,0,8127,0,4629,1563,3066,0,0
huffbench,7,11,00,2,1,1,4830,0,4830,0,0,0,0,0,0
huffbench,7,11,01,0,1,0,26,26,0,26,0,0,0,24,2
huffbench,7,11,01,0,1,1,5508,0,5508,0,534,518,16,0,0
huffbench,7,11,01,1,1,0,86,86,0,35,0,0,0,35,0
huffbench,7,11,01,1,1,1,7577,0,7577,0,6367,2529,3838,0,0
huffbench,7,11,01,2,1,1,303,0,303,0,0,0,0,0,0
huffbench,7,11,10,0,1,0,26,26,0,22,0,0,0,11,11
huffbench,7,11,10,0,1,1,184,184,0,108,0,0,0,97,11
huffbench,7,11,10,1,1,0,19,19,0,16,0,0,0,16,0
huffbench,7,11,10,1,1,1,1228,1228,0,1003,0,0,0,397,606
huffbench,7,11,10,2,1,1,1808,1808,0,557,0,0,0,68,489
huffbench,7,11,11,0,0,0,860,860,0,669,0,0,0,574,95
huffbench,7,11,11,0,0,1,270913,270913,0,263978,0,0,0,245181,18797
huffbench,7,11,11,0,1,0,478,478,0,454,0,0,0,454,0
huffbench,7,11,11,0,1,1,420,420,0,362,0,0,0,296,66
huffbench,7,11,11,1,0,0,59,59,0,35,0,0,0,33,2
huffbench,7,11,11,1,0,1,545,545,0,521,0,0,0,283,238
huffbench,7,11,11,1,1,0,38,38,0,22,0,0,0,22,0
huffbench,7,11,11,1,1,1,7259,7259,0,6869,0,0,0,4629,2240
huffbench,7,11,11,2,0,0,14,14,0,14,0,0,0,14,0
huffbench,7,11,11,2,0,1,22,22,0,22,0,0,0,0,22
huffbench,7,11,11,2,1,0,12,12,0,12,0,0,0,12,0
huffbench,7,11,11,2,1,1,545,545,0,11,0,0,0,0,11
huffbench,8,00,00,0,0,0,10957,10957,0,10765,0,0,0,10694,71
huffbench,8,00,00,0,0,1,80488,80488,0,79993,0,0,0,52341,27652
huffbench,8,00,00,0,1,0,6868,6868,0,6868,0,0,0,6824,44
huffbench,8,00,00,0,1,1,2421,2421,0,2397,0,0,0,2384,13
huffbench,8,00,00,1,0,0,411,411,0,338,0,0,0,338,0
huffbench,8,00,00,1,0,1,1664,1664,0,1664,0,0,0,1152,512
huffbench,8,00,00,1,1,0,466,466,0,351,0,0,0,351,0
huffbench,8,00,00,1,1,1,18915,18915,0,13364,0,0,0,12466,898
huffbench,8,00,00,2,0,1,154,154,0,0,0,0,0,0,0
huffbench,8,00,00,2,1,0,210,210,0,165,0,0,0,165,0
huffbench,8,00,00,2,1,1,7330,7330,0,4251,0,0,0,3748,503
huffbench,8,00,01,0,1,0,4225,4225,0,2040,0,0,0,2040,0
huffbench,8,00,01,0,1,1,50,50,0,35,0,0,0,10,25
huffbench,8,00,01,1,1,0,452,452,0,371,0,0,0,370,1
huffbench,8,00,01,1,1,1,5414,5414,0,4557,0,0,0,3983,574
huffbench,8,00,01,2,1,0,30,30,0,25,0,0,0,25,0
huffbench,8,00,01,2,1,1,3109,3109,0,2693,0,0,0,2248,445
huffbench,8,00,10,0,1,0,2728,2728,0,2728,0,0,0,2716,12
huffbench,8,00,10,0,1,1,231,0,231,0,219,199,20,0,0
huffbench,8,00,10,1,1,0,83,83,0,40,0,0,0,40,0
huffbench,8,00,10,1,1,1,4726,0,4726,0,3932,3186,746,0,0
huffbench,8,00,10,2,1,0,113,113,0,95,0,0,0,84,11
huffbench,8,00,10,2,1,1,5943,0,5943,0,2839,2503,336,0,0
huffbench,8,00,11,0,1,0,486,486,0,484,0,0,0,484,0
huffbench,8,00,11,0,1,1,430,0,430,0,298,218,80,0,0
huffbench,8,00,11,1,1,0,500,500,0,395,0,0,0,395,0
huffbench,8,00,11,1,1,1,92373,0,92373,0,85081,78978,6103,0,0
huffbench,8,00,11,2,1,0,935,935,0,815,0,0,0,814,1
huffbench,8,00,11,2,1,1,14004,0,14004,0,12220,11853,367,0,0
huffbench,8,01,00,0,1,0,105,105,0,105,0,0,0,105,0
huffbench,8,01,00,0,1,1,24,24,0,24,0,0,0,17,7
huffbench,8,01,00,1,1,0,125,125,0,47,0,0,0,47,0
huffbench,8,01,00,1,1,1,11206,11206,0,5633,0,0,0,4390,1243
huffbench,8,01,00,2,1,0,2,2,0,2,0,0,0,2,0
huffbench,8,01,00,2,1,1,2146,2146,0,581,0,0,0,581,0
huffbench,8,01,01,0,0,0,5405,5405,0,5336,0,0,0,5285,51
huffbench,8,01,01,0,0,1,38473,38473,0,37479,0,0,0,21585,15894
huffbench,8,01,01,0,1,0,547,547,0,545,0,0,0,543,2
huffbench,8,01,01,0,1,1,177,177,0,11,0,0,0,4,7
huffbench,8,01,01,1,0,0,55,55,0,26,0,0,0,26,0
huffbench,8,01,01,1,0,1,609,609,0,609,0,0,0,356,253
huffbench,8,01,01,1,1,0,74,74,0,60,0,0,0,50,10
huffbench,8,01,01,1,1,1,3608,3608,0,1886,0,0,0,1153,733
huffbench,8,01,01,2,0,0,3,3,0,2,0,0,0,2,0
huffbench,8,01,01,2,0,1,22,22,0,22,0,0,0,22,0
huffbench,8,01,01,2,1,0,9,9,0,8,0,0,0,8,0
huffbench,8,01,01,2,1,1,667,667,0,458,0,0,0,458,0
huffbench,8,01,10,0,1,0,47,47,0,46,0,0,0,34,12
huffbench,8,01,10,0,1,1,30,0,30,0,28,14,14,0,0
huffbench,8,01,10,1,1,0,46,46,0,41,0,0,0,41,0
huffbench,8,01,10,1,1,1,3562,0,3562,0,3225,2842,383,0,0
huffbench,8,01,10,2,1,0,6,6,0,6,0,0,0,6,0
huffbench,8,01,10,2,1,1,505,0,505,0,356,356,0,0,0
huffbench,8,01,11,0,1,0,35,35,0,35,0,0,0,35,0
huffbench,8,01,11,0,1,1,259,0,259,0,165,24,141,0,0
huffbench,8,01,11,1,1,0,57,57,0,40,0,0,0,39,1
huffbench,8,01,11,1,1,1,5302,0,5302,0,4224,3782,442,0,0
huffbench,8,01,11,2,1,0,18,18,0,16,0,0,0,16,0
huffbench,8,01,11,2,1,1,697,0,697,0,384,383,1,0,0
huffbench,8,10,00,0,1,0,128,128,0,118,0,0,0,118,0
huffbench,8,10,00,0,1,1,52,0,52,0,52,15,37,0,0
huffbench,8,10,00,1,1,0,35,35,0,19,0,0,0,19,0
huffbench,8,10,00,1,1,1,8904,0,8904,0,5401,1272,4129,0,0
huffbench,8,10,00,2,1,1,651,0,651,0,0,0,0,0,0
huffbench,8,10,01,0,1,0,32,32,0,22,0,0,0,22,0
huffbench,8,10,01,0,1,1,190,0,190,0,18,12,6,0,0
huffbench,8,10,01,1,1,0,38,38,0,24,0,0,0,24,0
huffbench,8,10,01,1,1,1,5401,0,5401,0,4510,663,3847,0,0
huffbench,8,10,01,2,1,0,1,1,0,1,0,0,0,1,0
huffbench,8,10,01,2,1,1,12,0,12,0,0,0,0,0,0
huffbench,8,10,10,0,0,0,553,553,0,458,0,0,0,406,52
huffbench,8,10,10,0,0,1,36054,36054,0,34768,0,0,0,21822,12946
huffbench,8,10,10,0,1,0,14,14,0,14,0,0,0,14,0
huffbench,8,10,10,0,1,1,187,187,0,31,0,0,0,21,10
huffbench,8,10,10,1,0,0,114,114,0,23,0,0,0,23,0
huffbench,8,10,10,1,0,1,943,943,0,942,0,0,0,651,291
huffbench,8,10,10,1,1,0,45,45,0,27,0,0,0,16,11
huffbench,8,10,10,1,1,1,802,802,0,698,0,0,0,267,431
huffbench,8,10,10,2,1,0,2,2,0,2,0,0,0,2,0
huffbench,8,10,10,2,1,1,65,65,0,16,0,0,0,1,15
huffbench,8,10,11,0,1,0,13,13,0,13,0,0,0,12,1
huffbench,8,10,11,0,1,1,2748,2748,0,2534,0,0,0,2523,11
huffbench,8,10,11,1,1,0,98,98,0,25,0,0,0,25,0
huffbench,8,10,11,1,1,1,2186,2186,0,1599,0,0,0,697,902
huffbench,8,10,11,2,1,0,2,2,0,2,0,0,0,2,0
huffbench,8,10,11,2,1,1,107,107,0,4,0,0,0,0,4
huffbench,8,11,00,0,1,0,540,540,0,540,0,0,0,539,1
huffbench,8,11,00,0,1,1,488,0,488,0,140,101,39,0,0
huffbench,8,11,00,1,1,0,44,44,0,33,0,0,0,33,0
huffbench,8,11,00,1,1,1,8364,0,8364,0,4973,1594,3379,0,0
huffbench,8,11,00,2,1,1,345,0,345,0,0,0,0,0,0
huffbench,8,11,01,0,1,0,26,26,0,26,0,0,0,25,1
huffbench,8,11,01,0,1,1,5069,0,5069,0,103,97,6,0,0
huffbench,8,11,01,1,1,0,88,88,0,39,0,0,0,39,0
huffbench,8,11,01,1,1,1,7514,0,7514,0,6160,2255,3905,0,0
huffbench,8,11,01,2,1,1,14,0,14,0,0,0,0,0,0
huffbench,8,11,10,0,1,0,26,26,0,25,0,0,0,13,12
huffbench,8,11,10,0,1,1,142,142,0,131,0,0,0,115,16
huffbench,8,11,10,1,1,0,26,26,0,22,0,0,0,22,0
huffbench,8,11,10,1,1,1,1167,1167,0,1074,0,0,0,428,646
huffbench,8,11,10,2,1,0,1,1,0,1,0,0,0,1,0
huffbench,8,11,10,2,1,1,229,229,0,61,0,0,0,1,60
huffbench,8,11,11,0,0,0,771,771,0,665,0,0,0,579,86
huffbench,8,11,11,0,0,1,269381,269381,0,262386,0,0,0,243065,19321
huffbench,8,11,11,0,1,0,466,466,0,443,0,0,0,443,0
huffbench,8,11,11,0,1,1,3411,3411,0,3375,0,0,0,3268,107
huffbench,8,11,11,1,0,0,48,48,0,35,0,0,0,33,2
huffbench,8,11,11,1,0,1,530,530,0,506,0,0,0,268,238
huffbench,8,11,11,1,1,0,70,70,0,49,0,0,0,49,0
huffbench,8,11,11,1,1,1,6742,6742,0,6278,0,0,0,4230,2048
huffbench,8,11,11,2,0,0,14,14,0,14,0,0,0,14,0
huffbench,8,11,11,2,0,1,22,22,0,22,0,0,0,0,22
huffbench,8,11,11,2,1,0,13,13,0,13,0,0,0,13,0
huffbench,8,11,11,2,1,1,20,20,0,3,0,0,0,0,3
matmult-int,6,00,00,0,0,0,2043,2043,0,2043,0,0,0,2040,3
matmult-int,6,00,00,0,0,1,2,2,0,2,0,0,0,0,2
matmult-int,6,00,00,1,0,0,1,1,0,0,0,0,0,0,0
matmult-int,6,00,00,1,0,1,37,37,0,37,0,0,0,36,1
matmult-int,6,00,01,0,1,0,2004,2004,0,0,0,0,0,0,0
matmult-int,6,00,10,1,1,0,1,1,0,0,0,0,0,0,0
matmult-int,6,00,11,1,1,0,1,1,0,0,0,0,0,0,0
matmult-int,6,01,01,0,0,0,130,130,0,10,0,0,0,7,3
matmult-int,6,01,01,0,0,1,108,108,0,108,0,0,0,0,108
matmult-int,6,01,01,0,1,1,1,1,0,1,0,0,0,0,1
matmult-int,6,01,01,1,0,0,3,3,0,1,0,0,0,0,1
matmult-int,6,01,01,1,0,1,1,1,0,1,0,0,0,1,0
matmult-int,6,01,01,1,1,0,10,10,0,0,0,0,0,0,0
matmult-int,6,01,01,1,1,1,2,2,0,0,0,0,0,0,0
matmult-int,6,01,10,0,1,1,1,0,1,0,1,0,1,0,0
matmult-int,6,01,10,1,1,0,5,5,0,0,0,0,0,0,0
matmult-int,6,01,10,1,1,1,3,0,3,0,0,0,0,0,0
matmult-int,6,01,11,0,1,1,3,0,3,0,3,0,3,0,0
matmult-int,6,01,11,1,1,0,3,3,0,0,0,0,0,0,0
matmult-int,6,01,11,1,1,1,39,0,39,0,0,0,0,0,0
matmult-int,6,10,01,0,1,0,2,2,0,1,0,0,0,0,1
matmult-int,6,10,01,1,1,0,2,2,0,0,0,0,0,0,0
matmult-int,6,10,10,0,0,0,7,7,0,6,0,0,0,4,2
matmult-int,6,10,10,0,0,1,16986,16986,0,16986,0,0,0,16946,40
matmult-int,6,10,10,0,1,1,1,1,0,1,0,0,0,1,0
matmult-int,6,10,10,1,0,0,39,39,0,37,0,0,0,37,0
matmult-int,6,10,10,1,0,1,1,1,0,1,0,0,0,0,1
matmult-int,6,10,11,0,1,0,1,1,0,1,0,0,0,0,1
matmult-int,6,10,11,0,1,1,39,39,0,39,0,0,0,39,0
matmult-int,6,10,11,1,1,0,2,2,0,0,0,0,0,0,0
matmult-int,6,11,01,0,1,1,40,0,40,0,40,40,0,0,0
matmult-int,6,11,10,0,1,1,114,114,0,114,0,0,0,114,0
matmult-int,6,11,10,1,1,0,1,1,0,0,0,0,0,0,0
matmult-int,6,11,11,0,0,0,81,81,0,81,0,0,0,80,1
matmult-int,6,11,11,0,0,1,448216,448216,0,448216,0,0,0,431293,16923
matmult-int,6,11,11,0,1,1,220,220,0,220,0,0,0,220,0
matmult-int,7,00,00,0,0,0,2043,2043,0,2043,0,0,0,2040,3
matmult-int,7,00,00,0,0,1,2,2,0,2,0,0,0,0,2
matmult-int,7,00,00,1,0,0,1,1,0,0,0,0,0,0,0
matmult-int,7,00,00,1,0,1,37,37,0,37,0,0,0,36,1
matmult-int,7,00,01,0,1,0,2004,2004,0,0,0,0,0,0,0
matmult-int,7,00,10,1,1,0,1,1,0,0,0,0,0,0,0
matmult-int,7,00,11,1,1,0,1,1,0,0,0,0,0,0,0
matmult-int,7,01,01,0,0,0,130,130,0,10,0,0,0,7,3
matmult-int,7,01,01,0,0,1,108,108,0,108,0,0,0,0,108
matmult-int,7,01,01,0,1,1,1,1,0,1,0,0,0,0,1
matmult-int,7,01,01,1,0,0,3,3,0,1,0,0,0,0,1
matmult-int,7,01,01,1,0,1,1,1,0,1,0,0,0,1,0
matmult-int,7,01,01,1,1,0,10,10,0,0,0,0,0,0,0
matmult-int,7,01,01,1,1,1,2,2,0,0,0,0,0,0,0
matmult-int,7,01,10,0,1,1,1,0,1,0,1,0,1,0,0
matmult-int,7,01,10,1,1,0,5,5,0,0,0,0,0,0,0
matmult-int,7,01,10,1,1,1,3,0,3,0,0,0,0,0,0
matmult-int,7,01,11,0,1,1,3,0,3,0,3,0,3,0,0
matmult-int,7,01,11,1,1,0,3,3,0,0,0,0,0,0,0
matmult-int,7,01,11,1,1,1,39,0,39,0,0,0,0,0,0
matmult-int,7,10,01,0,1,0,1,1,0,1,0,0,0,0,1
matmult-int,7,10,01,1,1,0,2,2,0,0,0,0,0,0,0
matmult-int,7,10,10,0,0,0,7,7,0,6,0,0,0,4,2
matmult-int,7,10,10,0,0,1,16986,16986,0,16986,0,0,0,16946,40
matmult-int,7,10,10,0,1,1,1,1,0,1,0,0,0,1,0
matmult-int,7,10,10,1,0,0,39,39,0,37,0,0,0,37,0
matmult-int,7,10,10,1,0,1,1,1,0,1,0,0,0,0,1
matmult-int,7,10,11,0,1,0,1,1,0,1,0,0,0,0,1
matmult-int,7,10,11,0,1,1,39,39,0,39,0,0,0,39,0
matmult-int,7,10,11,1,1,0,2,2,0,0,0,0,0,0,0
matmult-int,7,11,01,0,1,1,40,0,40,0,40,40,0,0,0
matmult-int,7,11,10,0,1,1,114,114,0,114,0,0,0,114,0
matmult-int,7,11,10,1,1,0,1,1,0,0,0,0,0,0,0
matmult-int,7,11,11,0,0,0,81,81,0,81,0,0,0,80,1
matmult-int,7,11,11,0,0,1,448216,448216,0,448216,0,0,0,431293,16923
matmult-int,7,11,11,0,1,1,220,220,0,220,0,0,0,220,0
matmult-int,8,00,00,0,0,0,2043,2043,0,2043,0,0,0,2040,3
matmult-int,8,00,00,0,0,1,2,2,0,2,0,0,0,0,2
matmult-int,8,00,00,1,0,0,1,1,0,0,0,0,0,0,0
matmult-int,8,00,00,1,0,1,37,37,0,37,0,0,0,36,1
matmult-int,8,00,01,0,1,0,2004,2004,0,0,0,0,0,0,0
matmult-int,8,00,10,1,1,0,1,1,0,0,0,0,0,0,0
matmult-int,8,00,11,1,1,0,1,1,0,0,0,0,0,0,0
matmult-int,8,01,01,0,0,0,130,130,0,10,0,0,0,7,3
matmult-int,8,01,01,0,0,1,108,108,0,108,0,0,0,0,108
matmult-int,8,01,01,0,1,1,1,1,0,1,0,0,0,0,1
matmult-int,8,01,01,1,0,0,3,3,0,1,0,0,0,0,1
matmult-int,8,01,01,1,0,1,1,1,0,1,0,0,0,1,0
matmult-int,8,01,01,1,1,0,10,10,0,0,0,0,0,0,0
matmult-int,8,01,01,1,1,1,2,2,0,0,0,0,0,0,0
matmult-int,8,01,10,0,1,1,1,0,1,0,1,0,1,0,0
matmult-int,8,01,10,1,1,0,5,5,0,0,0,0,0,0,0
matmult-int,8,01,10,1,1,1,3,0,3,0,0,0,0,0,0
matmult-int,8,01,11,0,1,1,3,0,3,0,3,0,3,0,0
matmult-int,8,01,11,1,1,0,3,3,0,0,0,0,0,0,0
matmult-int,8,01,11,1,1,1,39,0,39,0,0,0,0,0,0
matmult-int,8,10,01,0,1,0,1,1,0,1,0,0,0,0,1
matmult-int,8,10,01,1,1,0,2,2,0,0,0,0,0,0,0
matmult-int,8,10,10,0,0,0,7,7,0,6,0,0,0,4,2
matmult-int,8,10,10,0,0,1,16986,16986,0,16986,0,0,0,16946,40
matmult-int,8,10,10,0,1,1,1,1,0,1,0,0,0,1,0
matmult-int,8,10,10,1,0,0,39,39,0,37,0,0,0,37,0
matmult-int,8,10,10,1,0,1,1,1,0,1,0,0,0,0,1
matmult-int,8,10,11,0,1,0,1,1,0,1,0,0,0,0,1
matmult-int,8,10,11,0,1,1,39,39,0,39,0,0,0,39,0
matmult-int,8,10,11,1,1,0,2,2,0,0,0,0,0,0,0
matmult-int,8,11,01,0,1,1,40,0,40,0,40,40,0,0,0
matmult-int,8,11,10,0,1,1,114,114,0,114,0,0,0,114,0
matmult-int,8,11,10,1,1,0,1,1,0,0,0,0,0,0,0
matmult-int,8,11,11,0,0,0,81,81,0,81,0,0,0,80,1
matmult-int,8,11,11,0,0,1,448216,448216,0,448216,0,0,0,431293,16923
matmult-int,8,11,11,0,1,1,220,220,0,220,0,0,0,220,0
nettle-aes,6,00,00,0,0,0,3800,3800,0,3647,0,0,0,3642,5
nettle-aes,6,00,00,0,0,1,1255,1255,0,1255,0,0,0,1020,235
nettle-aes,6,00,00,0,1,0,52,52,0,52,0,0,0,50,2
nettle-aes,6,00,00,0,1,1,36,36,0,36,0,0,0,33,3
nettle-aes,6,00,00,1,0,1,1,1,0,1,0,0,0,0,1
nettle-aes,6,00,01,0,1,0,704,704,0,451,0,0,0,449,2
nettle-aes,6,00,01,0,1,1,478,478,0,478,0,0,0,473,5
nettle-aes,6,00,01,1,1,1,19,19,0,13,0,0,0,1,12
nettle-aes,6,00,01,2,1,1,3,3,0,1,0,0,0,0,1
nettle-aes,6,00,10,0,1,0,76,76,0,76,0,0,0,1,75
nettle-aes,6,00,10,0,1,1,1,0,1,0,1,0,1,0,0
nettle-aes,6,00,10,1,1,1,1,0,1,0,1,0,1,0,0
nettle-aes,6,00,11,0,1,0,1998,1998,0,1998,0,0,0,1923,75
nettle-aes,6,00,11,0,1,1,1931,0,1931,0,1931,1850,81,0,0
nettle-aes,6,00,11,1,1,1,1,0,1,0,1,0,1,0,0
nettle-aes,6,01,00,0,1,0,13,13,0,13,0,0,0,13,0
nettle-aes,6,01,00,0,1,1,10,10,0,10,0,0,0,10,0
nettle-aes,6,01,01,0,0,0,345,345,0,189,0,0,0,178,11
nettle-aes,6,01,01,0,0,1,551,551,0,551,0,0,0,232,319
nettle-aes,6,01,01,0,1,0,4,4,0,4,0,0,0,4,0
nettle-aes,6,01,01,0,1,1,8,8,0,8,0,0,0,0,8
nettle-aes,6,01,01,1,0,0,4,4,0,0,0,0,0,0,0
nettle-aes,6,01,01,1,0,1,1,1,0,1,0,0,0,0,1
nettle-aes,6,01,01,1,1,0,5,5,0,0,0,0,0,0,0
nettle-aes,6,01,01,1,1,1,18,18,0,14,0,0,0,3,11
nettle-aes,6,01,01,2,1,1,9,9,0,1,0,0,0,0,1
nettle-aes,6,01,10,0,1,0,6,6,0,6,0,0,0,3,3
nettle-aes,6,01,10,0,1,1,154,0,154,0,154,75,79,0,0
nettle-aes,6,01,10,1,1,0,1,1,0,0,0,0,0,0,0
nettle-aes,6,01,10,1,1,1,7,0,7,0,7,0,7,0,0
nettle-aes,6,01,11,0,1,0,521,521,0,521,0,0,0,520,1
nettle-aes,6,01,11,0,1,1,526,0,526,0,526,445,81,0,0
nettle-aes,6,01,11,1,1,0,148,148,0,0,0,0,0,0,0
nettle-aes,6,01,11,2,1,1,1,0,1,0,0,0,0,0,0
nettle-aes,6,10,00,0,1,0,6,6,0,6,0,0,0,6,0
nettle-aes,6,10,00,0,1,1,125,0,125,0,125,117,8,0,0
nettle-aes,6,10,00,1,1,1,949,0,949,0,949,949,0,0,0
nettle-aes,6,10,01,0,1,0,2,2,0,1,0,0,0,1,0
nettle-aes,6,10,01,0,1,1,37,0,37,0,36,27,9,0,0
nettle-aes,6,10,01,1,1,0,2,2,0,0,0,0,0,0,0
nettle-aes,6,10,01,1,1,1,101,0,101,0,25,23,2,0,0
nettle-aes,6,10,01,2,1,0,2,2,0,1,0,0,0,0,1
nettle-aes,6,10,01,2,1,1,3,0,3,0,0,0,0,0,0
nettle-aes,6,10,10,0,0,0,396,396,0,318,0,0,0,311,7
nettle-aes,6,10,10,0,0,1,721,721,0,721,0,0,0,564,157
nettle-aes,6,10,10,0,1,0,2,2,0,2,0,0,0,1,1
nettle-aes,6,10,10,0,1,1,153,153,0,77,0,0,0,76,1
nettle-aes,6,10,10,1,0,0,2,2,0,2,0,0,0,1,1
nettle-aes,6,10,10,1,1,1,13,13,0,13,0,0,0,13,0
nettle-aes,6,10,10,2,1,0,1,1,0,0,0,0,0,0,0
nettle-aes,6,10,11,0,1,0,75,75,0,74,0,0,0,74,0
nettle-aes,6,10,11,0,1,1,3390,3390,0,3316,0,0,0,3314,2
nettle-aes,6,10,11,1,1,0,1,1,0,0,0,0,0,0,0
nettle-aes,6,10,11,1,1,1,13,13,0,13,0,0,0,13,0
nettle-aes,6,10,11,2,1,1,7,7,0,0,0,0,0,0,0
nettle-aes,6,11,00,0,1,0,8,8,0,8,0,0,0,8,0
nettle-aes,6,11,00,0,1,1,1209,0,1209,0,1209,1206,3,0,0
nettle-aes,6,11,00,1,1,1,949,0,949,0,949,949,0,0,0
nettle-aes,6,11,01,0,1,0,79,79,0,79,0,0,0,2,77
nettle-aes,6,11,01,0,1,1,1516,0,1516,0,1516,1511,5,0,0
nettle-aes,6,11,01,1,1,0,1,1,0,0,0,0,0,0,0
nettle-aes,6,11,01,1,1,1,4754,0,4754,0,3842,2926,916,0,0
nettle-aes,6,11,01,2,1,1,11,0,11,0,0,0,0,0,0
nettle-aes,6,11,10,0,1,0,72,72,0,72,0,0,0,0,72
nettle-aes,6,11,10,0,1,1,2737,2737,0,2736,0,0,0,2690,46
nettle-aes,6,11,10,1,1,0,74,74,0,0,0,0,0,0,0
nettle-aes,6,11,10,1,1,1,922,922,0,922,0,0,0,922,0
nettle-aes,6,11,10,2,1,0,1,1,0,1,0,0,0,0,1
nettle-aes,6,11,11,0,0,0,1216,1216,0,1063,0,0,0,231,832
nettle-aes,6,11,11,0,0,1,19518,19518,0,19518,0,0,0,17635,1883
nettle-aes,6,11,11,0,1,1,21341,21341,0,21341,0,0,0,19197,2144
nettle-aes,6,11,11,1,0,0,75,75,0,75,0,0,0,74,1
nettle-aes,6,11,11,1,1,1,11,11,0,11,0,0,0,11,0
nettle-aes,7,00,00,0,0,0,3724,3724,0,3570,0,0,0,3566,4
nettle-aes,7,00,00,0,0,1,4010,4010,0,4010,0,0,0,3700,310
nettle-aes,7,00,00,0,1,0,394,394,0,394,0,0,0,394,0
nettle-aes,7,00,00,0,1,1,1,1,0,1,0,0,0,0,1
nettle-aes,7,00,00,1,0,0,1,1,0,0,0,0,0,0,0
nettle-aes,7,00,01,0,1,0,333,333,0,80,0,0,0,79,1
nettle-aes,7,00,01,0,1,1,84,84,0,84,0,0,0,0,84
nettle-aes,7,00,01,1,1,1,10,10,0,9,0,0,0,1,8
nettle-aes,7,00,10,0,1,0,304,304,0,304,0,0,0,228,76
nettle-aes,7,00,11,0,1,0,1201,1201,0,1201,0,0,0,1126,75
nettle-aes,7,00,11,0,1,1,78,0,78,0,78,74,4,0,0
nettle-aes,7,01,00,0,1,0,3,3,0,3,0,0,0,3,0
nettle-aes,7,01,00,0,1,1,1,1,0,1,0,0,0,0,1
nettle-aes,7,01,00,1,1,1,1,1,0,1,0,0,0,0,1
nettle-aes,7,01,01,0,0,0,418,418,0,262,0,0,0,254,8
nettle-aes,7,01,01,0,0,1,627,627,0,627,0,0,0,308,319
nettle-aes,7,01,01,0,1,0,1,1,0,1,0,0,0,1,0
nettle-aes,7,01,01,0,1,1,10,10,0,10,0,0,0,1,9
nettle-aes,7,01,01,1,0,0,3,3,0,0,0,0,0,0,0
nettle-aes,7,01,01,1,1,0,5,5,0,0,0,0,0,0,0
nettle-aes,7,01,01,1,1,1,238,238,0,162,0,0,0,7,155
nettle-aes,7,01,10,0,1,0,155,155,0,155,0,0,0,152,3
nettle-aes,7,01,10,0,1,1,2,0,2,0,2,0,2,0,0
nettle-aes,7,01,10,1,1,0,2,2,0,0,0,0,0,0,0
nettle-aes,7,01,11,0,1,0,303,303,0,303,0,0,0,301,2
nettle-aes,7,01,11,0,1,1,78,0,78,0,78,0,78,0,0
nettle-aes,7,01,11,1,1,0,148,148,0,0,0,0,0,0,0
nettle-aes,7,10,00,0,1,0,4,4,0,4,0,0,0,4,0
nettle-aes,7,10,00,0,1,1,75,0,75,0,75,75,0,0,0
nettle-aes,7,10,00,1,1,1,906,0,906,0,906,906,0,0,0
nettle-aes,7,10,01,0,1,0,2,2,0,1,0,0,0,1,0
nettle-aes,7,10,01,0,1,1,2373,0,2373,0,2373,2373,0,0,0
nettle-aes,7,10,01,1,1,1,616,0,616,0,540,463,77,0,0
nettle-aes,7,10,10,0,0,0,397,397,0,319,0,0,0,312,7
nettle-aes,7,10,10,0,0,1,1313,1313,0,1313,0,0,0,1084,229
nettle-aes,7,10,10,0,1,0,1,1,0,1,0,0,0,0,1
nettle-aes,7,10,10,0,1,1,92,92,0,14,0,0,0,14,0
nettle-aes,7,10,10,1,1,0,1,1,0,0,0,0,0,0,0
nettle-aes,7,10,11,0,1,0,154,154,0,153,0,0,0,153,0
nettle-aes,7,10,11,0,1,1,706,706,0,632,0,0,0,632,0
nettle-aes,7,11,00,0,1,0,11,11,0,11,0,0,0,11,0
nettle-aes,7,11,00,0,1,1,1246,0,1246,0,1246,1246,0,0,0
nettle-aes,7,11,00,1,1,1,1065,0,1065,0,1065,1065,0,0,0
nettle-aes,7,11,01,0,1,0,155,155,0,155,0,0,0,78,77
nettle-aes,7,11,01,0,1,1,2746,0,2746,0,2746,2725,21,0,0
nettle-aes,7,11,01,1,1,0,79,79,0,1,0,0,0,0,1
nettle-aes,7,11,01,1,1,1,4096,0,4096,0,4009,3170,839,0,0
nettle-aes,7,11,10,0,1,0,73,73,0,73,0,0,0,1,72
nettle-aes,7,11,10,0,1,1,177,177,0,177,0,0,0,163,14
nettle-aes,7,11,10,1,1,1,75,75,0,75,0,0,0,75,0
nettle-aes,7,11,11,0,0,0,1295,1295,0,1143,0,0,0,305,838
nettle-aes,7,11,11,0,0,1,21937,21937,0,21937,0,0,0,19520,2417
nettle-aes,7,11,11,0,1,0,448,448,0,448,0,0,0,448,0
nettle-aes,7,11,11,0,1,1,20137,20137,0,20137,0,0,0,18507,1630
nettle-aes,7,11,11,1,0,0,77,77,0,77,0,0,0,75,2
nettle-aes,7,11,11,1,1,1,1,1,0,1,0,0,0,1,0
nettle-aes,8,00,00,0,0,0,3725,3725,0,3571,0,0,0,3567,4
nettle-aes,8,00,00,0,0,1,3856,3856,0,3856,0,0,0,3623,233
nettle-aes,8,00,00,0,1,0,100,100,0,100,0,0,0,100,0
nettle-aes,8,00,00,1,0,0,1,1,0,0,0,0,0,0,0
nettle-aes,8,00,01,0,1,0,705,705,0,452,0,0,0,451,1
nettle-aes,8,00,01,0,1,1,85,85,0,85,0,0,0,0,85
nettle-aes,8,00,01,1,1,1,86,86,0,85,0,0,0,0,85
nettle-aes,8,00,10,0,1,0,76,76,0,76,0,0,0,0,76
nettle-aes,8,00,11,0,1,0,1351,1351,0,1351,0,0,0,1276,75
nettle-aes,8,00,11,0,1,1,78,0,78,0,78,74,4,0,0
nettle-aes,8,01,00,0,1,0,2,2,0,2,0,0,0,2,0
nettle-aes,8,01,00,0,1,1,2,2,0,2,0,0,0,0,2
nettle-aes,8,01,00,1,1,1,1,1,0,1,0,0,0,0,1
nettle-aes,8,01,01,0,0,0,341,341,0,185,0,0,0,177,8
nettle-aes,8,01,01,0,0,1,626,626,0,626,0,0,0,385,241
nettle-aes,8,01,01,0,1,0,2,2,0,2,0,0,0,2,0
nettle-aes,8,01,01,0,1,1,87,87,0,87,0,0,0,1,86
nettle-aes,8,01,01,1,0,0,3,3,0,0,0,0,0,0,0
nettle-aes,8,01,01,1,1,0,2,2,0,0,0,0,0,0,0
nettle-aes,8,01,01,1,1,1,240,240,0,164,0,0,0,9,155
nettle-aes,8,01,10,0,1,0,1,1,0,1,0,0,0,0,1
nettle-aes,8,01,10,1,1,0,1,1,0,0,0,0,0,0,0
nettle-aes,8,01,11,0,1,0,452,452,0,452,0,0,0,451,1
nettle-aes,8,01,11,0,1,1,78,0,78,0,78,0,78,0,0
nettle-aes,8,01,11,1,1,0,75,75,0,0,0,0,0,0,0
nettle-aes,8,10,00,0,1,0,2,2,0,2,0,0,0,2,0
nettle-aes,8,10,00,0,1,1,1141,0,1141,0,1141,1141,0,0,0
nettle-aes,8,10,00,1,1,1,981,0,981,0,981,981,0,0,0
nettle-aes,8,10,01,0,1,0,4,4,0,3,0,0,0,3,0
nettle-aes,8,10,01,0,1,1,198,0,198,0,198,198,0,0,0
nettle-aes,8,10,01,1,1,0,2,2,0,0,0,0,0,0,0
nettle-aes,8,10,01,1,1,1,768,0,768,0,615,538,77,0,0
nettle-aes,8,10,10,0,0,0,468,468,0,390,0,0,0,311,79
nettle-aes,8,10,10,0,0,1,1166,1166,0,1166,0,0,0,937,229
nettle-aes,8,10,10,0,1,0,75,75,0,75,0,0,0,0,75
nettle-aes,8,10,10,0,1,1,92,92,0,16,0,0,0,16,0
nettle-aes,8,10,10,1,1,1,1,1,0,1,0,0,0,1,0
nettle-aes,8,10,11,0,1,0,154,154,0,153,0,0,0,153,0
nettle-aes,8,10,11,0,1,1,1666,1666,0,1590,0,0,0,1590,0
nettle-aes,8,11,00,0,1,0,5,5,0,5,0,0,0,5,0
nettle-aes,8,11,00,0,1,1,166,0,166,0,166,166,0,0,0
nettle-aes,8,11,00,1,1,1,989,0,989,0,989,989,0,0,0
nettle-aes,8,11,01,0,1,0,159,159,0,159,0,0,0,82,77
nettle-aes,8,11,01,0,1,1,14572,0,14572,0,14572,13335,1237,0,0
nettle-aes,8,11,01,1,1,0,77,77,0,1,0,0,0,0,1
nettle-aes,8,11,01,1,1,1,3944,0,3944,0,3932,3094,838,0,0
nettle-aes,8,11,10,0,1,0,77,77,0,77,0,0,0,77,0
nettle-aes,8,11,10,0,1,1,2489,2489,0,2489,0,0,0,2474,15
nettle-aes,8,11,10,1,1,1,1,1,0,1,0,0,0,1,0
nettle-aes,8,11,11,0,0,0,1226,1226,0,1074,0,0,0,308,766
nettle-aes,8,11,11,0,0,1,22381,22381,0,22381,0,0,0,19933,2448
nettle-aes,8,11,11,0,1,0,451,451,0,451,0,0,0,450,1
nettle-aes,8,11,11,0,1,1,6934,6934,0,6934,0,0,0,6552,382
nettle-aes,8,11,11,1,0,0,77,77,0,77,0,0,0,75,2
nettle-aes,8,11,11,1,1,0,1,1,0,0,0,0,0,0,0
nettle-aes,8,11,11,1,1,1,75,75,0,75,0,0,0,75,0
sglib-combined,6,00,00,0,0,0,78062,78062,0,70028,0,0,0,64586,5442
sglib-combined,6,00,00,0,0,1,93614,93614,0,80752,0,0,0,65984,14768
sglib-combined,6,00,00,0,1,0,5015,5015,0,4375,0,0,0,3512,863
sglib-combined,6,00,00,0,1,1,13758,13758,0,12094,0,0,0,8957,3137
sglib-combined,6,00,00,1,0,0,6559,6559,0,5599,0,0,0,4704,895
sglib-combined,6,00,00,1,0,1,6625,6625,0,2401,0,0,0,1408,993
sglib-combined,6,00,00,1,1,0,15404,15404,0,7750,0,0,0,6822,928
sglib-combined,6,00,00,1,1,1,30789,30789,0,23980,0,0,0,19499,4481
sglib-combined,6,00,00,2,0,0,32,32,0,0,0,0,0,0,0
sglib-combined,6,00,00,2,1,0,1805,1805,0,546,0,0,0,546,0
sglib-combined,6,00,00,2,1,1,32,32,0,0,0,0,0,0,0
sglib-combined,6,00,01,0,1,0,8244,8244,0,4052,0,0,0,3891,161
sglib-combined,6,00,01,0,1,1,3924,3924,0,3188,0,0,0,2043,1145
sglib-combined,6,00,01,1,1,0,8533,8533,0,5237,0,0,0,4757,480
sglib-combined,6,00,01,1,1,1,7363,7363,0,6012,0,0,0,3637,2375
sglib-combined,6,00,01,2,1,0,1185,1185,0,286,0,0,0,286,0
sglib-combined,6,00,01,2,1,1,33,33,0,0,0,0,0,0,0
sglib-combined,6,00,10,0,1,0,1937,1937,0,1553,0,0,0,1362,191
sglib-combined,6,00,10,0,1,1,6030,0,6030,0,5678,4647,1031,0,0
sglib-combined,6,00,10,1,1,0,5015,5015,0,3019,0,0,0,2540,479
sglib-combined,6,00,10,1,1,1,5917,0,5917,0,5027,3494,1533,0,0
sglib-combined,6,00,10,2,1,0,896,896,0,162,0,0,0,162,0
sglib-combined,6,00,10,2,1,1,31,0,31,0,0,0,0,0,0
sglib-combined,6,00,11,0,1,0,5822,5822,0,1534,0,0,0,992,542
sglib-combined,6,00,11,0,1,1,5308,0,5308,0,4220,2973,1247,0,0
sglib-combined,6,00,11,1,1,0,12138,12138,0,8522,0,0,0,7882,640
sglib-combined,6,00,11,1,1,1,30900,0,30900,0,26837,21302,5535,0,0
sglib-combined,6,00,11,2,1,0,2551,2551,0,1279,0,0,0,1279,0
sglib-combined,6,00,11,2,1,1,320,0,320,0,0,0,0,0,0
sglib-combined,6,01,00,0,1,0,994,994,0,898,0,0,0,449,449
sglib-combined,6,01,00,0,1,1,3297,3297,0,2657,0,0,0,1633,1024
sglib-combined,6,01,00,1,1,0,4102,4102,0,2352,0,0,0,2000,352
sglib-combined,6,01,00,1,1,1,11168,11168,0,8287,0,0,0,5568,2719
sglib-combined,6,01,00,2,1,0,858,858,0,65,0,0,0,65,0
sglib-combined,6,01,00,2,1,1,32,32,0,0,0,0,0,0,0
sglib-combined,6,01,01,0,0,0,18774,18774,0,16821,0,0,0,14829,1992
sglib-combined,6,01,01,0,0,1,30873,30873,0,25236,0,0,0,13281,11955
sglib-combined,6,01,01,0,1,0,356,356,0,258,0,0,0,130,128
sglib-combined,6,01,01,0,1,1,1382,1382,0,1254,0,0,0,866,388
sglib-combined,6,01,01,1,0,0,3140,3140,0,2947,0,0,0,1666,1281
sglib-combined,6,01,01,1,0,1,3011,3011,0,1635,0,0,0,512,1123
sglib-combined,6,01,01,1,1,0,2135,2135,0,1373,0,0,0,1085,288
sglib-combined,6,01,01,1,1,1,2924,2924,0,2506,0,0,0,1444,1062
sglib-combined,6,01,01,2,1,0,480,480,0,1,0,0,0,1,0
sglib-combined,6,01,01,2,1,1,96,96,0,0,0,0,0,0,0
sglib-combined,6,01,10,0,1,0,667,667,0,253,0,0,0,190,63
sglib-combined,6,01,10,0,1,1,2496,0,2496,0,2208,1247,961,0,0
sglib-combined,6,01,10,1,1,0,1550,1550,0,808,0,0,0,616,192
sglib-combined,6,01,10,1,1,1,2211,0,2211,0,1955,962,993,0,0
sglib-combined,6,01,10,2,1,0,317,317,0,63,0,0,0,63,0
sglib-combined,6,01,11,0,1,0,1730,1730,0,610,0,0,0,417,193
sglib-combined,6,01,11,0,1,1,2821,0,2821,0,2340,1028,1312,0,0
sglib-combined,6,01,11,1,1,0,2241,2241,0,1472,0,0,0,960,512
sglib-combined,6,01,11,1,1,1,7552,0,7552,0,7230,3967,3263,0,0
sglib-combined,6,01,11,2,1,0,289,289,0,64,0,0,0,64,0
sglib-combined,6,01,11,2,1,1,32,0,32,0,32,0,32,0,0
sglib-combined,6,10,00,0,1,0,1220,1220,0,516,0,0,0,98,418
sglib-combined,6,10,00,0,1,1,2754,0,2754,0,2146,928,1218,0,0
sglib-combined,6,10,00,1,1,0,3319,3319,0,1842,0,0,0,1554,288
sglib-combined,6,10,00,1,1,1,7561,0,7561,0,5544,3208,2336,0,0
sglib-combined,6,10,00,2,1,0,843,843,0,32,0,0,0,32,0
sglib-combined,6,10,01,0,1,0,446,446,0,319,0,0,0,160,159
sglib-combined,6,10,01,0,1,1,1309,0,1309,0,1117,446,671,0,0
sglib-combined,6,10,01,1,1,0,1660,1660,0,1022,0,0,0,765,257
sglib-combined,6,10,01,1,1,1,3810,0,3810,0,3300,2246,1054,0,0
sglib-combined,6,10,01,2,1,0,222,222,0,32,0,0,0,32,0
sglib-combined,6,10,01,2,1,1,33,0,33,0,0,0,0,0,0
sglib-combined,6,10,10,0,0,0,12120,12120,0,10007,0,0,0,7931,2076
sglib-combined,6,10,10,0,0,1,32607,32607,0,23457,0,0,0,15261,8196
sglib-combined,6,10,10,0,1,0,414,414,0,286,0,0,0,191,95
sglib-combined,6,10,10,0,1,1,2599,2599,0,2534,0,0,0,1249,1285
sglib-combined,6,10,10,1,0,0,2496,2496,0,1792,0,0,0,769,1023
sglib-combined,6,10,10,1,0,1,3268,3268,0,2308,0,0,0,1764,544
sglib-combined,6,10,10,1,1,0,1192,1192,0,738,0,0,0,578,160
sglib-combined,6,10,10,1,1,1,2335,2335,0,1984,0,0,0,1182,802
sglib-combined,6,10,10,2,1,0,159,159,0,63,0,0,0,63,0
sglib-combined,6,10,10,2,1,1,31,31,0,0,0,0,0,0,0
sglib-combined,6,10,11,0,1,0,1027,1027,0,515,0,0,0,193,322
sglib-combined,6,10,11,0,1,1,2613,2613,0,2197,0,0,0,1052,1145
sglib-combined,6,10,11,1,1,0,2238,2238,0,1154,0,0,0,930,224
sglib-combined,6,10,11,1,1,1,9228,9228,0,8043,0,0,0,3915,4128
sglib-combined,6,10,11,2,1,0,319,319,0,32,0,0,0,32,0
sglib-combined,6,10,11,2,1,1,160,160,0,0,0,0,0,0,0
sglib-combined,6,11,00,0,1,0,2242,2242,0,1730,0,0,0,1540,190
sglib-combined,6,11,00,0,1,1,8223,0,8223,0,7711,6272,1439,0,0
sglib-combined,6,11,00,1,1,0,6305,6305,0,2146,0,0,0,1504,642
sglib-combined,6,11,00,1,1,1,16192,0,16192,0,13536,10113,3423,0,0
sglib-combined,6,11,00,2,1,0,1504,1504,0,128,0,0,0,128,0
sglib-combined,6,11,00,2,1,1,64,0,64,0,0,0,0,0,0
sglib-combined,6,11,01,0,1,0,703,703,0,480,0,0,0,192,288
sglib-combined,6,11,01,0,1,1,2666,0,2666,0,1706,1257,449,0,0
sglib-combined,6,11,01,1,1,0,2224,2224,0,1523,0,0,0,1011,512
sglib-combined,6,11,01,1,1,1,13075,0,13075,0,11507,9231,2276,0,0
sglib-combined,6,11,01,2,1,0,384,384,0,128,0,0,0,128,0
sglib-combined,6,11,01,2,1,1,4,0,4,0,0,0,0,0,0
sglib-combined,6,11,10,0,1,0,925,925,0,637,0,0,0,256,381
sglib-combined,6,11,10,0,1,1,2972,2972,0,2621,0,0,0,1214,1407
sglib-combined,6,11,10,1,1,0,1774,1774,0,878,0,0,0,365,513
sglib-combined,6,11,10,1,1,1,10868,10868,0,9812,0,0,0,8925,887
sglib-combined,6,11,10,2,1,0,480,480,0,0,0,0,0,0,0
sglib-combined,6,11,10,2,1,1,220,220,0,0,0,0,0,0,0
sglib-combined,6,11,11,0,0,0,19457,19457,0,16319,0,0,0,8834,7485
sglib-combined,6,11,11,0,0,1,93117,93117,0,83070,0,0,0,71482,11588
sglib-combined,6,11,11,0,1,0,2849,2849,0,961,0,0,0,287,674
sglib-combined,6,11,11,0,1,1,7346,7346,0,3443,0,0,0,2229,1214
sglib-combined,6,11,11,1,0,0,4673,4673,0,4384,0,0,0,1536,2848
sglib-combined,6,11,11,1,0,1,7365,7365,0,6758,0,0,0,6374,384
sglib-combined,6,11,11,1,1,0,4441,4441,0,2273,0,0,0,1056,1217
sglib-combined,6,11,11,1,1,1,20142,20142,0,19024,0,0,0,15827,3197
sglib-combined,6,11,11,2,0,0,32,32,0,0,0,0,0,0,0
sglib-combined,6,11,11,2,0,1,64,64,0,0,0,0,0,0,0
sglib-combined,6,11,11,2,1,0,193,193,0,0,0,0,0,0,0
sglib-combined,6,11,11,2,1,1,256,256,0,0,0,0,0,0,0
sglib-combined,7,00,00,0,0,0,74863,74863,0,71179,0,0,0,65705,5474
sglib-combined,7,00,00,0,0,1,97875,97875,0,86579,0,0,0,72993,13586
sglib-combined,7,00,00,0,1,0,6551,6551,0,5911,0,0,0,4888,1023
sglib-combined,7,00,00,0,1,1,13630,13630,0,11870,0,0,0,9085,2785
sglib-combined,7,00,00,1,0,0,6401,6401,0,5504,0,0,0,4641,863
sglib-combined,7,00,00,1,0,1,2817,2817,0,2433,0,0,0,1408,1025
sglib-combined,7,00,00,1,1,0,10952,10952,0,6758,0,0,0,5830,928
sglib-combined,7,00,00,1,1,1,16493,16493,0,14797,0,0,0,10604,4193
sglib-combined,7,00,00,2,1,0,1129,1129,0,416,0,0,0,416,0
sglib-combined,7,00,00,2,1,1,64,64,0,0,0,0,0,0,0
sglib-combined,7,00,01,0,1,0,6571,6571,0,3979,0,0,0,3818,161
sglib-combined,7,00,01,0,1,1,4692,4692,0,3572,0,0,0,2299,1273
sglib-combined,7,00,01,1,1,0,7442,7442,0,5041,0,0,0,4561,480
sglib-combined,7,00,01,1,1,1,7870,7870,0,7131,0,0,0,4660,2471
sglib-combined,7,00,01,2,1,0,920,920,0,192,0,0,0,192,0
sglib-combined,7,00,01,2,1,1,65,65,0,0,0,0,0,0,0
sglib-combined,7,00,10,0,1,0,1676,1676,0,1228,0,0,0,1037,191
sglib-combined,7,00,10,0,1,1,8178,0,8178,0,6322,4970,1352,0,0
sglib-combined,7,00,10,1,1,0,4502,4502,0,3056,0,0,0,2577,479
sglib-combined,7,00,10,1,1,1,7199,0,7199,0,5794,4293,1501,0,0
sglib-combined,7,00,10,2,1,0,386,386,0,65,0,0,0,65,0
sglib-combined,7,00,10,2,1,1,31,0,31,0,0,0,0,0,0
sglib-combined,7,00,11,0,1,0,6060,6060,0,1740,0,0,0,1230,510
sglib-combined,7,00,11,0,1,1,8055,0,8055,0,6135,3769,2366,0,0
sglib-combined,7,00,11,1,1,0,11470,11470,0,8749,0,0,0,8237,512
sglib-combined,7,00,11,1,1,1,29015,0,29015,0,26871,21559,5312,0,0
sglib-combined,7,00,11,2,1,0,1568,1568,0,896,0,0,0,896,0
sglib-combined,7,00,11,2,1,1,384,0,384,0,0,0,0,0,0
sglib-combined,7,01,00,0,1,0,1250,1250,0,1186,0,0,0,737,449
sglib-combined,7,01,00,0,1,1,4001,4001,0,3169,0,0,0,1953,1216
sglib-combined,7,01,00,1,1,0,3367,3367,0,2064,0,0,0,1712,352
sglib-combined,7,01,00,1,1,1,8987,8987,0,7579,0,0,0,4476,3103
sglib-combined,7,01,00,2,1,0,543,543,0,32,0,0,0,32,0
sglib-combined,7,01,00,2,1,1,64,64,0,0,0,0,0,0,0
sglib-combined,7,01,01,0,0,0,17335,17335,0,16342,0,0,0,14158,2184
sglib-combined,7,01,01,0,0,1,26779,26779,0,22105,0,0,0,13125,8980
sglib-combined,7,01,01,0,1,0,419,419,0,322,0,0,0,194,128
sglib-combined,7,01,01,0,1,1,1798,1798,0,1542,0,0,0,994,548
sglib-combined,7,01,01,1,0,0,3266,3266,0,3010,0,0,0,1729,1281
sglib-combined,7,01,01,1,0,1,2146,2146,0,1699,0,0,0,512,1187
sglib-combined,7,01,01,1,1,0,2007,2007,0,1372,0,0,0,1084,288
sglib-combined,7,01,01,1,1,1,3022,3022,0,2636,0,0,0,1510,1126
sglib-combined,7,01,01,2,1,0,351,351,0,0,0,0,0,0,0
sglib-combined,7,01,01,2,1,1,128,128,0,0,0,0,0,0,0
sglib-combined,7,01,10,0,1,0,731,731,0,253,0,0,0,190,63
sglib-combined,7,01,10,0,1,1,3648,0,3648,0,2880,1727,1153,0,0
sglib-combined,7,01,10,1,1,0,1645,1645,0,872,0,0,0,680,192
sglib-combined,7,01,10,1,1,1,2148,0,2148,0,1860,899,961,0,0
sglib-combined,7,01,10,2,1,0,64,64,0,0,0,0,0,0,0
sglib-combined,7,01,11,0,1,0,1698,1698,0,642,0,0,0,449,193
sglib-combined,7,01,11,0,1,1,4900,0,4900,0,4164,1636,2528,0,0
sglib-combined,7,01,11,1,1,0,1950,1950,0,1375,0,0,0,927,448
sglib-combined,7,01,11,1,1,1,7837,0,7837,0,7612,4190,3422,0,0
sglib-combined,7,01,11,2,1,0,256,256,0,32,0,0,0,32,0
sglib-combined,7,01,11,2,1,1,32,0,32,0,32,0,32,0,0
sglib-combined,7,10,00,0,1,0,1320,1320,0,740,0,0,0,322,418
sglib-combined,7,10,00,0,1,1,3650,0,3650,0,3008,1246,1762,0,0
sglib-combined,7,10,00,1,1,0,1913,1913,0,1588,0,0,0,1330,258
sglib-combined,7,10,00,1,1,1,5611,0,5611,0,5003,2888,2115,0,0
sglib-combined,7,10,00,2,1,0,385,385,0,32,0,0,0,32,0
sglib-combined,7,10,01,0,1,0,510,510,0,351,0,0,0,192,159
sglib-combined,7,10,01,0,1,1,1790,0,1790,0,1598,831,767,0,0
sglib-combined,7,10,01,1,1,0,1593,1593,0,1052,0,0,0,796,256
sglib-combined,7,10,01,1,1,1,3041,0,3041,0,2563,1830,733,0,0
sglib-combined,7,10,01,2,1,0,65,65,0,0,0,0,0,0,0
sglib-combined,7,10,01,2,1,1,33,0,33,0,0,0,0,0,0
sglib-combined,7,10,10,0,0,0,11701,11701,0,10293,0,0,0,8028,2265
sglib-combined,7,10,10,0,0,1,27396,27396,0,18847,0,0,0,11165,7682
sglib-combined,7,10,10,0,1,0,414,414,0,286,0,0,0,191,95
sglib-combined,7,10,10,0,1,1,3430,3430,0,3174,0,0,0,1569,1605
sglib-combined,7,10,10,1,0,0,2496,2496,0,1824,0,0,0,769,1055
sglib-combined,7,10,10,1,0,1,2981,2981,0,2533,0,0,0,1989,544
sglib-combined,7,10,10,1,1,0,938,938,0,739,0,0,0,547,192
sglib-combined,7,10,10,1,1,1,2208,2208,0,1952,0,0,0,1278,674
sglib-combined,7,10,10,2,1,0,95,95,0,63,0,0,0,63,0
sglib-combined,7,10,10,2,1,1,191,191,0,0,0,0,0,0,0
sglib-combined,7,10,11,0,1,0,1059,1059,0,579,0,0,0,257,322
sglib-combined,7,10,11,0,1,1,4822,4822,0,4118,0,0,0,2013,2105
sglib-combined,7,10,11,1,1,0,1376,1376,0,1184,0,0,0,960,224
sglib-combined,7,10,11,1,1,1,7051,7051,0,6954,0,0,0,3946,3008
sglib-combined,7,10,11,2,1,0,128,128,0,0,0,0,0,0,0
sglib-combined,7,10,11,2,1,1,224,224,0,0,0,0,0,0,0
sglib-combined,7,11,00,0,1,0,2302,2302,0,1698,0,0,0,1476,222
sglib-combined,7,11,00,0,1,1,10173,0,10173,0,9311,6752,2559,0,0
sglib-combined,7,11,00,1,1,0,2942,2942,0,1953,0,0,0,1312,641
sglib-combined,7,11,00,1,1,1,11042,0,11042,0,9602,7905,1697,0,0
sglib-combined,7,11,00,2,1,0,1120,1120,0,64,0,0,0,64,0
sglib-combined,7,11,00,2,1,1,64,0,64,0,0,0,0,0,0
sglib-combined,7,11,01,0,1,0,672,672,0,448,0,0,0,128,320
sglib-combined,7,11,01,0,1,1,3018,0,3018,0,2442,1641,801,0,0
sglib-combined,7,11,01,1,1,0,2315,2315,0,1585,0,0,0,1105,480
sglib-combined,7,11,01,1,1,1,11154,0,11154,0,9714,8879,835,0,0
sglib-combined,7,11,01,2,1,0,320,320,0,128,0,0,0,128,0
sglib-combined,7,11,01,2,1,1,4,0,4,0,0,0,0,0,0
sglib-combined,7,11,10,0,1,0,893,893,0,509,0,0,0,128,381
sglib-combined,7,11,10,0,1,1,7709,7709,0,3901,0,0,0,1918,1983
sglib-combined,7,11,10,1,1,0,1329,1329,0,945,0,0,0,368,577
sglib-combined,7,11,10,1,1,1,10642,10642,0,9684,0,0,0,8797,887
sglib-combined,7,11,10,2,1,0,480,480,0,0,0,0,0,0,0
sglib-combined,7,11,10,2,1,1,220,220,0,0,0,0,0,0,0
sglib-combined,7,11,11,0,0,0,16899,16899,0,15649,0,0,0,8577,7072
sglib-combined,7,11,11,0,0,1,92495,92495,0,82358,0,0,0,72501,9857
sglib-combined,7,11,11,0,1,0,2721,2721,0,1025,0,0,0,351,674
sglib-combined,7,11,11,0,1,1,9235,9235,0,8243,0,0,0,6229,2014
sglib-combined,7,11,11,1,0,0,4897,4897,0,4544,0,0,0,1696,2848
sglib-combined,7,11,11,1,0,1,5093,5093,0,4805,0,0,0,4517,288
sglib-combined,7,11,11,1,1,0,3391,3391,0,2369,0,0,0,1184,1185
sglib-combined,7,11,11,1,1,1,22195,22195,0,20755,0,0,0,17238,3517
sglib-combined,7,11,11,2,0,0,32,32,0,0,0,0,0,0,0
sglib-combined,7,11,11,2,0,1,64,64,0,0,0,0,0,0,0
sglib-combined,7,11,11,2,1,0,193,193,0,0,0,0,0,0,0
sglib-combined,7,11,11,2,1,1,224,224,0,0,0,0,0,0,0
sglib-combined,8,00,00,0,0,0,70667,70667,0,66472,0,0,0,62373,4099
sglib-combined,8,00,00,0,0,1,90157,90157,0,80109,0,0,0,67333,12776
sglib-combined,8,00,00,0,1,0,7135,7135,0,6497,0,0,0,5473,1024
sglib-combined,8,00,00,0,1,1,14487,14487,0,12983,0,0,0,9911,3072
sglib-combined,8,00,00,1,0,0,7130,7130,0,6105,0,0,0,4827,1278
sglib-combined,8,00,00,1,0,1,2145,2145,0,1985,0,0,0,1374,611
sglib-combined,8,00,00,1,1,0,10857,10857,0,6121,0,0,0,5767,354
sglib-combined,8,00,00,1,1,1,17872,17872,0,15535,0,0,0,11440,4095
sglib-combined,8,00,00,2,0,1,96,96,0,0,0,0,0,0,0
sglib-combined,8,00,00,2,1,0,1119,1119,0,447,0,0,0,447,0
sglib-combined,8,00,00,2,1,1,128,128,0,0,0,0,0,0,0
sglib-combined,8,00,01,0,1,0,7752,7752,0,5061,0,0,0,4871,190
sglib-combined,8,00,01,0,1,1,4932,4932,0,3813,0,0,0,2726,1087
sglib-combined,8,00,01,1,1,0,5565,5565,0,2768,0,0,0,2257,511
sglib-combined,8,00,01,1,1,1,6278,6278,0,5698,0,0,0,3448,2250
sglib-combined,8,00,01,2,1,0,417,417,0,223,0,0,0,223,0
sglib-combined,8,00,10,0,1,0,2276,2276,0,1317,0,0,0,1221,96
sglib-combined,8,00,10,0,1,1,7182,0,7182,0,6222,4743,1479,0,0
sglib-combined,8,00,10,1,1,0,6807,6807,0,4603,0,0,0,4155,448
sglib-combined,8,00,10,1,1,1,7384,0,7384,0,6140,4226,1914,0,0
sglib-combined,8,00,10,2,1,0,132,132,0,3,0,0,0,3,0
sglib-combined,8,00,10,2,1,1,32,0,32,0,0,0,0,0,0
sglib-combined,8,00,11,0,1,0,4469,4469,0,1333,0,0,0,1013,320
sglib-combined,8,00,11,0,1,1,14233,0,14233,0,9658,5275,4383,0,0
sglib-combined,8,00,11,1,1,0,9535,9535,0,7938,0,0,0,7427,511
sglib-combined,8,00,11,1,1,1,31061,0,31061,0,27926,21844,6082,0,0
sglib-combined,8,00,11,2,1,0,1190,1190,0,804,0,0,0,804,0
sglib-combined,8,00,11,2,1,1,32,0,32,0,0,0,0,0,0
sglib-combined,8,01,00,0,1,0,1625,1625,0,1313,0,0,0,736,577
sglib-combined,8,01,00,0,1,1,5248,5248,0,4608,0,0,0,2816,1792
sglib-combined,8,01,00,1,1,0,5222,5222,0,2260,0,0,0,1780,480
sglib-combined,8,01,00,1,1,1,7337,7337,0,6345,0,0,0,3335,3010
sglib-combined,8,01,00,2,1,0,577,577,0,1,0,0,0,1,0
sglib-combined,8,01,00,2,1,1,64,64,0,0,0,0,0,0,0
sglib-combined,8,01,01,0,0,0,17331,17331,0,16341,0,0,0,14479,1862
sglib-combined,8,01,01,0,0,1,26500,26500,0,22433,0,0,0,13211,9222
sglib-combined,8,01,01,0,1,0,359,359,0,260,0,0,0,164,96
sglib-combined,8,01,01,0,1,1,2052,2052,0,1636,0,0,0,803,833
sglib-combined,8,01,01,1,0,0,3044,3044,0,2820,0,0,0,1442,1378
sglib-combined,8,01,01,1,0,1,1630,1630,0,1599,0,0,0,671,928
sglib-combined,8,01,01,1,1,0,1418,1418,0,964,0,0,0,676,288
sglib-combined,8,01,01,1,1,1,3370,3370,0,2759,0,0,0,1282,1477
sglib-combined,8,01,01,2,1,0,320,320,0,0,0,0,0,0,0
sglib-combined,8,01,01,2,1,1,320,320,0,0,0,0,0,0,0
sglib-combined,8,01,10,0,1,0,700,700,0,286,0,0,0,254,32
sglib-combined,8,01,10,0,1,1,3104,0,3104,0,2721,1408,1313,0,0
sglib-combined,8,01,10,1,1,0,1318,1318,0,1058,0,0,0,834,224
sglib-combined,8,01,10,1,1,1,2500,0,2500,0,2306,1025,1281,0,0
sglib-combined,8,01,10,2,1,0,127,127,0,31,0,0,0,31,0
sglib-combined,8,01,11,0,1,0,1371,1371,0,540,0,0,0,413,127
sglib-combined,8,01,11,0,1,1,6400,0,6400,0,4799,2304,2495,0,0
sglib-combined,8,01,11,1,1,0,1632,1632,0,1027,0,0,0,931,96
sglib-combined,8,01,11,1,1,1,9341,0,9341,0,8509,4191,4318,0,0
sglib-combined,8,01,11,2,1,0,126,126,0,32,0,0,0,32,0
sglib-combined,8,10,00,0,1,0,1483,1483,0,1091,0,0,0,481,610
sglib-combined,8,10,00,0,1,1,5185,0,5185,0,4769,2142,2627,0,0
sglib-combined,8,10,00,1,1,0,3176,3176,0,2028,0,0,0,1804,224
sglib-combined,8,10,00,1,1,1,6190,0,6190,0,5164,3559,1605,0,0
sglib-combined,8,10,00,2,1,0,448,448,0,63,0,0,0,63,0
sglib-combined,8,10,01,0,1,0,608,608,0,417,0,0,0,257,160
sglib-combined,8,10,01,0,1,1,3077,0,3077,0,2853,2052,801,0,0
sglib-combined,8,10,01,1,1,0,1564,1564,0,1082,0,0,0,826,256
sglib-combined,8,10,01,1,1,1,2566,0,2566,0,1960,1254,706,0,0
sglib-combined,8,10,01,2,1,0,190,190,0,93,0,0,0,93,0
sglib-combined,8,10,01,2,1,1,32,0,32,0,0,0,0,0,0
sglib-combined,8,10,10,0,0,0,12696,12696,0,12088,0,0,0,9693,2395
sglib-combined,8,10,10,0,0,1,26297,26297,0,19513,0,0,0,11713,7800
sglib-combined,8,10,10,0,1,0,382,382,0,222,0,0,0,190,32
sglib-combined,8,10,10,0,1,1,3966,3966,0,3454,0,0,0,1884,1570
sglib-combined,8,10,10,1,0,0,2276,2276,0,1988,0,0,0,965,1023
sglib-combined,8,10,10,1,0,1,2086,2086,0,1957,0,0,0,1477,480
sglib-combined,8,10,10,1,1,0,1597,1597,0,834,0,0,0,610,224
sglib-combined,8,10,10,1,1,1,2494,2494,0,2014,0,0,0,1188,826
sglib-combined,8,10,10,2,1,0,65,65,0,32,0,0,0,32,0
sglib-combined,8,10,11,0,1,0,704,704,0,448,0,0,0,224,224
sglib-combined,8,10,11,0,1,1,4252,4252,0,3356,0,0,0,1759,1597
sglib-combined,8,10,11,1,1,0,1373,1373,0,961,0,0,0,737,224
sglib-combined,8,10,11,1,1,1,7627,7627,0,7178,0,0,0,3946,3232
sglib-combined,8,10,11,2,1,0,160,160,0,31,0,0,0,31,0
sglib-combined,8,10,11,2,1,1,160,160,0,0,0,0,0,0,0
sglib-combined,8,11,00,0,1,0,1665,1665,0,1121,0,0,0,675,446
sglib-combined,8,11,00,0,1,1,10115,0,10115,0,9347,7170,2177,0,0
sglib-combined,8,11,00,1,1,0,3620,3620,0,2022,0,0,0,1219,803
sglib-combined,8,11,00,1,1,1,18096,0,18096,0,16434,13623,2811,0,0
sglib-combined,8,11,00,2,1,0,2431,2431,0,95,0,0,0,95,0
sglib-combined,8,11,00,2,1,1,224,0,224,0,0,0,0,0,0
sglib-combined,8,11,01,0,1,0,1856,1856,0,1568,0,0,0,1152,416
sglib-combined,8,11,01,0,1,1,4203,0,4203,0,3883,2763,1120,0,0
sglib-combined,8,11,01,1,1,0,1703,1703,0,1186,0,0,0,770,416
sglib-combined,8,11,01,1,1,1,7036,0,7036,0,5758,4983,775,0,0
sglib-combined,8,11,01,2,1,0,769,769,0,128,0,0,0,128,0
sglib-combined,8,11,10,0,1,0,542,542,0,382,0,0,0,191,191
sglib-combined,8,11,10,0,1,1,4774,4774,0,4038,0,0,0,2537,1501
sglib-combined,8,11,10,1,1,0,1764,1764,0,1249,0,0,0,768,481
sglib-combined,8,11,10,1,1,1,11994,11994,0,10975,0,0,0,10207,768
sglib-combined,8,11,10,2,1,0,192,192,0,0,0,0,0,0,0
sglib-combined,8,11,11,0,0,0,20612,20612,0,19263,0,0,0,10241,9022
sglib-combined,8,11,11,0,0,1,90757,90757,0,76838,0,0,0,66207,10631
sglib-combined,8,11,11,0,1,0,3967,3967,0,895,0,0,0,159,736
sglib-combined,8,11,11,0,1,1,11810,11810,0,9762,0,0,0,7111,2651
sglib-combined,8,11,11,1,0,0,3970,3970,0,3649,0,0,0,1089,2560
sglib-combined,8,11,11,1,0,1,3364,3364,0,3300,0,0,0,2851,449
sglib-combined,8,11,11,1,1,0,3388,3388,0,2303,0,0,0,894,1409
sglib-combined,8,11,11,1,1,1,17874,17874,0,17010,0,0,0,12408,4602
sglib-combined,8,11,11,2,0,0,33,33,0,0,0,0,0,0,0
sglib-combined,8,11,11,2,1,0,289,289,0,0,0,0,0,0,0
sglib-combined,8,11,11,2,1,1,64,64,0,0,0,0,0,0,0
statemate,6,00,00,0,0,0,26707,26707,0,26707,0,0,0,23373,3334
statemate,6,00,00,0,0,1,1,1,0,1,0,0,0,0,1
statemate,6,00,00,0,1,0,3327,3327,0,3327,0,0,0,3327,0
statemate,6,00,00,1,0,0,3331,3331,0,3330,0,0,0,0,3330
statemate,6,00,00,1,0,1,3327,3327,0,3327,0,0,0,3326,1
statemate,6,00,01,0,1,0,10053,10053,0,9988,0,0,0,6660,3328
statemate,6,00,01,0,1,1,1,1,0,1,0,0,0,0,1
statemate,6,00,01,1,1,0,1,1,0,0,0,0,0,0,0
statemate,6,00,10,1,1,1,1,0,1,0,1,0,1,0,0
statemate,6,00,11,1,1,1,1,0,1,0,1,0,1,0,0
statemate,6,01,00,0,1,0,2,2,0,2,0,0,0,2,0
statemate,6,01,00,1,1,1,1,1,0,1,0,0,0,0,1
statemate,6,01,01,0,0,0,6687,6687,0,3356,0,0,0,3343,13
statemate,6,01,01,0,0,1,5,5,0,5,0,0,0,0,5
statemate,6,01,01,0,1,0,11,11,0,11,0,0,0,5,6
statemate,6,01,01,0,1,1,2,2,0,2,0,0,0,0,2
statemate,6,01,01,1,0,0,3334,3334,0,2,0,0,0,0,2
statemate,6,01,01,1,0,1,3,3,0,3,0,0,0,3,0
statemate,6,01,01,1,1,0,6,6,0,1,0,0,0,0,1
statemate,6,01,01,1,1,1,2,2,0,2,0,0,0,0,2
statemate,6,01,10,0,1,0,3330,3330,0,3330,0,0,0,3330,0
statemate,6,01,10,1,1,0,2,2,0,0,0,0,0,0,0
statemate,6,01,10,1,1,1,1,0,1,0,1,0,1,0,0
statemate,6,01,11,0,1,0,3327,3327,0,3327,0,0,0,3327,0
statemate,6,01,11,0,1,1,1,0,1,0,1,0,1,0,0
statemate,6,01,11,1,1,0,6,6,0,0,0,0,0,0,0
statemate,6,01,11,1,1,1,3337,0,3337,0,3337,0,3337,0,0
statemate,6,10,00,0,1,0,3,3,0,2,0,0,0,1,1
statemate,6,10,00,1,1,1,1,0,1,0,1,1,0,0,0
statemate,6,10,01,0,1,0,2,2,0,2,0,0,0,1,1
statemate,6,10,01,0,1,1,3,0,3,0,3,3,0,0,0
statemate,6,10,01,1,1,0,3,3,0,2,0,0,0,1,1
statemate,6,10,01,1,1,1,2,0,2,0,2,2,0,0,0
statemate,6,10,10,0,0,0,13326,13326,0,13325,0,0,0,6663,6662
statemate,6,10,10,0,0,1,3346,3346,0,3346,0,0,0,3346,0
statemate,6,10,10,0,1,0,2,2,0,2,0,0,0,1,1
statemate,6,10,10,1,0,0,7,7,0,7,0,0,0,6,1
statemate,6,10,10,1,0,1,8,8,0,8,0,0,0,8,0
statemate,6,10,10,1,1,1,1,1,0,1,0,0,0,1,0
statemate,6,10,11,0,1,0,2,2,0,2,0,0,0,2,0
statemate,6,10,11,0,1,1,1,1,0,1,0,0,0,1,0
statemate,6,10,11,1,1,0,3331,3331,0,0,0,0,0,0,0
statemate,6,10,11,1,1,1,9973,9973,0,9973,0,0,0,9973,0
statemate,6,11,00,0,1,0,6656,6656,0,6656,0,0,0,3328,3328
statemate,6,11,00,1,1,1,3324,0,3324,0,3324,3324,0,0,0
statemate,6,11,01,0,1,0,2,2,0,2,0,0,0,2,0
statemate,6,11,01,0,1,1,6655,0,6655,0,6655,6655,0,0,0
statemate,6,11,01,1,1,0,6659,6659,0,6658,0,0,0,3329,3329
statemate,6,11,01,1,1,1,6655,0,6655,0,6655,6655,0,0,0
statemate,6,11,10,0,1,0,3330,3330,0,3330,0,0,0,3330,0
statemate,6,11,10,1,1,1,1,1,0,1,0,0,0,1,0
statemate,6,11,11,0,0,0,19985,19985,0,13323,0,0,0,1,13322
statemate,6,11,11,0,0,1,23313,23313,0,23313,0,0,0,23313,0
statemate,6,11,11,0,1,0,6657,6657,0,6657,0,0,0,0,6657
statemate,6,11,11,0,1,1,3327,3327,0,3327,0,0,0,3327,0
statemate,6,11,11,1,0,0,9985,9985,0,9985,0,0,0,3325,6660
statemate,6,11,11,1,0,1,196519,196519,0,196519,0,0,0,193188,3331
statemate,6,11,11,1,1,0,4,4,0,0,0,0,0,0,0
statemate,6,11,11,1,1,1,3327,3327,0,3327,0,0,0,3327,0
statemate,7,00,00,0,0,0,26707,26707,0,26707,0,0,0,23373,3334
statemate,7,00,00,0,0,1,3,3,0,3,0,0,0,0,3
statemate,7,00,00,0,1,0,3327,3327,0,3327,0,0,0,3327,0
statemate,7,00,00,1,0,0,3331,3331,0,3330,0,0,0,0,3330
statemate,7,00,00,1,0,1,3327,3327,0,3327,0,0,0,3326,1
statemate,7,00,01,0,1,0,10053,10053,0,9988,0,0,0,6660,3328
statemate,7,00,01,0,1,1,1,1,0,1,0,0,0,0,1
statemate,7,00,01,1,1,0,1,1,0,0,0,0,0,0,0
statemate,7,01,00,0,1,0,2,2,0,2,0,0,0,2,0
statemate,7,01,00,0,1,1,1,1,0,1,0,0,0,0,1
statemate,7,01,01,0,0,0,6687,6687,0,3356,0,0,0,3343,13
statemate,7,01,01,0,0,1,3341,3341,0,3341,0,0,0,0,3341
statemate,7,01,01,0,1,0,11,11,0,11,0,0,0,5,6
statemate,7,01,01,0,1,1,2,2,0,2,0,0,0,0,2
statemate,7,01,01,1,0,0,3334,3334,0,2,0,0,0,0,2
statemate,7,01,01,1,0,1,3,3,0,3,0,0,0,3,0
statemate,7,01,01,1,1,0,6,6,0,1,0,0,0,0,1
statemate,7,01,10,0,1,0,3330,3330,0,3330,0,0,0,3330,0
statemate,7,01,10,1,1,0,2,2,0,0,0,0,0,0,0
statemate,7,01,11,0,1,0,3327,3327,0,3327,0,0,0,3327,0
statemate,7,01,11,0,1,1,5,0,5,0,5,0,5,0,0
statemate,7,01,11,1,1,0,6,6,0,0,0,0,0,0,0
statemate,7,10,00,0,1,0,2,2,0,2,0,0,0,1,1
statemate,7,10,00,0,1,1,1,0,1,0,1,1,0,0,0
statemate,7,10,01,0,1,0,2,2,0,2,0,0,0,1,1
statemate,7,10,01,0,1,1,3,0,3,0,3,3,0,0,0
statemate,7,10,01,1,1,0,1,1,0,0,0,0,0,0,0
statemate,7,10,01,1,1,1,1,0,1,0,1,1,0,0,0
statemate,7,10,10,0,0,0,13328,13328,0,13327,0,0,0,6664,6663
statemate,7,10,10,0,0,1,3347,3347,0,3347,0,0,0,3347,0
statemate,7,10,10,0,1,0,2,2,0,2,0,0,0,1,1
statemate,7,10,10,1,0,0,7,7,0,7,0,0,0,6,1
statemate,7,10,10,1,0,1,1,1,0,1,0,0,0,1,0
statemate,7,10,11,0,1,0,2,2,0,2,0,0,0,2,0
statemate,7,10,11,0,1,1,6651,6651,0,6651,0,0,0,6651,0
statemate,7,10,11,1,1,0,3331,3331,0,0,0,0,0,0,0
statemate,7,11,00,0,1,0,6656,6656,0,6656,0,0,0,3328,3328
statemate,7,11,00,0,1,1,3325,0,3325,0,3325,3325,0,0,0
statemate,7,11,01,0,1,0,2,2,0,2,0,0,0,2,0
statemate,7,11,01,0,1,1,6655,0,6655,0,6655,6655,0,0,0
statemate,7,11,01,1,1,0,1,1,0,0,0,0,0,0,0
statemate,7,11,01,1,1,1,3329,0,3329,0,3329,3329,0,0,0
statemate,7,11,10,0,1,0,3330,3330,0,3330,0,0,0,3330,0
statemate,7,11,11,0,0,0,26643,26643,0,19981,0,0,0,3330,16651
statemate,7,11,11,0,0,1,216506,216506,0,216506,0,0,0,213175,3331
statemate,7,11,11,0,1,0,6657,6657,0,6657,0,0,0,0,6657
statemate,7,11,11,0,1,1,9977,9977,0,9977,0,0,0,9977,0
statemate,7,11,11,1,0,0,9985,9985,0,9985,0,0,0,3325,6660
statemate,7,11,11,1,0,1,6660,6660,0,6660,0,0,0,6660,0
statemate,7,11,11,1,1,0,4,4,0,0,0,0,0,0,0
statemate,8,00,00,0,0,0,26707,26707,0,26707,0,0,0,23373,3334
statemate,8,00,00,0,0,1,3,3,0,3,0,0,0,0,3
statemate,8,00,00,0,1,0,3327,3327,0,3327,0,0,0,3327,0
statemate,8,00,00,1,0,0,3331,3331,0,3330,0,0,0,0,3330
statemate,8,00,00,1,0,1,3327,3327,0,3327,0,0,0,3326,1
statemate,8,00,01,0,1,0,10053,10053,0,9988,0,0,0,6660,3328
statemate,8,00,01,0,1,1,1,1,0,1,0,0,0,0,1
statemate,8,00,01,1,1,0,1,1,0,0,0,0,0,0,0
statemate,8,01,00,0,1,0,2,2,0,2,0,0,0,2,0
statemate,8,01,00,0,1,1,1,1,0,1,0,0,0,0,1
statemate,8,01,01,0,0,0,6687,6687,0,3356,0,0,0,3343,13
statemate,8,01,01,0,0,1,3341,3341,0,3341,0,0,0,0,3341
statemate,8,01,01,0,1,0,11,11,0,11,0,0,0,5,6
statemate,8,01,01,0,1,1,2,2,0,2,0,0,0,0,2
statemate,8,01,01,1,0,0,3334,3334,0,2,0,0,0,0,2
statemate,8,01,01,1,0,1,3,3,0,3,0,0,0,3,0
statemate,8,01,01,1,1,0,6,6,0,1,0,0,0,0,1
statemate,8,01,10,0,1,0,3330,3330,0,3330,0,0,0,3330,0
statemate,8,01,10,1,1,0,2,2,0,0,0,0,0,0,0
statemate,8,01,11,0,1,0,3327,3327,0,3327,0,0,0,3327,0
statemate,8,01,11,0,1,1,5,0,5,0,5,0,5,0,0
statemate,8,01,11,1,1,0,6,6,0,0,0,0,0,0,0
statemate,8,10,00,0,1,0,2,2,0,2,0,0,0,1,1
statemate,8,10,00,0,1,1,1,0,1,0,1,1,0,0,0
statemate,8,10,01,0,1,0,2,2,0,2,0,0,0,1,1
statemate,8,10,01,0,1,1,3,0,3,0,3,3,0,0,0
statemate,8,10,01,1,1,0,1,1,0,0,0,0,0,0,0
statemate,8,10,01,1,1,1,1,0,1,0,1,1,0,0,0
statemate,8,10,10,0,0,0,13328,13328,0,13327,0,0,0,6664,6663
statemate,8,10,10,0,0,1,3347,3347,0,3347,0,0,0,3347,0
statemate,8,10,10,0,1,0,2,2,0,2,0,0,0,1,1
statemate,8,10,10,1,0,0,7,7,0,7,0,0,0,6,1
statemate,8,10,10,1,0,1,1,1,0,1,0,0,0,1,0
statemate,8,10,11,0,1,0,2,2,0,2,0,0,0,2,0
statemate,8,10,11,0,1,1,6651,6651,0,6651,0,0,0,6651,0
statemate,8,10,11,1,1,0,3331,3331,0,0,0,0,0,0,0
statemate,8,11,00,0,1,0,6656,6656,0,6656,0,0,0,3328,3328
statemate,8,11,00,0,1,1,3325,0,3325,0,3325,3325,0,0,0
statemate,8,11,01,0,1,0,2,2,0,2,0,0,0,2,0
statemate,8,11,01,0,1,1,6655,0,6655,0,6655,6655,0,0,0
statemate,8,11,01,1,1,0,1,1,0,0,0,0,0,0,0
statemate,8,11,01,1,1,1,3329,0,3329,0,3329,3329,0,0,0
statemate,8,11,10,0,1,0,3330,3330,0,3330,0,0,0,3330,0
statemate,8,11,11,0,0,0,26643,26643,0,19981,0,0,0,3330,16651
statemate,8,11,11,0,0,1,216506,216506,0,216506,0,0,0,213175,3331
statemate,8,11,11,0,1,0,6657,6657,0,6657,0,0,0,0,6657
statemate,8,11,11,0,1,1,9977,9977,0,9977,0,0,0,9977,0
statemate,8,11,11,1,0,0,9985,9985,0,9985,0,0,0,3325,6660
statemate,8,11,11,1,0,1,6660,6660,0,6660,0,0,0,6660,0
statemate,8,11,11,1,1,0,4,4,0,0,0,0,0,0,0
