Copyright 1986-2022 Xilinx, Inc. All Rights Reserved. Copyright 2022-2024 Advanced Micro Devices, Inc. All Rights Reserved.
---------------------------------------------------------------------------------------------------------------------------------------------
| Tool Version : Vivado v.2024.2 (win64) Build 5239630 Fri Nov 08 22:35:27 MST 2024
| Date         : Thu Sep 17 16:05:26 2026
| Host         : PavilionPlus1 running 64-bit major release  (build 9200)
| Command      : report_methodology -file V:/stage6_sgf/synthesis_methodology.rpt
| Design       : rv32i_pipeline_sgf_top
| Device       : xc7a35tcpg236-1
| Speed File   : -1
| Design State : Synthesized
---------------------------------------------------------------------------------------------------------------------------------------------

Report Methodology

Table of Contents
-----------------
1. REPORT SUMMARY
2. REPORT DETAILS

1. REPORT SUMMARY
-----------------
            Netlist: rv32i_pipeline_sgf_top
          Floorplan: design_1
      Design limits: <entire design considered>
             Max checks: <unlimited>
             Checks found: 1779
+-----------+----------+-----------------------------------------------------------+--------+
| Rule      | Severity | Description                                               | Checks |
+-----------+----------+-----------------------------------------------------------+--------+
| DPIR-1    | Warning  | Asynchronous driver check                                 | 414    |
| SYNTH-5   | Warning  | Mapped onto distributed RAM because of timing constraints | 256    |
| SYNTH-10  | Warning  | Wide multiplier                                           | 12     |
| TIMING-16 | Warning  | Large setup violation                                     | 1000   |
| TIMING-18 | Warning  | Missing input or output delay                             | 97     |
+-----------+----------+-----------------------------------------------------------+--------+

2. REPORT DETAILS
-----------------
DPIR-1#1 Warning
Asynchronous driver check  
DSP u_mdu/mul_ss_out0 input pin u_mdu/mul_ss_out0/A[0] is connected to registers with an asynchronous reset. This is preventing the possibility of merging these registers in to the DSP Block since the DSP block registers only possess synchronous reset capability.  It is suggested to recode or change these registers to remove the reset or use a synchronous reset to get the best optimization for performance, power and area.
Related violations: <none>

DPIR-1#2 Warning
Asynchronous driver check  
DSP u_mdu/mul_ss_out0 input pin u_mdu/mul_ss_out0/A[10] is connected to registers with an asynchronous reset. This is preventing the possibility of merging these registers in to the DSP Block since the DSP block registers only possess synchronous reset capability.  It is suggested to recode or change these registers to remove the reset or use a synchronous reset to get the best optimization for performance, power and area.
Related violations: <none>

DPIR-1#3 Warning
Asynchronous driver check  
DSP u_mdu/mul_ss_out0 input pin u_mdu/mul_ss_out0/A[11] is connected to registers with an asynchronous reset. This is preventing the possibility of merging these registers in to the DSP Block since the DSP block registers only possess synchronous reset capability.  It is suggested to recode or change these registers to remove the reset or use a synchronous reset to get the best optimization for performance, power and area.
Related violations: <none>

DPIR-1#4 Warning
Asynchronous driver check  
DSP u_mdu/mul_ss_out0 input pin u_mdu/mul_ss_out0/A[12] is connected to registers with an asynchronous reset. This is preventing the possibility of merging these registers in to the DSP Block since the DSP block registers only possess synchronous reset capability.  It is suggested to recode or change these registers to remove the reset or use a synchronous reset to get the best optimization for performance, power and area.
Related violations: <none>

DPIR-1#5 Warning
Asynchronous driver check  
DSP u_mdu/mul_ss_out0 input pin u_mdu/mul_ss_out0/A[13] is connected to registers with an asynchronous reset. This is preventing the possibility of merging these registers in to the DSP Block since the DSP block registers only possess synchronous reset capability.  It is suggested to recode or change these registers to remove the reset or use a synchronous reset to get the best optimization for performance, power and area.
Related violations: <none>

DPIR-1#6 Warning
Asynchronous driver check  
DSP u_mdu/mul_ss_out0 input pin u_mdu/mul_ss_out0/A[14] is connected to registers with an asynchronous reset. This is preventing the possibility of merging these registers in to the DSP Block since the DSP block registers only possess synchronous reset capability.  It is suggested to recode or change these registers to remove the reset or use a synchronous reset to get the best optimization for performance, power and area.
Related violations: <none>

DPIR-1#7 Warning
Asynchronous driver check  
DSP u_mdu/mul_ss_out0 input pin u_mdu/mul_ss_out0/A[15] is connected to registers with an asynchronous reset. This is preventing the possibility of merging these registers in to the DSP Block since the DSP block registers only possess synchronous reset capability.  It is suggested to recode or change these registers to remove the reset or use a synchronous reset to get the best optimization for performance, power and area.
Related violations: <none>

DPIR-1#8 Warning
Asynchronous driver check  
DSP u_mdu/mul_ss_out0 input pin u_mdu/mul_ss_out0/A[16] is connected to registers with an asynchronous reset. This is preventing the possibility of merging these registers in to the DSP Block since the DSP block registers only possess synchronous reset capability.  It is suggested to recode or change these registers to remove the reset or use a synchronous reset to get the best optimization for performance, power and area.
Related violations: <none>

DPIR-1#9 Warning
Asynchronous driver check  
DSP u_mdu/mul_ss_out0 input pin u_mdu/mul_ss_out0/A[1] is connected to registers with an asynchronous reset. This is preventing the possibility of merging these registers in to the DSP Block since the DSP block registers only possess synchronous reset capability.  It is suggested to recode or change these registers to remove the reset or use a synchronous reset to get the best optimization for performance, power and area.
Related violations: <none>

DPIR-1#10 Warning
Asynchronous driver check  
DSP u_mdu/mul_ss_out0 input pin u_mdu/mul_ss_out0/A[2] is connected to registers with an asynchronous reset. This is preventing the possibility of merging these registers in to the DSP Block since the DSP block registers only possess synchronous reset capability.  It is suggested to recode or change these registers to remove the reset or use a synchronous reset to get the best optimization for performance, power and area.
Related violations: <none>

DPIR-1#11 Warning
Asynchronous driver check  
DSP u_mdu/mul_ss_out0 input pin u_mdu/mul_ss_out0/A[3] is connected to registers with an asynchronous reset. This is preventing the possibility of merging these registers in to the DSP Block since the DSP block registers only possess synchronous reset capability.  It is suggested to recode or change these registers to remove the reset or use a synchronous reset to get the best optimization for performance, power and area.
Related violations: <none>

DPIR-1#12 Warning
Asynchronous driver check  
DSP u_mdu/mul_ss_out0 input pin u_mdu/mul_ss_out0/A[4] is connected to registers with an asynchronous reset. This is preventing the possibility of merging these registers in to the DSP Block since the DSP block registers only possess synchronous reset capability.  It is suggested to recode or change these registers to remove the reset or use a synchronous reset to get the best optimization for performance, power and area.
Related violations: <none>

DPIR-1#13 Warning
Asynchronous driver check  
DSP u_mdu/mul_ss_out0 input pin u_mdu/mul_ss_out0/A[5] is connected to registers with an asynchronous reset. This is preventing the possibility of merging these registers in to the DSP Block since the DSP block registers only possess synchronous reset capability.  It is suggested to recode or change these registers to remove the reset or use a synchronous reset to get the best optimization for performance, power and area.
Related violations: <none>

DPIR-1#14 Warning
Asynchronous driver check  
DSP u_mdu/mul_ss_out0 input pin u_mdu/mul_ss_out0/A[6] is connected to registers with an asynchronous reset. This is preventing the possibility of merging these registers in to the DSP Block since the DSP block registers only possess synchronous reset capability.  It is suggested to recode or change these registers to remove the reset or use a synchronous reset to get the best optimization for performance, power and area.
Related violations: <none>

DPIR-1#15 Warning
Asynchronous driver check  
DSP u_mdu/mul_ss_out0 input pin u_mdu/mul_ss_out0/A[7] is connected to registers with an asynchronous reset. This is preventing the possibility of merging these registers in to the DSP Block since the DSP block registers only possess synchronous reset capability.  It is suggested to recode or change these registers to remove the reset or use a synchronous reset to get the best optimization for performance, power and area.
Related violations: <none>

DPIR-1#16 Warning
Asynchronous driver check  
DSP u_mdu/mul_ss_out0 input pin u_mdu/mul_ss_out0/A[8] is connected to registers with an asynchronous reset. This is preventing the possibility of merging these registers in to the DSP Block since the DSP block registers only possess synchronous reset capability.  It is suggested to recode or change these registers to remove the reset or use a synchronous reset to get the best optimization for performance, power and area.
Related violations: <none>

DPIR-1#17 Warning
Asynchronous driver check  
DSP u_mdu/mul_ss_out0 input pin u_mdu/mul_ss_out0/A[9] is connected to registers with an asynchronous reset. This is preventing the possibility of merging these registers in to the DSP Block since the DSP block registers only possess synchronous reset capability.  It is suggested to recode or change these registers to remove the reset or use a synchronous reset to get the best optimization for performance, power and area.
Related violations: <none>

DPIR-1#18 Warning
Asynchronous driver check  
DSP u_mdu/mul_ss_out0 input pin u_mdu/mul_ss_out0/B[0] is connected to registers with an asynchronous reset. This is preventing the possibility of merging these registers in to the DSP Block since the DSP block registers only possess synchronous reset capability.  It is suggested to recode or change these registers to remove the reset or use a synchronous reset to get the best optimization for performance, power and area.
Related violations: <none>

DPIR-1#19 Warning
Asynchronous driver check  
DSP u_mdu/mul_ss_out0 input pin u_mdu/mul_ss_out0/B[10] is connected to registers with an asynchronous reset. This is preventing the possibility of merging these registers in to the DSP Block since the DSP block registers only possess synchronous reset capability.  It is suggested to recode or change these registers to remove the reset or use a synchronous reset to get the best optimization for performance, power and area.
Related violations: <none>

DPIR-1#20 Warning
Asynchronous driver check  
DSP u_mdu/mul_ss_out0 input pin u_mdu/mul_ss_out0/B[11] is connected to registers with an asynchronous reset. This is preventing the possibility of merging these registers in to the DSP Block since the DSP block registers only possess synchronous reset capability.  It is suggested to recode or change these registers to remove the reset or use a synchronous reset to get the best optimization for performance, power and area.
Related violations: <none>

DPIR-1#21 Warning
Asynchronous driver check  
DSP u_mdu/mul_ss_out0 input pin u_mdu/mul_ss_out0/B[12] is connected to registers with an asynchronous reset. This is preventing the possibility of merging these registers in to the DSP Block since the DSP block registers only possess synchronous reset capability.  It is suggested to recode or change these registers to remove the reset or use a synchronous reset to get the best optimization for performance, power and area.
Related violations: <none>

DPIR-1#22 Warning
Asynchronous driver check  
DSP u_mdu/mul_ss_out0 input pin u_mdu/mul_ss_out0/B[13] is connected to registers with an asynchronous reset. This is preventing the possibility of merging these registers in to the DSP Block since the DSP block registers only possess synchronous reset capability.  It is suggested to recode or change these registers to remove the reset or use a synchronous reset to get the best optimization for performance, power and area.
Related violations: <none>

DPIR-1#23 Warning
Asynchronous driver check  
DSP u_mdu/mul_ss_out0 input pin u_mdu/mul_ss_out0/B[14] is connected to registers with an asynchronous reset. This is preventing the possibility of merging these registers in to the DSP Block since the DSP block registers only possess synchronous reset capability.  It is suggested to recode or change these registers to remove the reset or use a synchronous reset to get the best optimization for performance, power and area.
Related violations: <none>

DPIR-1#24 Warning
Asynchronous driver check  
DSP u_mdu/mul_ss_out0 input pin u_mdu/mul_ss_out0/B[15] is connected to registers with an asynchronous reset. This is preventing the possibility of merging these registers in to the DSP Block since the DSP block registers only possess synchronous reset capability.  It is suggested to recode or change these registers to remove the reset or use a synchronous reset to get the best optimization for performance, power and area.
Related violations: <none>

DPIR-1#25 Warning
Asynchronous driver check  
DSP u_mdu/mul_ss_out0 input pin u_mdu/mul_ss_out0/B[16] is connected to registers with an asynchronous reset. This is preventing the possibility of merging these registers in to the DSP Block since the DSP block registers only possess synchronous reset capability.  It is suggested to recode or change these registers to remove the reset or use a synchronous reset to get the best optimization for performance, power and area.
Related violations: <none>

DPIR-1#26 Warning
Asynchronous driver check  
DSP u_mdu/mul_ss_out0 input pin u_mdu/mul_ss_out0/B[17] is connected to registers with an asynchronous reset. This is preventing the possibility of merging these registers in to the DSP Block since the DSP block registers only possess synchronous reset capability.  It is suggested to recode or change these registers to remove the reset or use a synchronous reset to get the best optimization for performance, power and area.
Related violations: <none>

DPIR-1#27 Warning
Asynchronous driver check  
DSP u_mdu/mul_ss_out0 input pin u_mdu/mul_ss_out0/B[1] is connected to registers with an asynchronous reset. This is preventing the possibility of merging these registers in to the DSP Block since the DSP block registers only possess synchronous reset capability.  It is suggested to recode or change these registers to remove the reset or use a synchronous reset to get the best optimization for performance, power and area.
Related violations: <none>

DPIR-1#28 Warning
Asynchronous driver check  
DSP u_mdu/mul_ss_out0 input pin u_mdu/mul_ss_out0/B[2] is connected to registers with an asynchronous reset. This is preventing the possibility of merging these registers in to the DSP Block since the DSP block registers only possess synchronous reset capability.  It is suggested to recode or change these registers to remove the reset or use a synchronous reset to get the best optimization for performance, power and area.
Related violations: <none>

DPIR-1#29 Warning
Asynchronous driver check  
DSP u_mdu/mul_ss_out0 input pin u_mdu/mul_ss_out0/B[3] is connected to registers with an asynchronous reset. This is preventing the possibility of merging these registers in to the DSP Block since the DSP block registers only possess synchronous reset capability.  It is suggested to recode or change these registers to remove the reset or use a synchronous reset to get the best optimization for performance, power and area.
Related violations: <none>

DPIR-1#30 Warning
Asynchronous driver check  
DSP u_mdu/mul_ss_out0 input pin u_mdu/mul_ss_out0/B[4] is connected to registers with an asynchronous reset. This is preventing the possibility of merging these registers in to the DSP Block since the DSP block registers only possess synchronous reset capability.  It is suggested to recode or change these registers to remove the reset or use a synchronous reset to get the best optimization for performance, power and area.
Related violations: <none>

DPIR-1#31 Warning
Asynchronous driver check  
DSP u_mdu/mul_ss_out0 input pin u_mdu/mul_ss_out0/B[5] is connected to registers with an asynchronous reset. This is preventing the possibility of merging these registers in to the DSP Block since the DSP block registers only possess synchronous reset capability.  It is suggested to recode or change these registers to remove the reset or use a synchronous reset to get the best optimization for performance, power and area.
Related violations: <none>

DPIR-1#32 Warning
Asynchronous driver check  
DSP u_mdu/mul_ss_out0 input pin u_mdu/mul_ss_out0/B[6] is connected to registers with an asynchronous reset. This is preventing the possibility of merging these registers in to the DSP Block since the DSP block registers only possess synchronous reset capability.  It is suggested to recode or change these registers to remove the reset or use a synchronous reset to get the best optimization for performance, power and area.
Related violations: <none>

DPIR-1#33 Warning
Asynchronous driver check  
DSP u_mdu/mul_ss_out0 input pin u_mdu/mul_ss_out0/B[7] is connected to registers with an asynchronous reset. This is preventing the possibility of merging these registers in to the DSP Block since the DSP block registers only possess synchronous reset capability.  It is suggested to recode or change these registers to remove the reset or use a synchronous reset to get the best optimization for performance, power and area.
Related violations: <none>

DPIR-1#34 Warning
Asynchronous driver check  
DSP u_mdu/mul_ss_out0 input pin u_mdu/mul_ss_out0/B[8] is connected to registers with an asynchronous reset. This is preventing the possibility of merging these registers in to the DSP Block since the DSP block registers only possess synchronous reset capability.  It is suggested to recode or change these registers to remove the reset or use a synchronous reset to get the best optimization for performance, power and area.
Related violations: <none>

DPIR-1#35 Warning
Asynchronous driver check  
DSP u_mdu/mul_ss_out0 input pin u_mdu/mul_ss_out0/B[9] is connected to registers with an asynchronous reset. This is preventing the possibility of merging these registers in to the DSP Block since the DSP block registers only possess synchronous reset capability.  It is suggested to recode or change these registers to remove the reset or use a synchronous reset to get the best optimization for performance, power and area.
Related violations: <none>

DPIR-1#36 Warning
Asynchronous driver check  
DSP u_mdu/mul_ss_out0__0 input pin u_mdu/mul_ss_out0__0/A[0] is connected to registers with an asynchronous reset. This is preventing the possibility of merging these registers in to the DSP Block since the DSP block registers only possess synchronous reset capability.  It is suggested to recode or change these registers to remove the reset or use a synchronous reset to get the best optimization for performance, power and area.
Related violations: <none>

DPIR-1#37 Warning
Asynchronous driver check  
DSP u_mdu/mul_ss_out0__0 input pin u_mdu/mul_ss_out0__0/A[10] is connected to registers with an asynchronous reset. This is preventing the possibility of merging these registers in to the DSP Block since the DSP block registers only possess synchronous reset capability.  It is suggested to recode or change these registers to remove the reset or use a synchronous reset to get the best optimization for performance, power and area.
Related violations: <none>

DPIR-1#38 Warning
Asynchronous driver check  
DSP u_mdu/mul_ss_out0__0 input pin u_mdu/mul_ss_out0__0/A[11] is connected to registers with an asynchronous reset. This is preventing the possibility of merging these registers in to the DSP Block since the DSP block registers only possess synchronous reset capability.  It is suggested to recode or change these registers to remove the reset or use a synchronous reset to get the best optimization for performance, power and area.
Related violations: <none>

DPIR-1#39 Warning
Asynchronous driver check  
DSP u_mdu/mul_ss_out0__0 input pin u_mdu/mul_ss_out0__0/A[12] is connected to registers with an asynchronous reset. This is preventing the possibility of merging these registers in to the DSP Block since the DSP block registers only possess synchronous reset capability.  It is suggested to recode or change these registers to remove the reset or use a synchronous reset to get the best optimization for performance, power and area.
Related violations: <none>

DPIR-1#40 Warning
Asynchronous driver check  
DSP u_mdu/mul_ss_out0__0 input pin u_mdu/mul_ss_out0__0/A[13] is connected to registers with an asynchronous reset. This is preventing the possibility of merging these registers in to the DSP Block since the DSP block registers only possess synchronous reset capability.  It is suggested to recode or change these registers to remove the reset or use a synchronous reset to get the best optimization for performance, power and area.
Related violations: <none>

DPIR-1#41 Warning
Asynchronous driver check  
DSP u_mdu/mul_ss_out0__0 input pin u_mdu/mul_ss_out0__0/A[14] is connected to registers with an asynchronous reset. This is preventing the possibility of merging these registers in to the DSP Block since the DSP block registers only possess synchronous reset capability.  It is suggested to recode or change these registers to remove the reset or use a synchronous reset to get the best optimization for performance, power and area.
Related violations: <none>

DPIR-1#42 Warning
Asynchronous driver check  
DSP u_mdu/mul_ss_out0__0 input pin u_mdu/mul_ss_out0__0/A[15] is connected to registers with an asynchronous reset. This is preventing the possibility of merging these registers in to the DSP Block since the DSP block registers only possess synchronous reset capability.  It is suggested to recode or change these registers to remove the reset or use a synchronous reset to get the best optimization for performance, power and area.
Related violations: <none>

DPIR-1#43 Warning
Asynchronous driver check  
DSP u_mdu/mul_ss_out0__0 input pin u_mdu/mul_ss_out0__0/A[16] is connected to registers with an asynchronous reset. This is preventing the possibility of merging these registers in to the DSP Block since the DSP block registers only possess synchronous reset capability.  It is suggested to recode or change these registers to remove the reset or use a synchronous reset to get the best optimization for performance, power and area.
Related violations: <none>

DPIR-1#44 Warning
Asynchronous driver check  
DSP u_mdu/mul_ss_out0__0 input pin u_mdu/mul_ss_out0__0/A[17] is connected to registers with an asynchronous reset. This is preventing the possibility of merging these registers in to the DSP Block since the DSP block registers only possess synchronous reset capability.  It is suggested to recode or change these registers to remove the reset or use a synchronous reset to get the best optimization for performance, power and area.
Related violations: <none>

DPIR-1#45 Warning
Asynchronous driver check  
DSP u_mdu/mul_ss_out0__0 input pin u_mdu/mul_ss_out0__0/A[18] is connected to registers with an asynchronous reset. This is preventing the possibility of merging these registers in to the DSP Block since the DSP block registers only possess synchronous reset capability.  It is suggested to recode or change these registers to remove the reset or use a synchronous reset to get the best optimization for performance, power and area.
Related violations: <none>

DPIR-1#46 Warning
Asynchronous driver check  
DSP u_mdu/mul_ss_out0__0 input pin u_mdu/mul_ss_out0__0/A[19] is connected to registers with an asynchronous reset. This is preventing the possibility of merging these registers in to the DSP Block since the DSP block registers only possess synchronous reset capability.  It is suggested to recode or change these registers to remove the reset or use a synchronous reset to get the best optimization for performance, power and area.
Related violations: <none>

DPIR-1#47 Warning
Asynchronous driver check  
DSP u_mdu/mul_ss_out0__0 input pin u_mdu/mul_ss_out0__0/A[1] is connected to registers with an asynchronous reset. This is preventing the possibility of merging these registers in to the DSP Block since the DSP block registers only possess synchronous reset capability.  It is suggested to recode or change these registers to remove the reset or use a synchronous reset to get the best optimization for performance, power and area.
Related violations: <none>

DPIR-1#48 Warning
Asynchronous driver check  
DSP u_mdu/mul_ss_out0__0 input pin u_mdu/mul_ss_out0__0/A[20] is connected to registers with an asynchronous reset. This is preventing the possibility of merging these registers in to the DSP Block since the DSP block registers only possess synchronous reset capability.  It is suggested to recode or change these registers to remove the reset or use a synchronous reset to get the best optimization for performance, power and area.
Related violations: <none>

DPIR-1#49 Warning
Asynchronous driver check  
DSP u_mdu/mul_ss_out0__0 input pin u_mdu/mul_ss_out0__0/A[21] is connected to registers with an asynchronous reset. This is preventing the possibility of merging these registers in to the DSP Block since the DSP block registers only possess synchronous reset capability.  It is suggested to recode or change these registers to remove the reset or use a synchronous reset to get the best optimization for performance, power and area.
Related violations: <none>

DPIR-1#50 Warning
Asynchronous driver check  
DSP u_mdu/mul_ss_out0__0 input pin u_mdu/mul_ss_out0__0/A[22] is connected to registers with an asynchronous reset. This is preventing the possibility of merging these registers in to the DSP Block since the DSP block registers only possess synchronous reset capability.  It is suggested to recode or change these registers to remove the reset or use a synchronous reset to get the best optimization for performance, power and area.
Related violations: <none>

DPIR-1#51 Warning
Asynchronous driver check  
DSP u_mdu/mul_ss_out0__0 input pin u_mdu/mul_ss_out0__0/A[23] is connected to registers with an asynchronous reset. This is preventing the possibility of merging these registers in to the DSP Block since the DSP block registers only possess synchronous reset capability.  It is suggested to recode or change these registers to remove the reset or use a synchronous reset to get the best optimization for performance, power and area.
Related violations: <none>

DPIR-1#52 Warning
Asynchronous driver check  
DSP u_mdu/mul_ss_out0__0 input pin u_mdu/mul_ss_out0__0/A[24] is connected to registers with an asynchronous reset. This is preventing the possibility of merging these registers in to the DSP Block since the DSP block registers only possess synchronous reset capability.  It is suggested to recode or change these registers to remove the reset or use a synchronous reset to get the best optimization for performance, power and area.
Related violations: <none>

DPIR-1#53 Warning
Asynchronous driver check  
DSP u_mdu/mul_ss_out0__0 input pin u_mdu/mul_ss_out0__0/A[25] is connected to registers with an asynchronous reset. This is preventing the possibility of merging these registers in to the DSP Block since the DSP block registers only possess synchronous reset capability.  It is suggested to recode or change these registers to remove the reset or use a synchronous reset to get the best optimization for performance, power and area.
Related violations: <none>

DPIR-1#54 Warning
Asynchronous driver check  
DSP u_mdu/mul_ss_out0__0 input pin u_mdu/mul_ss_out0__0/A[26] is connected to registers with an asynchronous reset. This is preventing the possibility of merging these registers in to the DSP Block since the DSP block registers only possess synchronous reset capability.  It is suggested to recode or change these registers to remove the reset or use a synchronous reset to get the best optimization for performance, power and area.
Related violations: <none>

DPIR-1#55 Warning
Asynchronous driver check  
DSP u_mdu/mul_ss_out0__0 input pin u_mdu/mul_ss_out0__0/A[27] is connected to registers with an asynchronous reset. This is preventing the possibility of merging these registers in to the DSP Block since the DSP block registers only possess synchronous reset capability.  It is suggested to recode or change these registers to remove the reset or use a synchronous reset to get the best optimization for performance, power and area.
Related violations: <none>

DPIR-1#56 Warning
Asynchronous driver check  
DSP u_mdu/mul_ss_out0__0 input pin u_mdu/mul_ss_out0__0/A[28] is connected to registers with an asynchronous reset. This is preventing the possibility of merging these registers in to the DSP Block since the DSP block registers only possess synchronous reset capability.  It is suggested to recode or change these registers to remove the reset or use a synchronous reset to get the best optimization for performance, power and area.
Related violations: <none>

DPIR-1#57 Warning
Asynchronous driver check  
DSP u_mdu/mul_ss_out0__0 input pin u_mdu/mul_ss_out0__0/A[29] is connected to registers with an asynchronous reset. This is preventing the possibility of merging these registers in to the DSP Block since the DSP block registers only possess synchronous reset capability.  It is suggested to recode or change these registers to remove the reset or use a synchronous reset to get the best optimization for performance, power and area.
Related violations: <none>

DPIR-1#58 Warning
Asynchronous driver check  
DSP u_mdu/mul_ss_out0__0 input pin u_mdu/mul_ss_out0__0/A[2] is connected to registers with an asynchronous reset. This is preventing the possibility of merging these registers in to the DSP Block since the DSP block registers only possess synchronous reset capability.  It is suggested to recode or change these registers to remove the reset or use a synchronous reset to get the best optimization for performance, power and area.
Related violations: <none>

DPIR-1#59 Warning
Asynchronous driver check  
DSP u_mdu/mul_ss_out0__0 input pin u_mdu/mul_ss_out0__0/A[3] is connected to registers with an asynchronous reset. This is preventing the possibility of merging these registers in to the DSP Block since the DSP block registers only possess synchronous reset capability.  It is suggested to recode or change these registers to remove the reset or use a synchronous reset to get the best optimization for performance, power and area.
Related violations: <none>

DPIR-1#60 Warning
Asynchronous driver check  
DSP u_mdu/mul_ss_out0__0 input pin u_mdu/mul_ss_out0__0/A[4] is connected to registers with an asynchronous reset. This is preventing the possibility of merging these registers in to the DSP Block since the DSP block registers only possess synchronous reset capability.  It is suggested to recode or change these registers to remove the reset or use a synchronous reset to get the best optimization for performance, power and area.
Related violations: <none>

DPIR-1#61 Warning
Asynchronous driver check  
DSP u_mdu/mul_ss_out0__0 input pin u_mdu/mul_ss_out0__0/A[5] is connected to registers with an asynchronous reset. This is preventing the possibility of merging these registers in to the DSP Block since the DSP block registers only possess synchronous reset capability.  It is suggested to recode or change these registers to remove the reset or use a synchronous reset to get the best optimization for performance, power and area.
Related violations: <none>

DPIR-1#62 Warning
Asynchronous driver check  
DSP u_mdu/mul_ss_out0__0 input pin u_mdu/mul_ss_out0__0/A[6] is connected to registers with an asynchronous reset. This is preventing the possibility of merging these registers in to the DSP Block since the DSP block registers only possess synchronous reset capability.  It is suggested to recode or change these registers to remove the reset or use a synchronous reset to get the best optimization for performance, power and area.
Related violations: <none>

DPIR-1#63 Warning
Asynchronous driver check  
DSP u_mdu/mul_ss_out0__0 input pin u_mdu/mul_ss_out0__0/A[7] is connected to registers with an asynchronous reset. This is preventing the possibility of merging these registers in to the DSP Block since the DSP block registers only possess synchronous reset capability.  It is suggested to recode or change these registers to remove the reset or use a synchronous reset to get the best optimization for performance, power and area.
Related violations: <none>

DPIR-1#64 Warning
Asynchronous driver check  
DSP u_mdu/mul_ss_out0__0 input pin u_mdu/mul_ss_out0__0/A[8] is connected to registers with an asynchronous reset. This is preventing the possibility of merging these registers in to the DSP Block since the DSP block registers only possess synchronous reset capability.  It is suggested to recode or change these registers to remove the reset or use a synchronous reset to get the best optimization for performance, power and area.
Related violations: <none>

DPIR-1#65 Warning
Asynchronous driver check  
DSP u_mdu/mul_ss_out0__0 input pin u_mdu/mul_ss_out0__0/A[9] is connected to registers with an asynchronous reset. This is preventing the possibility of merging these registers in to the DSP Block since the DSP block registers only possess synchronous reset capability.  It is suggested to recode or change these registers to remove the reset or use a synchronous reset to get the best optimization for performance, power and area.
Related violations: <none>

DPIR-1#66 Warning
Asynchronous driver check  
DSP u_mdu/mul_ss_out0__0 input pin u_mdu/mul_ss_out0__0/B[0] is connected to registers with an asynchronous reset. This is preventing the possibility of merging these registers in to the DSP Block since the DSP block registers only possess synchronous reset capability.  It is suggested to recode or change these registers to remove the reset or use a synchronous reset to get the best optimization for performance, power and area.
Related violations: <none>

DPIR-1#67 Warning
Asynchronous driver check  
DSP u_mdu/mul_ss_out0__0 input pin u_mdu/mul_ss_out0__0/B[10] is connected to registers with an asynchronous reset. This is preventing the possibility of merging these registers in to the DSP Block since the DSP block registers only possess synchronous reset capability.  It is suggested to recode or change these registers to remove the reset or use a synchronous reset to get the best optimization for performance, power and area.
Related violations: <none>

DPIR-1#68 Warning
Asynchronous driver check  
DSP u_mdu/mul_ss_out0__0 input pin u_mdu/mul_ss_out0__0/B[11] is connected to registers with an asynchronous reset. This is preventing the possibility of merging these registers in to the DSP Block since the DSP block registers only possess synchronous reset capability.  It is suggested to recode or change these registers to remove the reset or use a synchronous reset to get the best optimization for performance, power and area.
Related violations: <none>

DPIR-1#69 Warning
Asynchronous driver check  
DSP u_mdu/mul_ss_out0__0 input pin u_mdu/mul_ss_out0__0/B[12] is connected to registers with an asynchronous reset. This is preventing the possibility of merging these registers in to the DSP Block since the DSP block registers only possess synchronous reset capability.  It is suggested to recode or change these registers to remove the reset or use a synchronous reset to get the best optimization for performance, power and area.
Related violations: <none>

DPIR-1#70 Warning
Asynchronous driver check  
DSP u_mdu/mul_ss_out0__0 input pin u_mdu/mul_ss_out0__0/B[13] is connected to registers with an asynchronous reset. This is preventing the possibility of merging these registers in to the DSP Block since the DSP block registers only possess synchronous reset capability.  It is suggested to recode or change these registers to remove the reset or use a synchronous reset to get the best optimization for performance, power and area.
Related violations: <none>

DPIR-1#71 Warning
Asynchronous driver check  
DSP u_mdu/mul_ss_out0__0 input pin u_mdu/mul_ss_out0__0/B[14] is connected to registers with an asynchronous reset. This is preventing the possibility of merging these registers in to the DSP Block since the DSP block registers only possess synchronous reset capability.  It is suggested to recode or change these registers to remove the reset or use a synchronous reset to get the best optimization for performance, power and area.
Related violations: <none>

DPIR-1#72 Warning
Asynchronous driver check  
DSP u_mdu/mul_ss_out0__0 input pin u_mdu/mul_ss_out0__0/B[15] is connected to registers with an asynchronous reset. This is preventing the possibility of merging these registers in to the DSP Block since the DSP block registers only possess synchronous reset capability.  It is suggested to recode or change these registers to remove the reset or use a synchronous reset to get the best optimization for performance, power and area.
Related violations: <none>

DPIR-1#73 Warning
Asynchronous driver check  
DSP u_mdu/mul_ss_out0__0 input pin u_mdu/mul_ss_out0__0/B[16] is connected to registers with an asynchronous reset. This is preventing the possibility of merging these registers in to the DSP Block since the DSP block registers only possess synchronous reset capability.  It is suggested to recode or change these registers to remove the reset or use a synchronous reset to get the best optimization for performance, power and area.
Related violations: <none>

DPIR-1#74 Warning
Asynchronous driver check  
DSP u_mdu/mul_ss_out0__0 input pin u_mdu/mul_ss_out0__0/B[17] is connected to registers with an asynchronous reset. This is preventing the possibility of merging these registers in to the DSP Block since the DSP block registers only possess synchronous reset capability.  It is suggested to recode or change these registers to remove the reset or use a synchronous reset to get the best optimization for performance, power and area.
Related violations: <none>

DPIR-1#75 Warning
Asynchronous driver check  
DSP u_mdu/mul_ss_out0__0 input pin u_mdu/mul_ss_out0__0/B[1] is connected to registers with an asynchronous reset. This is preventing the possibility of merging these registers in to the DSP Block since the DSP block registers only possess synchronous reset capability.  It is suggested to recode or change these registers to remove the reset or use a synchronous reset to get the best optimization for performance, power and area.
Related violations: <none>

DPIR-1#76 Warning
Asynchronous driver check  
DSP u_mdu/mul_ss_out0__0 input pin u_mdu/mul_ss_out0__0/B[2] is connected to registers with an asynchronous reset. This is preventing the possibility of merging these registers in to the DSP Block since the DSP block registers only possess synchronous reset capability.  It is suggested to recode or change these registers to remove the reset or use a synchronous reset to get the best optimization for performance, power and area.
Related violations: <none>

DPIR-1#77 Warning
Asynchronous driver check  
DSP u_mdu/mul_ss_out0__0 input pin u_mdu/mul_ss_out0__0/B[3] is connected to registers with an asynchronous reset. This is preventing the possibility of merging these registers in to the DSP Block since the DSP block registers only possess synchronous reset capability.  It is suggested to recode or change these registers to remove the reset or use a synchronous reset to get the best optimization for performance, power and area.
Related violations: <none>

DPIR-1#78 Warning
Asynchronous driver check  
DSP u_mdu/mul_ss_out0__0 input pin u_mdu/mul_ss_out0__0/B[4] is connected to registers with an asynchronous reset. This is preventing the possibility of merging these registers in to the DSP Block since the DSP block registers only possess synchronous reset capability.  It is suggested to recode or change these registers to remove the reset or use a synchronous reset to get the best optimization for performance, power and area.
Related violations: <none>

DPIR-1#79 Warning
Asynchronous driver check  
DSP u_mdu/mul_ss_out0__0 input pin u_mdu/mul_ss_out0__0/B[5] is connected to registers with an asynchronous reset. This is preventing the possibility of merging these registers in to the DSP Block since the DSP block registers only possess synchronous reset capability.  It is suggested to recode or change these registers to remove the reset or use a synchronous reset to get the best optimization for performance, power and area.
Related violations: <none>

DPIR-1#80 Warning
Asynchronous driver check  
DSP u_mdu/mul_ss_out0__0 input pin u_mdu/mul_ss_out0__0/B[6] is connected to registers with an asynchronous reset. This is preventing the possibility of merging these registers in to the DSP Block since the DSP block registers only possess synchronous reset capability.  It is suggested to recode or change these registers to remove the reset or use a synchronous reset to get the best optimization for performance, power and area.
Related violations: <none>

DPIR-1#81 Warning
Asynchronous driver check  
DSP u_mdu/mul_ss_out0__0 input pin u_mdu/mul_ss_out0__0/B[7] is connected to registers with an asynchronous reset. This is preventing the possibility of merging these registers in to the DSP Block since the DSP block registers only possess synchronous reset capability.  It is suggested to recode or change these registers to remove the reset or use a synchronous reset to get the best optimization for performance, power and area.
Related violations: <none>

DPIR-1#82 Warning
Asynchronous driver check  
DSP u_mdu/mul_ss_out0__0 input pin u_mdu/mul_ss_out0__0/B[8] is connected to registers with an asynchronous reset. This is preventing the possibility of merging these registers in to the DSP Block since the DSP block registers only possess synchronous reset capability.  It is suggested to recode or change these registers to remove the reset or use a synchronous reset to get the best optimization for performance, power and area.
Related violations: <none>

DPIR-1#83 Warning
Asynchronous driver check  
DSP u_mdu/mul_ss_out0__0 input pin u_mdu/mul_ss_out0__0/B[9] is connected to registers with an asynchronous reset. This is preventing the possibility of merging these registers in to the DSP Block since the DSP block registers only possess synchronous reset capability.  It is suggested to recode or change these registers to remove the reset or use a synchronous reset to get the best optimization for performance, power and area.
Related violations: <none>

DPIR-1#84 Warning
Asynchronous driver check  
DSP u_mdu/mul_ss_out0__1 input pin u_mdu/mul_ss_out0__1/A[0] is connected to registers with an asynchronous reset. This is preventing the possibility of merging these registers in to the DSP Block since the DSP block registers only possess synchronous reset capability.  It is suggested to recode or change these registers to remove the reset or use a synchronous reset to get the best optimization for performance, power and area.
Related violations: <none>

DPIR-1#85 Warning
Asynchronous driver check  
DSP u_mdu/mul_ss_out0__1 input pin u_mdu/mul_ss_out0__1/A[10] is connected to registers with an asynchronous reset. This is preventing the possibility of merging these registers in to the DSP Block since the DSP block registers only possess synchronous reset capability.  It is suggested to recode or change these registers to remove the reset or use a synchronous reset to get the best optimization for performance, power and area.
Related violations: <none>

DPIR-1#86 Warning
Asynchronous driver check  
DSP u_mdu/mul_ss_out0__1 input pin u_mdu/mul_ss_out0__1/A[11] is connected to registers with an asynchronous reset. This is preventing the possibility of merging these registers in to the DSP Block since the DSP block registers only possess synchronous reset capability.  It is suggested to recode or change these registers to remove the reset or use a synchronous reset to get the best optimization for performance, power and area.
Related violations: <none>

DPIR-1#87 Warning
Asynchronous driver check  
DSP u_mdu/mul_ss_out0__1 input pin u_mdu/mul_ss_out0__1/A[12] is connected to registers with an asynchronous reset. This is preventing the possibility of merging these registers in to the DSP Block since the DSP block registers only possess synchronous reset capability.  It is suggested to recode or change these registers to remove the reset or use a synchronous reset to get the best optimization for performance, power and area.
Related violations: <none>

DPIR-1#88 Warning
Asynchronous driver check  
DSP u_mdu/mul_ss_out0__1 input pin u_mdu/mul_ss_out0__1/A[13] is connected to registers with an asynchronous reset. This is preventing the possibility of merging these registers in to the DSP Block since the DSP block registers only possess synchronous reset capability.  It is suggested to recode or change these registers to remove the reset or use a synchronous reset to get the best optimization for performance, power and area.
Related violations: <none>

DPIR-1#89 Warning
Asynchronous driver check  
DSP u_mdu/mul_ss_out0__1 input pin u_mdu/mul_ss_out0__1/A[14] is connected to registers with an asynchronous reset. This is preventing the possibility of merging these registers in to the DSP Block since the DSP block registers only possess synchronous reset capability.  It is suggested to recode or change these registers to remove the reset or use a synchronous reset to get the best optimization for performance, power and area.
Related violations: <none>

DPIR-1#90 Warning
Asynchronous driver check  
DSP u_mdu/mul_ss_out0__1 input pin u_mdu/mul_ss_out0__1/A[15] is connected to registers with an asynchronous reset. This is preventing the possibility of merging these registers in to the DSP Block since the DSP block registers only possess synchronous reset capability.  It is suggested to recode or change these registers to remove the reset or use a synchronous reset to get the best optimization for performance, power and area.
Related violations: <none>

DPIR-1#91 Warning
Asynchronous driver check  
DSP u_mdu/mul_ss_out0__1 input pin u_mdu/mul_ss_out0__1/A[16] is connected to registers with an asynchronous reset. This is preventing the possibility of merging these registers in to the DSP Block since the DSP block registers only possess synchronous reset capability.  It is suggested to recode or change these registers to remove the reset or use a synchronous reset to get the best optimization for performance, power and area.
Related violations: <none>

DPIR-1#92 Warning
Asynchronous driver check  
DSP u_mdu/mul_ss_out0__1 input pin u_mdu/mul_ss_out0__1/A[1] is connected to registers with an asynchronous reset. This is preventing the possibility of merging these registers in to the DSP Block since the DSP block registers only possess synchronous reset capability.  It is suggested to recode or change these registers to remove the reset or use a synchronous reset to get the best optimization for performance, power and area.
Related violations: <none>

DPIR-1#93 Warning
Asynchronous driver check  
DSP u_mdu/mul_ss_out0__1 input pin u_mdu/mul_ss_out0__1/A[2] is connected to registers with an asynchronous reset. This is preventing the possibility of merging these registers in to the DSP Block since the DSP block registers only possess synchronous reset capability.  It is suggested to recode or change these registers to remove the reset or use a synchronous reset to get the best optimization for performance, power and area.
Related violations: <none>

DPIR-1#94 Warning
Asynchronous driver check  
DSP u_mdu/mul_ss_out0__1 input pin u_mdu/mul_ss_out0__1/A[3] is connected to registers with an asynchronous reset. This is preventing the possibility of merging these registers in to the DSP Block since the DSP block registers only possess synchronous reset capability.  It is suggested to recode or change these registers to remove the reset or use a synchronous reset to get the best optimization for performance, power and area.
Related violations: <none>

DPIR-1#95 Warning
Asynchronous driver check  
DSP u_mdu/mul_ss_out0__1 input pin u_mdu/mul_ss_out0__1/A[4] is connected to registers with an asynchronous reset. This is preventing the possibility of merging these registers in to the DSP Block since the DSP block registers only possess synchronous reset capability.  It is suggested to recode or change these registers to remove the reset or use a synchronous reset to get the best optimization for performance, power and area.
Related violations: <none>

DPIR-1#96 Warning
Asynchronous driver check  
DSP u_mdu/mul_ss_out0__1 input pin u_mdu/mul_ss_out0__1/A[5] is connected to registers with an asynchronous reset. This is preventing the possibility of merging these registers in to the DSP Block since the DSP block registers only possess synchronous reset capability.  It is suggested to recode or change these registers to remove the reset or use a synchronous reset to get the best optimization for performance, power and area.
Related violations: <none>

DPIR-1#97 Warning
Asynchronous driver check  
DSP u_mdu/mul_ss_out0__1 input pin u_mdu/mul_ss_out0__1/A[6] is connected to registers with an asynchronous reset. This is preventing the possibility of merging these registers in to the DSP Block since the DSP block registers only possess synchronous reset capability.  It is suggested to recode or change these registers to remove the reset or use a synchronous reset to get the best optimization for performance, power and area.
Related violations: <none>

DPIR-1#98 Warning
Asynchronous driver check  
DSP u_mdu/mul_ss_out0__1 input pin u_mdu/mul_ss_out0__1/A[7] is connected to registers with an asynchronous reset. This is preventing the possibility of merging these registers in to the DSP Block since the DSP block registers only possess synchronous reset capability.  It is suggested to recode or change these registers to remove the reset or use a synchronous reset to get the best optimization for performance, power and area.
Related violations: <none>

DPIR-1#99 Warning
Asynchronous driver check  
DSP u_mdu/mul_ss_out0__1 input pin u_mdu/mul_ss_out0__1/A[8] is connected to registers with an asynchronous reset. This is preventing the possibility of merging these registers in to the DSP Block since the DSP block registers only possess synchronous reset capability.  It is suggested to recode or change these registers to remove the reset or use a synchronous reset to get the best optimization for performance, power and area.
Related violations: <none>

DPIR-1#100 Warning
Asynchronous driver check  
DSP u_mdu/mul_ss_out0__1 input pin u_mdu/mul_ss_out0__1/A[9] is connected to registers with an asynchronous reset. This is preventing the possibility of merging these registers in to the DSP Block since the DSP block registers only possess synchronous reset capability.  It is suggested to recode or change these registers to remove the reset or use a synchronous reset to get the best optimization for performance, power and area.
Related violations: <none>

DPIR-1#101 Warning
Asynchronous driver check  
DSP u_mdu/mul_ss_out0__1 input pin u_mdu/mul_ss_out0__1/B[0] is connected to registers with an asynchronous reset. This is preventing the possibility of merging these registers in to the DSP Block since the DSP block registers only possess synchronous reset capability.  It is suggested to recode or change these registers to remove the reset or use a synchronous reset to get the best optimization for performance, power and area.
Related violations: <none>

DPIR-1#102 Warning
Asynchronous driver check  
DSP u_mdu/mul_ss_out0__1 input pin u_mdu/mul_ss_out0__1/B[10] is connected to registers with an asynchronous reset. This is preventing the possibility of merging these registers in to the DSP Block since the DSP block registers only possess synchronous reset capability.  It is suggested to recode or change these registers to remove the reset or use a synchronous reset to get the best optimization for performance, power and area.
Related violations: <none>

DPIR-1#103 Warning
Asynchronous driver check  
DSP u_mdu/mul_ss_out0__1 input pin u_mdu/mul_ss_out0__1/B[11] is connected to registers with an asynchronous reset. This is preventing the possibility of merging these registers in to the DSP Block since the DSP block registers only possess synchronous reset capability.  It is suggested to recode or change these registers to remove the reset or use a synchronous reset to get the best optimization for performance, power and area.
Related violations: <none>

DPIR-1#104 Warning
Asynchronous driver check  
DSP u_mdu/mul_ss_out0__1 input pin u_mdu/mul_ss_out0__1/B[12] is connected to registers with an asynchronous reset. This is preventing the possibility of merging these registers in to the DSP Block since the DSP block registers only possess synchronous reset capability.  It is suggested to recode or change these registers to remove the reset or use a synchronous reset to get the best optimization for performance, power and area.
Related violations: <none>

DPIR-1#105 Warning
Asynchronous driver check  
DSP u_mdu/mul_ss_out0__1 input pin u_mdu/mul_ss_out0__1/B[13] is connected to registers with an asynchronous reset. This is preventing the possibility of merging these registers in to the DSP Block since the DSP block registers only possess synchronous reset capability.  It is suggested to recode or change these registers to remove the reset or use a synchronous reset to get the best optimization for performance, power and area.
Related violations: <none>

DPIR-1#106 Warning
Asynchronous driver check  
DSP u_mdu/mul_ss_out0__1 input pin u_mdu/mul_ss_out0__1/B[14] is connected to registers with an asynchronous reset. This is preventing the possibility of merging these registers in to the DSP Block since the DSP block registers only possess synchronous reset capability.  It is suggested to recode or change these registers to remove the reset or use a synchronous reset to get the best optimization for performance, power and area.
Related violations: <none>

DPIR-1#107 Warning
Asynchronous driver check  
DSP u_mdu/mul_ss_out0__1 input pin u_mdu/mul_ss_out0__1/B[15] is connected to registers with an asynchronous reset. This is preventing the possibility of merging these registers in to the DSP Block since the DSP block registers only possess synchronous reset capability.  It is suggested to recode or change these registers to remove the reset or use a synchronous reset to get the best optimization for performance, power and area.
Related violations: <none>

DPIR-1#108 Warning
Asynchronous driver check  
DSP u_mdu/mul_ss_out0__1 input pin u_mdu/mul_ss_out0__1/B[16] is connected to registers with an asynchronous reset. This is preventing the possibility of merging these registers in to the DSP Block since the DSP block registers only possess synchronous reset capability.  It is suggested to recode or change these registers to remove the reset or use a synchronous reset to get the best optimization for performance, power and area.
Related violations: <none>

DPIR-1#109 Warning
Asynchronous driver check  
DSP u_mdu/mul_ss_out0__1 input pin u_mdu/mul_ss_out0__1/B[1] is connected to registers with an asynchronous reset. This is preventing the possibility of merging these registers in to the DSP Block since the DSP block registers only possess synchronous reset capability.  It is suggested to recode or change these registers to remove the reset or use a synchronous reset to get the best optimization for performance, power and area.
Related violations: <none>

DPIR-1#110 Warning
Asynchronous driver check  
DSP u_mdu/mul_ss_out0__1 input pin u_mdu/mul_ss_out0__1/B[2] is connected to registers with an asynchronous reset. This is preventing the possibility of merging these registers in to the DSP Block since the DSP block registers only possess synchronous reset capability.  It is suggested to recode or change these registers to remove the reset or use a synchronous reset to get the best optimization for performance, power and area.
Related violations: <none>

DPIR-1#111 Warning
Asynchronous driver check  
DSP u_mdu/mul_ss_out0__1 input pin u_mdu/mul_ss_out0__1/B[3] is connected to registers with an asynchronous reset. This is preventing the possibility of merging these registers in to the DSP Block since the DSP block registers only possess synchronous reset capability.  It is suggested to recode or change these registers to remove the reset or use a synchronous reset to get the best optimization for performance, power and area.
Related violations: <none>

DPIR-1#112 Warning
Asynchronous driver check  
DSP u_mdu/mul_ss_out0__1 input pin u_mdu/mul_ss_out0__1/B[4] is connected to registers with an asynchronous reset. This is preventing the possibility of merging these registers in to the DSP Block since the DSP block registers only possess synchronous reset capability.  It is suggested to recode or change these registers to remove the reset or use a synchronous reset to get the best optimization for performance, power and area.
Related violations: <none>

DPIR-1#113 Warning
Asynchronous driver check  
DSP u_mdu/mul_ss_out0__1 input pin u_mdu/mul_ss_out0__1/B[5] is connected to registers with an asynchronous reset. This is preventing the possibility of merging these registers in to the DSP Block since the DSP block registers only possess synchronous reset capability.  It is suggested to recode or change these registers to remove the reset or use a synchronous reset to get the best optimization for performance, power and area.
Related violations: <none>

DPIR-1#114 Warning
Asynchronous driver check  
DSP u_mdu/mul_ss_out0__1 input pin u_mdu/mul_ss_out0__1/B[6] is connected to registers with an asynchronous reset. This is preventing the possibility of merging these registers in to the DSP Block since the DSP block registers only possess synchronous reset capability.  It is suggested to recode or change these registers to remove the reset or use a synchronous reset to get the best optimization for performance, power and area.
Related violations: <none>

DPIR-1#115 Warning
Asynchronous driver check  
DSP u_mdu/mul_ss_out0__1 input pin u_mdu/mul_ss_out0__1/B[7] is connected to registers with an asynchronous reset. This is preventing the possibility of merging these registers in to the DSP Block since the DSP block registers only possess synchronous reset capability.  It is suggested to recode or change these registers to remove the reset or use a synchronous reset to get the best optimization for performance, power and area.
Related violations: <none>

DPIR-1#116 Warning
Asynchronous driver check  
DSP u_mdu/mul_ss_out0__1 input pin u_mdu/mul_ss_out0__1/B[8] is connected to registers with an asynchronous reset. This is preventing the possibility of merging these registers in to the DSP Block since the DSP block registers only possess synchronous reset capability.  It is suggested to recode or change these registers to remove the reset or use a synchronous reset to get the best optimization for performance, power and area.
Related violations: <none>

DPIR-1#117 Warning
Asynchronous driver check  
DSP u_mdu/mul_ss_out0__1 input pin u_mdu/mul_ss_out0__1/B[9] is connected to registers with an asynchronous reset. This is preventing the possibility of merging these registers in to the DSP Block since the DSP block registers only possess synchronous reset capability.  It is suggested to recode or change these registers to remove the reset or use a synchronous reset to get the best optimization for performance, power and area.
Related violations: <none>

DPIR-1#118 Warning
Asynchronous driver check  
DSP u_mdu/mul_ss_out0__2 input pin u_mdu/mul_ss_out0__2/A[0] is connected to registers with an asynchronous reset. This is preventing the possibility of merging these registers in to the DSP Block since the DSP block registers only possess synchronous reset capability.  It is suggested to recode or change these registers to remove the reset or use a synchronous reset to get the best optimization for performance, power and area.
Related violations: <none>

DPIR-1#119 Warning
Asynchronous driver check  
DSP u_mdu/mul_ss_out0__2 input pin u_mdu/mul_ss_out0__2/A[10] is connected to registers with an asynchronous reset. This is preventing the possibility of merging these registers in to the DSP Block since the DSP block registers only possess synchronous reset capability.  It is suggested to recode or change these registers to remove the reset or use a synchronous reset to get the best optimization for performance, power and area.
Related violations: <none>

DPIR-1#120 Warning
Asynchronous driver check  
DSP u_mdu/mul_ss_out0__2 input pin u_mdu/mul_ss_out0__2/A[11] is connected to registers with an asynchronous reset. This is preventing the possibility of merging these registers in to the DSP Block since the DSP block registers only possess synchronous reset capability.  It is suggested to recode or change these registers to remove the reset or use a synchronous reset to get the best optimization for performance, power and area.
Related violations: <none>

DPIR-1#121 Warning
Asynchronous driver check  
DSP u_mdu/mul_ss_out0__2 input pin u_mdu/mul_ss_out0__2/A[12] is connected to registers with an asynchronous reset. This is preventing the possibility of merging these registers in to the DSP Block since the DSP block registers only possess synchronous reset capability.  It is suggested to recode or change these registers to remove the reset or use a synchronous reset to get the best optimization for performance, power and area.
Related violations: <none>

DPIR-1#122 Warning
Asynchronous driver check  
DSP u_mdu/mul_ss_out0__2 input pin u_mdu/mul_ss_out0__2/A[13] is connected to registers with an asynchronous reset. This is preventing the possibility of merging these registers in to the DSP Block since the DSP block registers only possess synchronous reset capability.  It is suggested to recode or change these registers to remove the reset or use a synchronous reset to get the best optimization for performance, power and area.
Related violations: <none>

DPIR-1#123 Warning
Asynchronous driver check  
DSP u_mdu/mul_ss_out0__2 input pin u_mdu/mul_ss_out0__2/A[14] is connected to registers with an asynchronous reset. This is preventing the possibility of merging these registers in to the DSP Block since the DSP block registers only possess synchronous reset capability.  It is suggested to recode or change these registers to remove the reset or use a synchronous reset to get the best optimization for performance, power and area.
Related violations: <none>

DPIR-1#124 Warning
Asynchronous driver check  
DSP u_mdu/mul_ss_out0__2 input pin u_mdu/mul_ss_out0__2/A[15] is connected to registers with an asynchronous reset. This is preventing the possibility of merging these registers in to the DSP Block since the DSP block registers only possess synchronous reset capability.  It is suggested to recode or change these registers to remove the reset or use a synchronous reset to get the best optimization for performance, power and area.
Related violations: <none>

DPIR-1#125 Warning
Asynchronous driver check  
DSP u_mdu/mul_ss_out0__2 input pin u_mdu/mul_ss_out0__2/A[16] is connected to registers with an asynchronous reset. This is preventing the possibility of merging these registers in to the DSP Block since the DSP block registers only possess synchronous reset capability.  It is suggested to recode or change these registers to remove the reset or use a synchronous reset to get the best optimization for performance, power and area.
Related violations: <none>

DPIR-1#126 Warning
Asynchronous driver check  
DSP u_mdu/mul_ss_out0__2 input pin u_mdu/mul_ss_out0__2/A[1] is connected to registers with an asynchronous reset. This is preventing the possibility of merging these registers in to the DSP Block since the DSP block registers only possess synchronous reset capability.  It is suggested to recode or change these registers to remove the reset or use a synchronous reset to get the best optimization for performance, power and area.
Related violations: <none>

DPIR-1#127 Warning
Asynchronous driver check  
DSP u_mdu/mul_ss_out0__2 input pin u_mdu/mul_ss_out0__2/A[2] is connected to registers with an asynchronous reset. This is preventing the possibility of merging these registers in to the DSP Block since the DSP block registers only possess synchronous reset capability.  It is suggested to recode or change these registers to remove the reset or use a synchronous reset to get the best optimization for performance, power and area.
Related violations: <none>

DPIR-1#128 Warning
Asynchronous driver check  
DSP u_mdu/mul_ss_out0__2 input pin u_mdu/mul_ss_out0__2/A[3] is connected to registers with an asynchronous reset. This is preventing the possibility of merging these registers in to the DSP Block since the DSP block registers only possess synchronous reset capability.  It is suggested to recode or change these registers to remove the reset or use a synchronous reset to get the best optimization for performance, power and area.
Related violations: <none>

DPIR-1#129 Warning
Asynchronous driver check  
DSP u_mdu/mul_ss_out0__2 input pin u_mdu/mul_ss_out0__2/A[4] is connected to registers with an asynchronous reset. This is preventing the possibility of merging these registers in to the DSP Block since the DSP block registers only possess synchronous reset capability.  It is suggested to recode or change these registers to remove the reset or use a synchronous reset to get the best optimization for performance, power and area.
Related violations: <none>

DPIR-1#130 Warning
Asynchronous driver check  
DSP u_mdu/mul_ss_out0__2 input pin u_mdu/mul_ss_out0__2/A[5] is connected to registers with an asynchronous reset. This is preventing the possibility of merging these registers in to the DSP Block since the DSP block registers only possess synchronous reset capability.  It is suggested to recode or change these registers to remove the reset or use a synchronous reset to get the best optimization for performance, power and area.
Related violations: <none>

DPIR-1#131 Warning
Asynchronous driver check  
DSP u_mdu/mul_ss_out0__2 input pin u_mdu/mul_ss_out0__2/A[6] is connected to registers with an asynchronous reset. This is preventing the possibility of merging these registers in to the DSP Block since the DSP block registers only possess synchronous reset capability.  It is suggested to recode or change these registers to remove the reset or use a synchronous reset to get the best optimization for performance, power and area.
Related violations: <none>

DPIR-1#132 Warning
Asynchronous driver check  
DSP u_mdu/mul_ss_out0__2 input pin u_mdu/mul_ss_out0__2/A[7] is connected to registers with an asynchronous reset. This is preventing the possibility of merging these registers in to the DSP Block since the DSP block registers only possess synchronous reset capability.  It is suggested to recode or change these registers to remove the reset or use a synchronous reset to get the best optimization for performance, power and area.
Related violations: <none>

DPIR-1#133 Warning
Asynchronous driver check  
DSP u_mdu/mul_ss_out0__2 input pin u_mdu/mul_ss_out0__2/A[8] is connected to registers with an asynchronous reset. This is preventing the possibility of merging these registers in to the DSP Block since the DSP block registers only possess synchronous reset capability.  It is suggested to recode or change these registers to remove the reset or use a synchronous reset to get the best optimization for performance, power and area.
Related violations: <none>

DPIR-1#134 Warning
Asynchronous driver check  
DSP u_mdu/mul_ss_out0__2 input pin u_mdu/mul_ss_out0__2/A[9] is connected to registers with an asynchronous reset. This is preventing the possibility of merging these registers in to the DSP Block since the DSP block registers only possess synchronous reset capability.  It is suggested to recode or change these registers to remove the reset or use a synchronous reset to get the best optimization for performance, power and area.
Related violations: <none>

DPIR-1#135 Warning
Asynchronous driver check  
DSP u_mdu/mul_ss_out0__2 input pin u_mdu/mul_ss_out0__2/B[0] is connected to registers with an asynchronous reset. This is preventing the possibility of merging these registers in to the DSP Block since the DSP block registers only possess synchronous reset capability.  It is suggested to recode or change these registers to remove the reset or use a synchronous reset to get the best optimization for performance, power and area.
Related violations: <none>

DPIR-1#136 Warning
Asynchronous driver check  
DSP u_mdu/mul_ss_out0__2 input pin u_mdu/mul_ss_out0__2/B[10] is connected to registers with an asynchronous reset. This is preventing the possibility of merging these registers in to the DSP Block since the DSP block registers only possess synchronous reset capability.  It is suggested to recode or change these registers to remove the reset or use a synchronous reset to get the best optimization for performance, power and area.
Related violations: <none>

DPIR-1#137 Warning
Asynchronous driver check  
DSP u_mdu/mul_ss_out0__2 input pin u_mdu/mul_ss_out0__2/B[11] is connected to registers with an asynchronous reset. This is preventing the possibility of merging these registers in to the DSP Block since the DSP block registers only possess synchronous reset capability.  It is suggested to recode or change these registers to remove the reset or use a synchronous reset to get the best optimization for performance, power and area.
Related violations: <none>

DPIR-1#138 Warning
Asynchronous driver check  
DSP u_mdu/mul_ss_out0__2 input pin u_mdu/mul_ss_out0__2/B[12] is connected to registers with an asynchronous reset. This is preventing the possibility of merging these registers in to the DSP Block since the DSP block registers only possess synchronous reset capability.  It is suggested to recode or change these registers to remove the reset or use a synchronous reset to get the best optimization for performance, power and area.
Related violations: <none>

DPIR-1#139 Warning
Asynchronous driver check  
DSP u_mdu/mul_ss_out0__2 input pin u_mdu/mul_ss_out0__2/B[13] is connected to registers with an asynchronous reset. This is preventing the possibility of merging these registers in to the DSP Block since the DSP block registers only possess synchronous reset capability.  It is suggested to recode or change these registers to remove the reset or use a synchronous reset to get the best optimization for performance, power and area.
Related violations: <none>

DPIR-1#140 Warning
Asynchronous driver check  
DSP u_mdu/mul_ss_out0__2 input pin u_mdu/mul_ss_out0__2/B[14] is connected to registers with an asynchronous reset. This is preventing the possibility of merging these registers in to the DSP Block since the DSP block registers only possess synchronous reset capability.  It is suggested to recode or change these registers to remove the reset or use a synchronous reset to get the best optimization for performance, power and area.
Related violations: <none>

DPIR-1#141 Warning
Asynchronous driver check  
DSP u_mdu/mul_ss_out0__2 input pin u_mdu/mul_ss_out0__2/B[15] is connected to registers with an asynchronous reset. This is preventing the possibility of merging these registers in to the DSP Block since the DSP block registers only possess synchronous reset capability.  It is suggested to recode or change these registers to remove the reset or use a synchronous reset to get the best optimization for performance, power and area.
Related violations: <none>

DPIR-1#142 Warning
Asynchronous driver check  
DSP u_mdu/mul_ss_out0__2 input pin u_mdu/mul_ss_out0__2/B[16] is connected to registers with an asynchronous reset. This is preventing the possibility of merging these registers in to the DSP Block since the DSP block registers only possess synchronous reset capability.  It is suggested to recode or change these registers to remove the reset or use a synchronous reset to get the best optimization for performance, power and area.
Related violations: <none>

DPIR-1#143 Warning
Asynchronous driver check  
DSP u_mdu/mul_ss_out0__2 input pin u_mdu/mul_ss_out0__2/B[17] is connected to registers with an asynchronous reset. This is preventing the possibility of merging these registers in to the DSP Block since the DSP block registers only possess synchronous reset capability.  It is suggested to recode or change these registers to remove the reset or use a synchronous reset to get the best optimization for performance, power and area.
Related violations: <none>

DPIR-1#144 Warning
Asynchronous driver check  
DSP u_mdu/mul_ss_out0__2 input pin u_mdu/mul_ss_out0__2/B[1] is connected to registers with an asynchronous reset. This is preventing the possibility of merging these registers in to the DSP Block since the DSP block registers only possess synchronous reset capability.  It is suggested to recode or change these registers to remove the reset or use a synchronous reset to get the best optimization for performance, power and area.
Related violations: <none>

DPIR-1#145 Warning
Asynchronous driver check  
DSP u_mdu/mul_ss_out0__2 input pin u_mdu/mul_ss_out0__2/B[2] is connected to registers with an asynchronous reset. This is preventing the possibility of merging these registers in to the DSP Block since the DSP block registers only possess synchronous reset capability.  It is suggested to recode or change these registers to remove the reset or use a synchronous reset to get the best optimization for performance, power and area.
Related violations: <none>

DPIR-1#146 Warning
Asynchronous driver check  
DSP u_mdu/mul_ss_out0__2 input pin u_mdu/mul_ss_out0__2/B[3] is connected to registers with an asynchronous reset. This is preventing the possibility of merging these registers in to the DSP Block since the DSP block registers only possess synchronous reset capability.  It is suggested to recode or change these registers to remove the reset or use a synchronous reset to get the best optimization for performance, power and area.
Related violations: <none>

DPIR-1#147 Warning
Asynchronous driver check  
DSP u_mdu/mul_ss_out0__2 input pin u_mdu/mul_ss_out0__2/B[4] is connected to registers with an asynchronous reset. This is preventing the possibility of merging these registers in to the DSP Block since the DSP block registers only possess synchronous reset capability.  It is suggested to recode or change these registers to remove the reset or use a synchronous reset to get the best optimization for performance, power and area.
Related violations: <none>

DPIR-1#148 Warning
Asynchronous driver check  
DSP u_mdu/mul_ss_out0__2 input pin u_mdu/mul_ss_out0__2/B[5] is connected to registers with an asynchronous reset. This is preventing the possibility of merging these registers in to the DSP Block since the DSP block registers only possess synchronous reset capability.  It is suggested to recode or change these registers to remove the reset or use a synchronous reset to get the best optimization for performance, power and area.
Related violations: <none>

DPIR-1#149 Warning
Asynchronous driver check  
DSP u_mdu/mul_ss_out0__2 input pin u_mdu/mul_ss_out0__2/B[6] is connected to registers with an asynchronous reset. This is preventing the possibility of merging these registers in to the DSP Block since the DSP block registers only possess synchronous reset capability.  It is suggested to recode or change these registers to remove the reset or use a synchronous reset to get the best optimization for performance, power and area.
Related violations: <none>

DPIR-1#150 Warning
Asynchronous driver check  
DSP u_mdu/mul_ss_out0__2 input pin u_mdu/mul_ss_out0__2/B[7] is connected to registers with an asynchronous reset. This is preventing the possibility of merging these registers in to the DSP Block since the DSP block registers only possess synchronous reset capability.  It is suggested to recode or change these registers to remove the reset or use a synchronous reset to get the best optimization for performance, power and area.
Related violations: <none>

DPIR-1#151 Warning
Asynchronous driver check  
DSP u_mdu/mul_ss_out0__2 input pin u_mdu/mul_ss_out0__2/B[8] is connected to registers with an asynchronous reset. This is preventing the possibility of merging these registers in to the DSP Block since the DSP block registers only possess synchronous reset capability.  It is suggested to recode or change these registers to remove the reset or use a synchronous reset to get the best optimization for performance, power and area.
Related violations: <none>

DPIR-1#152 Warning
Asynchronous driver check  
DSP u_mdu/mul_ss_out0__2 input pin u_mdu/mul_ss_out0__2/B[9] is connected to registers with an asynchronous reset. This is preventing the possibility of merging these registers in to the DSP Block since the DSP block registers only possess synchronous reset capability.  It is suggested to recode or change these registers to remove the reset or use a synchronous reset to get the best optimization for performance, power and area.
Related violations: <none>

DPIR-1#153 Warning
Asynchronous driver check  
DSP u_mdu/mul_su_out0 input pin u_mdu/mul_su_out0/A[0] is connected to registers with an asynchronous reset. This is preventing the possibility of merging these registers in to the DSP Block since the DSP block registers only possess synchronous reset capability.  It is suggested to recode or change these registers to remove the reset or use a synchronous reset to get the best optimization for performance, power and area.
Related violations: <none>

DPIR-1#154 Warning
Asynchronous driver check  
DSP u_mdu/mul_su_out0 input pin u_mdu/mul_su_out0/A[10] is connected to registers with an asynchronous reset. This is preventing the possibility of merging these registers in to the DSP Block since the DSP block registers only possess synchronous reset capability.  It is suggested to recode or change these registers to remove the reset or use a synchronous reset to get the best optimization for performance, power and area.
Related violations: <none>

DPIR-1#155 Warning
Asynchronous driver check  
DSP u_mdu/mul_su_out0 input pin u_mdu/mul_su_out0/A[11] is connected to registers with an asynchronous reset. This is preventing the possibility of merging these registers in to the DSP Block since the DSP block registers only possess synchronous reset capability.  It is suggested to recode or change these registers to remove the reset or use a synchronous reset to get the best optimization for performance, power and area.
Related violations: <none>

DPIR-1#156 Warning
Asynchronous driver check  
DSP u_mdu/mul_su_out0 input pin u_mdu/mul_su_out0/A[12] is connected to registers with an asynchronous reset. This is preventing the possibility of merging these registers in to the DSP Block since the DSP block registers only possess synchronous reset capability.  It is suggested to recode or change these registers to remove the reset or use a synchronous reset to get the best optimization for performance, power and area.
Related violations: <none>

DPIR-1#157 Warning
Asynchronous driver check  
DSP u_mdu/mul_su_out0 input pin u_mdu/mul_su_out0/A[13] is connected to registers with an asynchronous reset. This is preventing the possibility of merging these registers in to the DSP Block since the DSP block registers only possess synchronous reset capability.  It is suggested to recode or change these registers to remove the reset or use a synchronous reset to get the best optimization for performance, power and area.
Related violations: <none>

DPIR-1#158 Warning
Asynchronous driver check  
DSP u_mdu/mul_su_out0 input pin u_mdu/mul_su_out0/A[14] is connected to registers with an asynchronous reset. This is preventing the possibility of merging these registers in to the DSP Block since the DSP block registers only possess synchronous reset capability.  It is suggested to recode or change these registers to remove the reset or use a synchronous reset to get the best optimization for performance, power and area.
Related violations: <none>

DPIR-1#159 Warning
Asynchronous driver check  
DSP u_mdu/mul_su_out0 input pin u_mdu/mul_su_out0/A[15] is connected to registers with an asynchronous reset. This is preventing the possibility of merging these registers in to the DSP Block since the DSP block registers only possess synchronous reset capability.  It is suggested to recode or change these registers to remove the reset or use a synchronous reset to get the best optimization for performance, power and area.
Related violations: <none>

DPIR-1#160 Warning
Asynchronous driver check  
DSP u_mdu/mul_su_out0 input pin u_mdu/mul_su_out0/A[16] is connected to registers with an asynchronous reset. This is preventing the possibility of merging these registers in to the DSP Block since the DSP block registers only possess synchronous reset capability.  It is suggested to recode or change these registers to remove the reset or use a synchronous reset to get the best optimization for performance, power and area.
Related violations: <none>

DPIR-1#161 Warning
Asynchronous driver check  
DSP u_mdu/mul_su_out0 input pin u_mdu/mul_su_out0/A[1] is connected to registers with an asynchronous reset. This is preventing the possibility of merging these registers in to the DSP Block since the DSP block registers only possess synchronous reset capability.  It is suggested to recode or change these registers to remove the reset or use a synchronous reset to get the best optimization for performance, power and area.
Related violations: <none>

DPIR-1#162 Warning
Asynchronous driver check  
DSP u_mdu/mul_su_out0 input pin u_mdu/mul_su_out0/A[2] is connected to registers with an asynchronous reset. This is preventing the possibility of merging these registers in to the DSP Block since the DSP block registers only possess synchronous reset capability.  It is suggested to recode or change these registers to remove the reset or use a synchronous reset to get the best optimization for performance, power and area.
Related violations: <none>

DPIR-1#163 Warning
Asynchronous driver check  
DSP u_mdu/mul_su_out0 input pin u_mdu/mul_su_out0/A[3] is connected to registers with an asynchronous reset. This is preventing the possibility of merging these registers in to the DSP Block since the DSP block registers only possess synchronous reset capability.  It is suggested to recode or change these registers to remove the reset or use a synchronous reset to get the best optimization for performance, power and area.
Related violations: <none>

DPIR-1#164 Warning
Asynchronous driver check  
DSP u_mdu/mul_su_out0 input pin u_mdu/mul_su_out0/A[4] is connected to registers with an asynchronous reset. This is preventing the possibility of merging these registers in to the DSP Block since the DSP block registers only possess synchronous reset capability.  It is suggested to recode or change these registers to remove the reset or use a synchronous reset to get the best optimization for performance, power and area.
Related violations: <none>

DPIR-1#165 Warning
Asynchronous driver check  
DSP u_mdu/mul_su_out0 input pin u_mdu/mul_su_out0/A[5] is connected to registers with an asynchronous reset. This is preventing the possibility of merging these registers in to the DSP Block since the DSP block registers only possess synchronous reset capability.  It is suggested to recode or change these registers to remove the reset or use a synchronous reset to get the best optimization for performance, power and area.
Related violations: <none>

DPIR-1#166 Warning
Asynchronous driver check  
DSP u_mdu/mul_su_out0 input pin u_mdu/mul_su_out0/A[6] is connected to registers with an asynchronous reset. This is preventing the possibility of merging these registers in to the DSP Block since the DSP block registers only possess synchronous reset capability.  It is suggested to recode or change these registers to remove the reset or use a synchronous reset to get the best optimization for performance, power and area.
Related violations: <none>

DPIR-1#167 Warning
Asynchronous driver check  
DSP u_mdu/mul_su_out0 input pin u_mdu/mul_su_out0/A[7] is connected to registers with an asynchronous reset. This is preventing the possibility of merging these registers in to the DSP Block since the DSP block registers only possess synchronous reset capability.  It is suggested to recode or change these registers to remove the reset or use a synchronous reset to get the best optimization for performance, power and area.
Related violations: <none>

DPIR-1#168 Warning
Asynchronous driver check  
DSP u_mdu/mul_su_out0 input pin u_mdu/mul_su_out0/A[8] is connected to registers with an asynchronous reset. This is preventing the possibility of merging these registers in to the DSP Block since the DSP block registers only possess synchronous reset capability.  It is suggested to recode or change these registers to remove the reset or use a synchronous reset to get the best optimization for performance, power and area.
Related violations: <none>

DPIR-1#169 Warning
Asynchronous driver check  
DSP u_mdu/mul_su_out0 input pin u_mdu/mul_su_out0/A[9] is connected to registers with an asynchronous reset. This is preventing the possibility of merging these registers in to the DSP Block since the DSP block registers only possess synchronous reset capability.  It is suggested to recode or change these registers to remove the reset or use a synchronous reset to get the best optimization for performance, power and area.
Related violations: <none>

DPIR-1#170 Warning
Asynchronous driver check  
DSP u_mdu/mul_su_out0 input pin u_mdu/mul_su_out0/B[0] is connected to registers with an asynchronous reset. This is preventing the possibility of merging these registers in to the DSP Block since the DSP block registers only possess synchronous reset capability.  It is suggested to recode or change these registers to remove the reset or use a synchronous reset to get the best optimization for performance, power and area.
Related violations: <none>

DPIR-1#171 Warning
Asynchronous driver check  
DSP u_mdu/mul_su_out0 input pin u_mdu/mul_su_out0/B[10] is connected to registers with an asynchronous reset. This is preventing the possibility of merging these registers in to the DSP Block since the DSP block registers only possess synchronous reset capability.  It is suggested to recode or change these registers to remove the reset or use a synchronous reset to get the best optimization for performance, power and area.
Related violations: <none>

DPIR-1#172 Warning
Asynchronous driver check  
DSP u_mdu/mul_su_out0 input pin u_mdu/mul_su_out0/B[11] is connected to registers with an asynchronous reset. This is preventing the possibility of merging these registers in to the DSP Block since the DSP block registers only possess synchronous reset capability.  It is suggested to recode or change these registers to remove the reset or use a synchronous reset to get the best optimization for performance, power and area.
Related violations: <none>

DPIR-1#173 Warning
Asynchronous driver check  
DSP u_mdu/mul_su_out0 input pin u_mdu/mul_su_out0/B[12] is connected to registers with an asynchronous reset. This is preventing the possibility of merging these registers in to the DSP Block since the DSP block registers only possess synchronous reset capability.  It is suggested to recode or change these registers to remove the reset or use a synchronous reset to get the best optimization for performance, power and area.
Related violations: <none>

DPIR-1#174 Warning
Asynchronous driver check  
DSP u_mdu/mul_su_out0 input pin u_mdu/mul_su_out0/B[13] is connected to registers with an asynchronous reset. This is preventing the possibility of merging these registers in to the DSP Block since the DSP block registers only possess synchronous reset capability.  It is suggested to recode or change these registers to remove the reset or use a synchronous reset to get the best optimization for performance, power and area.
Related violations: <none>

DPIR-1#175 Warning
Asynchronous driver check  
DSP u_mdu/mul_su_out0 input pin u_mdu/mul_su_out0/B[14] is connected to registers with an asynchronous reset. This is preventing the possibility of merging these registers in to the DSP Block since the DSP block registers only possess synchronous reset capability.  It is suggested to recode or change these registers to remove the reset or use a synchronous reset to get the best optimization for performance, power and area.
Related violations: <none>

DPIR-1#176 Warning
Asynchronous driver check  
DSP u_mdu/mul_su_out0 input pin u_mdu/mul_su_out0/B[15] is connected to registers with an asynchronous reset. This is preventing the possibility of merging these registers in to the DSP Block since the DSP block registers only possess synchronous reset capability.  It is suggested to recode or change these registers to remove the reset or use a synchronous reset to get the best optimization for performance, power and area.
Related violations: <none>

DPIR-1#177 Warning
Asynchronous driver check  
DSP u_mdu/mul_su_out0 input pin u_mdu/mul_su_out0/B[16] is connected to registers with an asynchronous reset. This is preventing the possibility of merging these registers in to the DSP Block since the DSP block registers only possess synchronous reset capability.  It is suggested to recode or change these registers to remove the reset or use a synchronous reset to get the best optimization for performance, power and area.
Related violations: <none>

DPIR-1#178 Warning
Asynchronous driver check  
DSP u_mdu/mul_su_out0 input pin u_mdu/mul_su_out0/B[17] is connected to registers with an asynchronous reset. This is preventing the possibility of merging these registers in to the DSP Block since the DSP block registers only possess synchronous reset capability.  It is suggested to recode or change these registers to remove the reset or use a synchronous reset to get the best optimization for performance, power and area.
Related violations: <none>

DPIR-1#179 Warning
Asynchronous driver check  
DSP u_mdu/mul_su_out0 input pin u_mdu/mul_su_out0/B[1] is connected to registers with an asynchronous reset. This is preventing the possibility of merging these registers in to the DSP Block since the DSP block registers only possess synchronous reset capability.  It is suggested to recode or change these registers to remove the reset or use a synchronous reset to get the best optimization for performance, power and area.
Related violations: <none>

DPIR-1#180 Warning
Asynchronous driver check  
DSP u_mdu/mul_su_out0 input pin u_mdu/mul_su_out0/B[2] is connected to registers with an asynchronous reset. This is preventing the possibility of merging these registers in to the DSP Block since the DSP block registers only possess synchronous reset capability.  It is suggested to recode or change these registers to remove the reset or use a synchronous reset to get the best optimization for performance, power and area.
Related violations: <none>

DPIR-1#181 Warning
Asynchronous driver check  
DSP u_mdu/mul_su_out0 input pin u_mdu/mul_su_out0/B[3] is connected to registers with an asynchronous reset. This is preventing the possibility of merging these registers in to the DSP Block since the DSP block registers only possess synchronous reset capability.  It is suggested to recode or change these registers to remove the reset or use a synchronous reset to get the best optimization for performance, power and area.
Related violations: <none>

DPIR-1#182 Warning
Asynchronous driver check  
DSP u_mdu/mul_su_out0 input pin u_mdu/mul_su_out0/B[4] is connected to registers with an asynchronous reset. This is preventing the possibility of merging these registers in to the DSP Block since the DSP block registers only possess synchronous reset capability.  It is suggested to recode or change these registers to remove the reset or use a synchronous reset to get the best optimization for performance, power and area.
Related violations: <none>

DPIR-1#183 Warning
Asynchronous driver check  
DSP u_mdu/mul_su_out0 input pin u_mdu/mul_su_out0/B[5] is connected to registers with an asynchronous reset. This is preventing the possibility of merging these registers in to the DSP Block since the DSP block registers only possess synchronous reset capability.  It is suggested to recode or change these registers to remove the reset or use a synchronous reset to get the best optimization for performance, power and area.
Related violations: <none>

DPIR-1#184 Warning
Asynchronous driver check  
DSP u_mdu/mul_su_out0 input pin u_mdu/mul_su_out0/B[6] is connected to registers with an asynchronous reset. This is preventing the possibility of merging these registers in to the DSP Block since the DSP block registers only possess synchronous reset capability.  It is suggested to recode or change these registers to remove the reset or use a synchronous reset to get the best optimization for performance, power and area.
Related violations: <none>

DPIR-1#185 Warning
Asynchronous driver check  
DSP u_mdu/mul_su_out0 input pin u_mdu/mul_su_out0/B[7] is connected to registers with an asynchronous reset. This is preventing the possibility of merging these registers in to the DSP Block since the DSP block registers only possess synchronous reset capability.  It is suggested to recode or change these registers to remove the reset or use a synchronous reset to get the best optimization for performance, power and area.
Related violations: <none>

DPIR-1#186 Warning
Asynchronous driver check  
DSP u_mdu/mul_su_out0 input pin u_mdu/mul_su_out0/B[8] is connected to registers with an asynchronous reset. This is preventing the possibility of merging these registers in to the DSP Block since the DSP block registers only possess synchronous reset capability.  It is suggested to recode or change these registers to remove the reset or use a synchronous reset to get the best optimization for performance, power and area.
Related violations: <none>

DPIR-1#187 Warning
Asynchronous driver check  
DSP u_mdu/mul_su_out0 input pin u_mdu/mul_su_out0/B[9] is connected to registers with an asynchronous reset. This is preventing the possibility of merging these registers in to the DSP Block since the DSP block registers only possess synchronous reset capability.  It is suggested to recode or change these registers to remove the reset or use a synchronous reset to get the best optimization for performance, power and area.
Related violations: <none>

DPIR-1#188 Warning
Asynchronous driver check  
DSP u_mdu/mul_su_out0__0 input pin u_mdu/mul_su_out0__0/A[0] is connected to registers with an asynchronous reset. This is preventing the possibility of merging these registers in to the DSP Block since the DSP block registers only possess synchronous reset capability.  It is suggested to recode or change these registers to remove the reset or use a synchronous reset to get the best optimization for performance, power and area.
Related violations: <none>

DPIR-1#189 Warning
Asynchronous driver check  
DSP u_mdu/mul_su_out0__0 input pin u_mdu/mul_su_out0__0/A[10] is connected to registers with an asynchronous reset. This is preventing the possibility of merging these registers in to the DSP Block since the DSP block registers only possess synchronous reset capability.  It is suggested to recode or change these registers to remove the reset or use a synchronous reset to get the best optimization for performance, power and area.
Related violations: <none>

DPIR-1#190 Warning
Asynchronous driver check  
DSP u_mdu/mul_su_out0__0 input pin u_mdu/mul_su_out0__0/A[11] is connected to registers with an asynchronous reset. This is preventing the possibility of merging these registers in to the DSP Block since the DSP block registers only possess synchronous reset capability.  It is suggested to recode or change these registers to remove the reset or use a synchronous reset to get the best optimization for performance, power and area.
Related violations: <none>

DPIR-1#191 Warning
Asynchronous driver check  
DSP u_mdu/mul_su_out0__0 input pin u_mdu/mul_su_out0__0/A[12] is connected to registers with an asynchronous reset. This is preventing the possibility of merging these registers in to the DSP Block since the DSP block registers only possess synchronous reset capability.  It is suggested to recode or change these registers to remove the reset or use a synchronous reset to get the best optimization for performance, power and area.
Related violations: <none>

DPIR-1#192 Warning
Asynchronous driver check  
DSP u_mdu/mul_su_out0__0 input pin u_mdu/mul_su_out0__0/A[13] is connected to registers with an asynchronous reset. This is preventing the possibility of merging these registers in to the DSP Block since the DSP block registers only possess synchronous reset capability.  It is suggested to recode or change these registers to remove the reset or use a synchronous reset to get the best optimization for performance, power and area.
Related violations: <none>

DPIR-1#193 Warning
Asynchronous driver check  
DSP u_mdu/mul_su_out0__0 input pin u_mdu/mul_su_out0__0/A[14] is connected to registers with an asynchronous reset. This is preventing the possibility of merging these registers in to the DSP Block since the DSP block registers only possess synchronous reset capability.  It is suggested to recode or change these registers to remove the reset or use a synchronous reset to get the best optimization for performance, power and area.
Related violations: <none>

DPIR-1#194 Warning
Asynchronous driver check  
DSP u_mdu/mul_su_out0__0 input pin u_mdu/mul_su_out0__0/A[1] is connected to registers with an asynchronous reset. This is preventing the possibility of merging these registers in to the DSP Block since the DSP block registers only possess synchronous reset capability.  It is suggested to recode or change these registers to remove the reset or use a synchronous reset to get the best optimization for performance, power and area.
Related violations: <none>

DPIR-1#195 Warning
Asynchronous driver check  
DSP u_mdu/mul_su_out0__0 input pin u_mdu/mul_su_out0__0/A[2] is connected to registers with an asynchronous reset. This is preventing the possibility of merging these registers in to the DSP Block since the DSP block registers only possess synchronous reset capability.  It is suggested to recode or change these registers to remove the reset or use a synchronous reset to get the best optimization for performance, power and area.
Related violations: <none>

DPIR-1#196 Warning
Asynchronous driver check  
DSP u_mdu/mul_su_out0__0 input pin u_mdu/mul_su_out0__0/A[3] is connected to registers with an asynchronous reset. This is preventing the possibility of merging these registers in to the DSP Block since the DSP block registers only possess synchronous reset capability.  It is suggested to recode or change these registers to remove the reset or use a synchronous reset to get the best optimization for performance, power and area.
Related violations: <none>

DPIR-1#197 Warning
Asynchronous driver check  
DSP u_mdu/mul_su_out0__0 input pin u_mdu/mul_su_out0__0/A[4] is connected to registers with an asynchronous reset. This is preventing the possibility of merging these registers in to the DSP Block since the DSP block registers only possess synchronous reset capability.  It is suggested to recode or change these registers to remove the reset or use a synchronous reset to get the best optimization for performance, power and area.
Related violations: <none>

DPIR-1#198 Warning
Asynchronous driver check  
DSP u_mdu/mul_su_out0__0 input pin u_mdu/mul_su_out0__0/A[5] is connected to registers with an asynchronous reset. This is preventing the possibility of merging these registers in to the DSP Block since the DSP block registers only possess synchronous reset capability.  It is suggested to recode or change these registers to remove the reset or use a synchronous reset to get the best optimization for performance, power and area.
Related violations: <none>

DPIR-1#199 Warning
Asynchronous driver check  
DSP u_mdu/mul_su_out0__0 input pin u_mdu/mul_su_out0__0/A[6] is connected to registers with an asynchronous reset. This is preventing the possibility of merging these registers in to the DSP Block since the DSP block registers only possess synchronous reset capability.  It is suggested to recode or change these registers to remove the reset or use a synchronous reset to get the best optimization for performance, power and area.
Related violations: <none>

DPIR-1#200 Warning
Asynchronous driver check  
DSP u_mdu/mul_su_out0__0 input pin u_mdu/mul_su_out0__0/A[7] is connected to registers with an asynchronous reset. This is preventing the possibility of merging these registers in to the DSP Block since the DSP block registers only possess synchronous reset capability.  It is suggested to recode or change these registers to remove the reset or use a synchronous reset to get the best optimization for performance, power and area.
Related violations: <none>

DPIR-1#201 Warning
Asynchronous driver check  
DSP u_mdu/mul_su_out0__0 input pin u_mdu/mul_su_out0__0/A[8] is connected to registers with an asynchronous reset. This is preventing the possibility of merging these registers in to the DSP Block since the DSP block registers only possess synchronous reset capability.  It is suggested to recode or change these registers to remove the reset or use a synchronous reset to get the best optimization for performance, power and area.
Related violations: <none>

DPIR-1#202 Warning
Asynchronous driver check  
DSP u_mdu/mul_su_out0__0 input pin u_mdu/mul_su_out0__0/A[9] is connected to registers with an asynchronous reset. This is preventing the possibility of merging these registers in to the DSP Block since the DSP block registers only possess synchronous reset capability.  It is suggested to recode or change these registers to remove the reset or use a synchronous reset to get the best optimization for performance, power and area.
Related violations: <none>

DPIR-1#203 Warning
Asynchronous driver check  
DSP u_mdu/mul_su_out0__0 input pin u_mdu/mul_su_out0__0/B[0] is connected to registers with an asynchronous reset. This is preventing the possibility of merging these registers in to the DSP Block since the DSP block registers only possess synchronous reset capability.  It is suggested to recode or change these registers to remove the reset or use a synchronous reset to get the best optimization for performance, power and area.
Related violations: <none>

DPIR-1#204 Warning
Asynchronous driver check  
DSP u_mdu/mul_su_out0__0 input pin u_mdu/mul_su_out0__0/B[10] is connected to registers with an asynchronous reset. This is preventing the possibility of merging these registers in to the DSP Block since the DSP block registers only possess synchronous reset capability.  It is suggested to recode or change these registers to remove the reset or use a synchronous reset to get the best optimization for performance, power and area.
Related violations: <none>

DPIR-1#205 Warning
Asynchronous driver check  
DSP u_mdu/mul_su_out0__0 input pin u_mdu/mul_su_out0__0/B[11] is connected to registers with an asynchronous reset. This is preventing the possibility of merging these registers in to the DSP Block since the DSP block registers only possess synchronous reset capability.  It is suggested to recode or change these registers to remove the reset or use a synchronous reset to get the best optimization for performance, power and area.
Related violations: <none>

DPIR-1#206 Warning
Asynchronous driver check  
DSP u_mdu/mul_su_out0__0 input pin u_mdu/mul_su_out0__0/B[12] is connected to registers with an asynchronous reset. This is preventing the possibility of merging these registers in to the DSP Block since the DSP block registers only possess synchronous reset capability.  It is suggested to recode or change these registers to remove the reset or use a synchronous reset to get the best optimization for performance, power and area.
Related violations: <none>

DPIR-1#207 Warning
Asynchronous driver check  
DSP u_mdu/mul_su_out0__0 input pin u_mdu/mul_su_out0__0/B[13] is connected to registers with an asynchronous reset. This is preventing the possibility of merging these registers in to the DSP Block since the DSP block registers only possess synchronous reset capability.  It is suggested to recode or change these registers to remove the reset or use a synchronous reset to get the best optimization for performance, power and area.
Related violations: <none>

DPIR-1#208 Warning
Asynchronous driver check  
DSP u_mdu/mul_su_out0__0 input pin u_mdu/mul_su_out0__0/B[14] is connected to registers with an asynchronous reset. This is preventing the possibility of merging these registers in to the DSP Block since the DSP block registers only possess synchronous reset capability.  It is suggested to recode or change these registers to remove the reset or use a synchronous reset to get the best optimization for performance, power and area.
Related violations: <none>

DPIR-1#209 Warning
Asynchronous driver check  
DSP u_mdu/mul_su_out0__0 input pin u_mdu/mul_su_out0__0/B[15] is connected to registers with an asynchronous reset. This is preventing the possibility of merging these registers in to the DSP Block since the DSP block registers only possess synchronous reset capability.  It is suggested to recode or change these registers to remove the reset or use a synchronous reset to get the best optimization for performance, power and area.
Related violations: <none>

DPIR-1#210 Warning
Asynchronous driver check  
DSP u_mdu/mul_su_out0__0 input pin u_mdu/mul_su_out0__0/B[16] is connected to registers with an asynchronous reset. This is preventing the possibility of merging these registers in to the DSP Block since the DSP block registers only possess synchronous reset capability.  It is suggested to recode or change these registers to remove the reset or use a synchronous reset to get the best optimization for performance, power and area.
Related violations: <none>

DPIR-1#211 Warning
Asynchronous driver check  
DSP u_mdu/mul_su_out0__0 input pin u_mdu/mul_su_out0__0/B[17] is connected to registers with an asynchronous reset. This is preventing the possibility of merging these registers in to the DSP Block since the DSP block registers only possess synchronous reset capability.  It is suggested to recode or change these registers to remove the reset or use a synchronous reset to get the best optimization for performance, power and area.
Related violations: <none>

DPIR-1#212 Warning
Asynchronous driver check  
DSP u_mdu/mul_su_out0__0 input pin u_mdu/mul_su_out0__0/B[1] is connected to registers with an asynchronous reset. This is preventing the possibility of merging these registers in to the DSP Block since the DSP block registers only possess synchronous reset capability.  It is suggested to recode or change these registers to remove the reset or use a synchronous reset to get the best optimization for performance, power and area.
Related violations: <none>

DPIR-1#213 Warning
Asynchronous driver check  
DSP u_mdu/mul_su_out0__0 input pin u_mdu/mul_su_out0__0/B[2] is connected to registers with an asynchronous reset. This is preventing the possibility of merging these registers in to the DSP Block since the DSP block registers only possess synchronous reset capability.  It is suggested to recode or change these registers to remove the reset or use a synchronous reset to get the best optimization for performance, power and area.
Related violations: <none>

DPIR-1#214 Warning
Asynchronous driver check  
DSP u_mdu/mul_su_out0__0 input pin u_mdu/mul_su_out0__0/B[3] is connected to registers with an asynchronous reset. This is preventing the possibility of merging these registers in to the DSP Block since the DSP block registers only possess synchronous reset capability.  It is suggested to recode or change these registers to remove the reset or use a synchronous reset to get the best optimization for performance, power and area.
Related violations: <none>

DPIR-1#215 Warning
Asynchronous driver check  
DSP u_mdu/mul_su_out0__0 input pin u_mdu/mul_su_out0__0/B[4] is connected to registers with an asynchronous reset. This is preventing the possibility of merging these registers in to the DSP Block since the DSP block registers only possess synchronous reset capability.  It is suggested to recode or change these registers to remove the reset or use a synchronous reset to get the best optimization for performance, power and area.
Related violations: <none>

DPIR-1#216 Warning
Asynchronous driver check  
DSP u_mdu/mul_su_out0__0 input pin u_mdu/mul_su_out0__0/B[5] is connected to registers with an asynchronous reset. This is preventing the possibility of merging these registers in to the DSP Block since the DSP block registers only possess synchronous reset capability.  It is suggested to recode or change these registers to remove the reset or use a synchronous reset to get the best optimization for performance, power and area.
Related violations: <none>

DPIR-1#217 Warning
Asynchronous driver check  
DSP u_mdu/mul_su_out0__0 input pin u_mdu/mul_su_out0__0/B[6] is connected to registers with an asynchronous reset. This is preventing the possibility of merging these registers in to the DSP Block since the DSP block registers only possess synchronous reset capability.  It is suggested to recode or change these registers to remove the reset or use a synchronous reset to get the best optimization for performance, power and area.
Related violations: <none>

DPIR-1#218 Warning
Asynchronous driver check  
DSP u_mdu/mul_su_out0__0 input pin u_mdu/mul_su_out0__0/B[7] is connected to registers with an asynchronous reset. This is preventing the possibility of merging these registers in to the DSP Block since the DSP block registers only possess synchronous reset capability.  It is suggested to recode or change these registers to remove the reset or use a synchronous reset to get the best optimization for performance, power and area.
Related violations: <none>

DPIR-1#219 Warning
Asynchronous driver check  
DSP u_mdu/mul_su_out0__0 input pin u_mdu/mul_su_out0__0/B[8] is connected to registers with an asynchronous reset. This is preventing the possibility of merging these registers in to the DSP Block since the DSP block registers only possess synchronous reset capability.  It is suggested to recode or change these registers to remove the reset or use a synchronous reset to get the best optimization for performance, power and area.
Related violations: <none>

DPIR-1#220 Warning
Asynchronous driver check  
DSP u_mdu/mul_su_out0__0 input pin u_mdu/mul_su_out0__0/B[9] is connected to registers with an asynchronous reset. This is preventing the possibility of merging these registers in to the DSP Block since the DSP block registers only possess synchronous reset capability.  It is suggested to recode or change these registers to remove the reset or use a synchronous reset to get the best optimization for performance, power and area.
Related violations: <none>

DPIR-1#221 Warning
Asynchronous driver check  
DSP u_mdu/mul_su_out0__1 input pin u_mdu/mul_su_out0__1/A[0] is connected to registers with an asynchronous reset. This is preventing the possibility of merging these registers in to the DSP Block since the DSP block registers only possess synchronous reset capability.  It is suggested to recode or change these registers to remove the reset or use a synchronous reset to get the best optimization for performance, power and area.
Related violations: <none>

DPIR-1#222 Warning
Asynchronous driver check  
DSP u_mdu/mul_su_out0__1 input pin u_mdu/mul_su_out0__1/A[10] is connected to registers with an asynchronous reset. This is preventing the possibility of merging these registers in to the DSP Block since the DSP block registers only possess synchronous reset capability.  It is suggested to recode or change these registers to remove the reset or use a synchronous reset to get the best optimization for performance, power and area.
Related violations: <none>

DPIR-1#223 Warning
Asynchronous driver check  
DSP u_mdu/mul_su_out0__1 input pin u_mdu/mul_su_out0__1/A[11] is connected to registers with an asynchronous reset. This is preventing the possibility of merging these registers in to the DSP Block since the DSP block registers only possess synchronous reset capability.  It is suggested to recode or change these registers to remove the reset or use a synchronous reset to get the best optimization for performance, power and area.
Related violations: <none>

DPIR-1#224 Warning
Asynchronous driver check  
DSP u_mdu/mul_su_out0__1 input pin u_mdu/mul_su_out0__1/A[12] is connected to registers with an asynchronous reset. This is preventing the possibility of merging these registers in to the DSP Block since the DSP block registers only possess synchronous reset capability.  It is suggested to recode or change these registers to remove the reset or use a synchronous reset to get the best optimization for performance, power and area.
Related violations: <none>

DPIR-1#225 Warning
Asynchronous driver check  
DSP u_mdu/mul_su_out0__1 input pin u_mdu/mul_su_out0__1/A[13] is connected to registers with an asynchronous reset. This is preventing the possibility of merging these registers in to the DSP Block since the DSP block registers only possess synchronous reset capability.  It is suggested to recode or change these registers to remove the reset or use a synchronous reset to get the best optimization for performance, power and area.
Related violations: <none>

DPIR-1#226 Warning
Asynchronous driver check  
DSP u_mdu/mul_su_out0__1 input pin u_mdu/mul_su_out0__1/A[14] is connected to registers with an asynchronous reset. This is preventing the possibility of merging these registers in to the DSP Block since the DSP block registers only possess synchronous reset capability.  It is suggested to recode or change these registers to remove the reset or use a synchronous reset to get the best optimization for performance, power and area.
Related violations: <none>

DPIR-1#227 Warning
Asynchronous driver check  
DSP u_mdu/mul_su_out0__1 input pin u_mdu/mul_su_out0__1/A[15] is connected to registers with an asynchronous reset. This is preventing the possibility of merging these registers in to the DSP Block since the DSP block registers only possess synchronous reset capability.  It is suggested to recode or change these registers to remove the reset or use a synchronous reset to get the best optimization for performance, power and area.
Related violations: <none>

DPIR-1#228 Warning
Asynchronous driver check  
DSP u_mdu/mul_su_out0__1 input pin u_mdu/mul_su_out0__1/A[16] is connected to registers with an asynchronous reset. This is preventing the possibility of merging these registers in to the DSP Block since the DSP block registers only possess synchronous reset capability.  It is suggested to recode or change these registers to remove the reset or use a synchronous reset to get the best optimization for performance, power and area.
Related violations: <none>

DPIR-1#229 Warning
Asynchronous driver check  
DSP u_mdu/mul_su_out0__1 input pin u_mdu/mul_su_out0__1/A[1] is connected to registers with an asynchronous reset. This is preventing the possibility of merging these registers in to the DSP Block since the DSP block registers only possess synchronous reset capability.  It is suggested to recode or change these registers to remove the reset or use a synchronous reset to get the best optimization for performance, power and area.
Related violations: <none>

DPIR-1#230 Warning
Asynchronous driver check  
DSP u_mdu/mul_su_out0__1 input pin u_mdu/mul_su_out0__1/A[2] is connected to registers with an asynchronous reset. This is preventing the possibility of merging these registers in to the DSP Block since the DSP block registers only possess synchronous reset capability.  It is suggested to recode or change these registers to remove the reset or use a synchronous reset to get the best optimization for performance, power and area.
Related violations: <none>

DPIR-1#231 Warning
Asynchronous driver check  
DSP u_mdu/mul_su_out0__1 input pin u_mdu/mul_su_out0__1/A[3] is connected to registers with an asynchronous reset. This is preventing the possibility of merging these registers in to the DSP Block since the DSP block registers only possess synchronous reset capability.  It is suggested to recode or change these registers to remove the reset or use a synchronous reset to get the best optimization for performance, power and area.
Related violations: <none>

DPIR-1#232 Warning
Asynchronous driver check  
DSP u_mdu/mul_su_out0__1 input pin u_mdu/mul_su_out0__1/A[4] is connected to registers with an asynchronous reset. This is preventing the possibility of merging these registers in to the DSP Block since the DSP block registers only possess synchronous reset capability.  It is suggested to recode or change these registers to remove the reset or use a synchronous reset to get the best optimization for performance, power and area.
Related violations: <none>

DPIR-1#233 Warning
Asynchronous driver check  
DSP u_mdu/mul_su_out0__1 input pin u_mdu/mul_su_out0__1/A[5] is connected to registers with an asynchronous reset. This is preventing the possibility of merging these registers in to the DSP Block since the DSP block registers only possess synchronous reset capability.  It is suggested to recode or change these registers to remove the reset or use a synchronous reset to get the best optimization for performance, power and area.
Related violations: <none>

DPIR-1#234 Warning
Asynchronous driver check  
DSP u_mdu/mul_su_out0__1 input pin u_mdu/mul_su_out0__1/A[6] is connected to registers with an asynchronous reset. This is preventing the possibility of merging these registers in to the DSP Block since the DSP block registers only possess synchronous reset capability.  It is suggested to recode or change these registers to remove the reset or use a synchronous reset to get the best optimization for performance, power and area.
Related violations: <none>

DPIR-1#235 Warning
Asynchronous driver check  
DSP u_mdu/mul_su_out0__1 input pin u_mdu/mul_su_out0__1/A[7] is connected to registers with an asynchronous reset. This is preventing the possibility of merging these registers in to the DSP Block since the DSP block registers only possess synchronous reset capability.  It is suggested to recode or change these registers to remove the reset or use a synchronous reset to get the best optimization for performance, power and area.
Related violations: <none>

DPIR-1#236 Warning
Asynchronous driver check  
DSP u_mdu/mul_su_out0__1 input pin u_mdu/mul_su_out0__1/A[8] is connected to registers with an asynchronous reset. This is preventing the possibility of merging these registers in to the DSP Block since the DSP block registers only possess synchronous reset capability.  It is suggested to recode or change these registers to remove the reset or use a synchronous reset to get the best optimization for performance, power and area.
Related violations: <none>

DPIR-1#237 Warning
Asynchronous driver check  
DSP u_mdu/mul_su_out0__1 input pin u_mdu/mul_su_out0__1/A[9] is connected to registers with an asynchronous reset. This is preventing the possibility of merging these registers in to the DSP Block since the DSP block registers only possess synchronous reset capability.  It is suggested to recode or change these registers to remove the reset or use a synchronous reset to get the best optimization for performance, power and area.
Related violations: <none>

DPIR-1#238 Warning
Asynchronous driver check  
DSP u_mdu/mul_su_out0__1 input pin u_mdu/mul_su_out0__1/B[0] is connected to registers with an asynchronous reset. This is preventing the possibility of merging these registers in to the DSP Block since the DSP block registers only possess synchronous reset capability.  It is suggested to recode or change these registers to remove the reset or use a synchronous reset to get the best optimization for performance, power and area.
Related violations: <none>

DPIR-1#239 Warning
Asynchronous driver check  
DSP u_mdu/mul_su_out0__1 input pin u_mdu/mul_su_out0__1/B[10] is connected to registers with an asynchronous reset. This is preventing the possibility of merging these registers in to the DSP Block since the DSP block registers only possess synchronous reset capability.  It is suggested to recode or change these registers to remove the reset or use a synchronous reset to get the best optimization for performance, power and area.
Related violations: <none>

DPIR-1#240 Warning
Asynchronous driver check  
DSP u_mdu/mul_su_out0__1 input pin u_mdu/mul_su_out0__1/B[11] is connected to registers with an asynchronous reset. This is preventing the possibility of merging these registers in to the DSP Block since the DSP block registers only possess synchronous reset capability.  It is suggested to recode or change these registers to remove the reset or use a synchronous reset to get the best optimization for performance, power and area.
Related violations: <none>

DPIR-1#241 Warning
Asynchronous driver check  
DSP u_mdu/mul_su_out0__1 input pin u_mdu/mul_su_out0__1/B[12] is connected to registers with an asynchronous reset. This is preventing the possibility of merging these registers in to the DSP Block since the DSP block registers only possess synchronous reset capability.  It is suggested to recode or change these registers to remove the reset or use a synchronous reset to get the best optimization for performance, power and area.
Related violations: <none>

DPIR-1#242 Warning
Asynchronous driver check  
DSP u_mdu/mul_su_out0__1 input pin u_mdu/mul_su_out0__1/B[13] is connected to registers with an asynchronous reset. This is preventing the possibility of merging these registers in to the DSP Block since the DSP block registers only possess synchronous reset capability.  It is suggested to recode or change these registers to remove the reset or use a synchronous reset to get the best optimization for performance, power and area.
Related violations: <none>

DPIR-1#243 Warning
Asynchronous driver check  
DSP u_mdu/mul_su_out0__1 input pin u_mdu/mul_su_out0__1/B[14] is connected to registers with an asynchronous reset. This is preventing the possibility of merging these registers in to the DSP Block since the DSP block registers only possess synchronous reset capability.  It is suggested to recode or change these registers to remove the reset or use a synchronous reset to get the best optimization for performance, power and area.
Related violations: <none>

DPIR-1#244 Warning
Asynchronous driver check  
DSP u_mdu/mul_su_out0__1 input pin u_mdu/mul_su_out0__1/B[15] is connected to registers with an asynchronous reset. This is preventing the possibility of merging these registers in to the DSP Block since the DSP block registers only possess synchronous reset capability.  It is suggested to recode or change these registers to remove the reset or use a synchronous reset to get the best optimization for performance, power and area.
Related violations: <none>

DPIR-1#245 Warning
Asynchronous driver check  
DSP u_mdu/mul_su_out0__1 input pin u_mdu/mul_su_out0__1/B[16] is connected to registers with an asynchronous reset. This is preventing the possibility of merging these registers in to the DSP Block since the DSP block registers only possess synchronous reset capability.  It is suggested to recode or change these registers to remove the reset or use a synchronous reset to get the best optimization for performance, power and area.
Related violations: <none>

DPIR-1#246 Warning
Asynchronous driver check  
DSP u_mdu/mul_su_out0__1 input pin u_mdu/mul_su_out0__1/B[1] is connected to registers with an asynchronous reset. This is preventing the possibility of merging these registers in to the DSP Block since the DSP block registers only possess synchronous reset capability.  It is suggested to recode or change these registers to remove the reset or use a synchronous reset to get the best optimization for performance, power and area.
Related violations: <none>

DPIR-1#247 Warning
Asynchronous driver check  
DSP u_mdu/mul_su_out0__1 input pin u_mdu/mul_su_out0__1/B[2] is connected to registers with an asynchronous reset. This is preventing the possibility of merging these registers in to the DSP Block since the DSP block registers only possess synchronous reset capability.  It is suggested to recode or change these registers to remove the reset or use a synchronous reset to get the best optimization for performance, power and area.
Related violations: <none>

DPIR-1#248 Warning
Asynchronous driver check  
DSP u_mdu/mul_su_out0__1 input pin u_mdu/mul_su_out0__1/B[3] is connected to registers with an asynchronous reset. This is preventing the possibility of merging these registers in to the DSP Block since the DSP block registers only possess synchronous reset capability.  It is suggested to recode or change these registers to remove the reset or use a synchronous reset to get the best optimization for performance, power and area.
Related violations: <none>

DPIR-1#249 Warning
Asynchronous driver check  
DSP u_mdu/mul_su_out0__1 input pin u_mdu/mul_su_out0__1/B[4] is connected to registers with an asynchronous reset. This is preventing the possibility of merging these registers in to the DSP Block since the DSP block registers only possess synchronous reset capability.  It is suggested to recode or change these registers to remove the reset or use a synchronous reset to get the best optimization for performance, power and area.
Related violations: <none>

DPIR-1#250 Warning
Asynchronous driver check  
DSP u_mdu/mul_su_out0__1 input pin u_mdu/mul_su_out0__1/B[5] is connected to registers with an asynchronous reset. This is preventing the possibility of merging these registers in to the DSP Block since the DSP block registers only possess synchronous reset capability.  It is suggested to recode or change these registers to remove the reset or use a synchronous reset to get the best optimization for performance, power and area.
Related violations: <none>

DPIR-1#251 Warning
Asynchronous driver check  
DSP u_mdu/mul_su_out0__1 input pin u_mdu/mul_su_out0__1/B[6] is connected to registers with an asynchronous reset. This is preventing the possibility of merging these registers in to the DSP Block since the DSP block registers only possess synchronous reset capability.  It is suggested to recode or change these registers to remove the reset or use a synchronous reset to get the best optimization for performance, power and area.
Related violations: <none>

DPIR-1#252 Warning
Asynchronous driver check  
DSP u_mdu/mul_su_out0__1 input pin u_mdu/mul_su_out0__1/B[7] is connected to registers with an asynchronous reset. This is preventing the possibility of merging these registers in to the DSP Block since the DSP block registers only possess synchronous reset capability.  It is suggested to recode or change these registers to remove the reset or use a synchronous reset to get the best optimization for performance, power and area.
Related violations: <none>

DPIR-1#253 Warning
Asynchronous driver check  
DSP u_mdu/mul_su_out0__1 input pin u_mdu/mul_su_out0__1/B[8] is connected to registers with an asynchronous reset. This is preventing the possibility of merging these registers in to the DSP Block since the DSP block registers only possess synchronous reset capability.  It is suggested to recode or change these registers to remove the reset or use a synchronous reset to get the best optimization for performance, power and area.
Related violations: <none>

DPIR-1#254 Warning
Asynchronous driver check  
DSP u_mdu/mul_su_out0__1 input pin u_mdu/mul_su_out0__1/B[9] is connected to registers with an asynchronous reset. This is preventing the possibility of merging these registers in to the DSP Block since the DSP block registers only possess synchronous reset capability.  It is suggested to recode or change these registers to remove the reset or use a synchronous reset to get the best optimization for performance, power and area.
Related violations: <none>

DPIR-1#255 Warning
Asynchronous driver check  
DSP u_mdu/mul_su_out0__2 input pin u_mdu/mul_su_out0__2/A[0] is connected to registers with an asynchronous reset. This is preventing the possibility of merging these registers in to the DSP Block since the DSP block registers only possess synchronous reset capability.  It is suggested to recode or change these registers to remove the reset or use a synchronous reset to get the best optimization for performance, power and area.
Related violations: <none>

DPIR-1#256 Warning
Asynchronous driver check  
DSP u_mdu/mul_su_out0__2 input pin u_mdu/mul_su_out0__2/A[10] is connected to registers with an asynchronous reset. This is preventing the possibility of merging these registers in to the DSP Block since the DSP block registers only possess synchronous reset capability.  It is suggested to recode or change these registers to remove the reset or use a synchronous reset to get the best optimization for performance, power and area.
Related violations: <none>

DPIR-1#257 Warning
Asynchronous driver check  
DSP u_mdu/mul_su_out0__2 input pin u_mdu/mul_su_out0__2/A[11] is connected to registers with an asynchronous reset. This is preventing the possibility of merging these registers in to the DSP Block since the DSP block registers only possess synchronous reset capability.  It is suggested to recode or change these registers to remove the reset or use a synchronous reset to get the best optimization for performance, power and area.
Related violations: <none>

DPIR-1#258 Warning
Asynchronous driver check  
DSP u_mdu/mul_su_out0__2 input pin u_mdu/mul_su_out0__2/A[12] is connected to registers with an asynchronous reset. This is preventing the possibility of merging these registers in to the DSP Block since the DSP block registers only possess synchronous reset capability.  It is suggested to recode or change these registers to remove the reset or use a synchronous reset to get the best optimization for performance, power and area.
Related violations: <none>

DPIR-1#259 Warning
Asynchronous driver check  
DSP u_mdu/mul_su_out0__2 input pin u_mdu/mul_su_out0__2/A[13] is connected to registers with an asynchronous reset. This is preventing the possibility of merging these registers in to the DSP Block since the DSP block registers only possess synchronous reset capability.  It is suggested to recode or change these registers to remove the reset or use a synchronous reset to get the best optimization for performance, power and area.
Related violations: <none>

DPIR-1#260 Warning
Asynchronous driver check  
DSP u_mdu/mul_su_out0__2 input pin u_mdu/mul_su_out0__2/A[14] is connected to registers with an asynchronous reset. This is preventing the possibility of merging these registers in to the DSP Block since the DSP block registers only possess synchronous reset capability.  It is suggested to recode or change these registers to remove the reset or use a synchronous reset to get the best optimization for performance, power and area.
Related violations: <none>

DPIR-1#261 Warning
Asynchronous driver check  
DSP u_mdu/mul_su_out0__2 input pin u_mdu/mul_su_out0__2/A[15] is connected to registers with an asynchronous reset. This is preventing the possibility of merging these registers in to the DSP Block since the DSP block registers only possess synchronous reset capability.  It is suggested to recode or change these registers to remove the reset or use a synchronous reset to get the best optimization for performance, power and area.
Related violations: <none>

DPIR-1#262 Warning
Asynchronous driver check  
DSP u_mdu/mul_su_out0__2 input pin u_mdu/mul_su_out0__2/A[16] is connected to registers with an asynchronous reset. This is preventing the possibility of merging these registers in to the DSP Block since the DSP block registers only possess synchronous reset capability.  It is suggested to recode or change these registers to remove the reset or use a synchronous reset to get the best optimization for performance, power and area.
Related violations: <none>

DPIR-1#263 Warning
Asynchronous driver check  
DSP u_mdu/mul_su_out0__2 input pin u_mdu/mul_su_out0__2/A[1] is connected to registers with an asynchronous reset. This is preventing the possibility of merging these registers in to the DSP Block since the DSP block registers only possess synchronous reset capability.  It is suggested to recode or change these registers to remove the reset or use a synchronous reset to get the best optimization for performance, power and area.
Related violations: <none>

DPIR-1#264 Warning
Asynchronous driver check  
DSP u_mdu/mul_su_out0__2 input pin u_mdu/mul_su_out0__2/A[2] is connected to registers with an asynchronous reset. This is preventing the possibility of merging these registers in to the DSP Block since the DSP block registers only possess synchronous reset capability.  It is suggested to recode or change these registers to remove the reset or use a synchronous reset to get the best optimization for performance, power and area.
Related violations: <none>

DPIR-1#265 Warning
Asynchronous driver check  
DSP u_mdu/mul_su_out0__2 input pin u_mdu/mul_su_out0__2/A[3] is connected to registers with an asynchronous reset. This is preventing the possibility of merging these registers in to the DSP Block since the DSP block registers only possess synchronous reset capability.  It is suggested to recode or change these registers to remove the reset or use a synchronous reset to get the best optimization for performance, power and area.
Related violations: <none>

DPIR-1#266 Warning
Asynchronous driver check  
DSP u_mdu/mul_su_out0__2 input pin u_mdu/mul_su_out0__2/A[4] is connected to registers with an asynchronous reset. This is preventing the possibility of merging these registers in to the DSP Block since the DSP block registers only possess synchronous reset capability.  It is suggested to recode or change these registers to remove the reset or use a synchronous reset to get the best optimization for performance, power and area.
Related violations: <none>

DPIR-1#267 Warning
Asynchronous driver check  
DSP u_mdu/mul_su_out0__2 input pin u_mdu/mul_su_out0__2/A[5] is connected to registers with an asynchronous reset. This is preventing the possibility of merging these registers in to the DSP Block since the DSP block registers only possess synchronous reset capability.  It is suggested to recode or change these registers to remove the reset or use a synchronous reset to get the best optimization for performance, power and area.
Related violations: <none>

DPIR-1#268 Warning
Asynchronous driver check  
DSP u_mdu/mul_su_out0__2 input pin u_mdu/mul_su_out0__2/A[6] is connected to registers with an asynchronous reset. This is preventing the possibility of merging these registers in to the DSP Block since the DSP block registers only possess synchronous reset capability.  It is suggested to recode or change these registers to remove the reset or use a synchronous reset to get the best optimization for performance, power and area.
Related violations: <none>

DPIR-1#269 Warning
Asynchronous driver check  
DSP u_mdu/mul_su_out0__2 input pin u_mdu/mul_su_out0__2/A[7] is connected to registers with an asynchronous reset. This is preventing the possibility of merging these registers in to the DSP Block since the DSP block registers only possess synchronous reset capability.  It is suggested to recode or change these registers to remove the reset or use a synchronous reset to get the best optimization for performance, power and area.
Related violations: <none>

DPIR-1#270 Warning
Asynchronous driver check  
DSP u_mdu/mul_su_out0__2 input pin u_mdu/mul_su_out0__2/A[8] is connected to registers with an asynchronous reset. This is preventing the possibility of merging these registers in to the DSP Block since the DSP block registers only possess synchronous reset capability.  It is suggested to recode or change these registers to remove the reset or use a synchronous reset to get the best optimization for performance, power and area.
Related violations: <none>

DPIR-1#271 Warning
Asynchronous driver check  
DSP u_mdu/mul_su_out0__2 input pin u_mdu/mul_su_out0__2/A[9] is connected to registers with an asynchronous reset. This is preventing the possibility of merging these registers in to the DSP Block since the DSP block registers only possess synchronous reset capability.  It is suggested to recode or change these registers to remove the reset or use a synchronous reset to get the best optimization for performance, power and area.
Related violations: <none>

DPIR-1#272 Warning
Asynchronous driver check  
DSP u_mdu/mul_su_out0__2 input pin u_mdu/mul_su_out0__2/B[0] is connected to registers with an asynchronous reset. This is preventing the possibility of merging these registers in to the DSP Block since the DSP block registers only possess synchronous reset capability.  It is suggested to recode or change these registers to remove the reset or use a synchronous reset to get the best optimization for performance, power and area.
Related violations: <none>

DPIR-1#273 Warning
Asynchronous driver check  
DSP u_mdu/mul_su_out0__2 input pin u_mdu/mul_su_out0__2/B[10] is connected to registers with an asynchronous reset. This is preventing the possibility of merging these registers in to the DSP Block since the DSP block registers only possess synchronous reset capability.  It is suggested to recode or change these registers to remove the reset or use a synchronous reset to get the best optimization for performance, power and area.
Related violations: <none>

DPIR-1#274 Warning
Asynchronous driver check  
DSP u_mdu/mul_su_out0__2 input pin u_mdu/mul_su_out0__2/B[11] is connected to registers with an asynchronous reset. This is preventing the possibility of merging these registers in to the DSP Block since the DSP block registers only possess synchronous reset capability.  It is suggested to recode or change these registers to remove the reset or use a synchronous reset to get the best optimization for performance, power and area.
Related violations: <none>

DPIR-1#275 Warning
Asynchronous driver check  
DSP u_mdu/mul_su_out0__2 input pin u_mdu/mul_su_out0__2/B[12] is connected to registers with an asynchronous reset. This is preventing the possibility of merging these registers in to the DSP Block since the DSP block registers only possess synchronous reset capability.  It is suggested to recode or change these registers to remove the reset or use a synchronous reset to get the best optimization for performance, power and area.
Related violations: <none>

DPIR-1#276 Warning
Asynchronous driver check  
DSP u_mdu/mul_su_out0__2 input pin u_mdu/mul_su_out0__2/B[13] is connected to registers with an asynchronous reset. This is preventing the possibility of merging these registers in to the DSP Block since the DSP block registers only possess synchronous reset capability.  It is suggested to recode or change these registers to remove the reset or use a synchronous reset to get the best optimization for performance, power and area.
Related violations: <none>

DPIR-1#277 Warning
Asynchronous driver check  
DSP u_mdu/mul_su_out0__2 input pin u_mdu/mul_su_out0__2/B[14] is connected to registers with an asynchronous reset. This is preventing the possibility of merging these registers in to the DSP Block since the DSP block registers only possess synchronous reset capability.  It is suggested to recode or change these registers to remove the reset or use a synchronous reset to get the best optimization for performance, power and area.
Related violations: <none>

DPIR-1#278 Warning
Asynchronous driver check  
DSP u_mdu/mul_su_out0__2 input pin u_mdu/mul_su_out0__2/B[1] is connected to registers with an asynchronous reset. This is preventing the possibility of merging these registers in to the DSP Block since the DSP block registers only possess synchronous reset capability.  It is suggested to recode or change these registers to remove the reset or use a synchronous reset to get the best optimization for performance, power and area.
Related violations: <none>

DPIR-1#279 Warning
Asynchronous driver check  
DSP u_mdu/mul_su_out0__2 input pin u_mdu/mul_su_out0__2/B[2] is connected to registers with an asynchronous reset. This is preventing the possibility of merging these registers in to the DSP Block since the DSP block registers only possess synchronous reset capability.  It is suggested to recode or change these registers to remove the reset or use a synchronous reset to get the best optimization for performance, power and area.
Related violations: <none>

DPIR-1#280 Warning
Asynchronous driver check  
DSP u_mdu/mul_su_out0__2 input pin u_mdu/mul_su_out0__2/B[3] is connected to registers with an asynchronous reset. This is preventing the possibility of merging these registers in to the DSP Block since the DSP block registers only possess synchronous reset capability.  It is suggested to recode or change these registers to remove the reset or use a synchronous reset to get the best optimization for performance, power and area.
Related violations: <none>

DPIR-1#281 Warning
Asynchronous driver check  
DSP u_mdu/mul_su_out0__2 input pin u_mdu/mul_su_out0__2/B[4] is connected to registers with an asynchronous reset. This is preventing the possibility of merging these registers in to the DSP Block since the DSP block registers only possess synchronous reset capability.  It is suggested to recode or change these registers to remove the reset or use a synchronous reset to get the best optimization for performance, power and area.
Related violations: <none>

DPIR-1#282 Warning
Asynchronous driver check  
DSP u_mdu/mul_su_out0__2 input pin u_mdu/mul_su_out0__2/B[5] is connected to registers with an asynchronous reset. This is preventing the possibility of merging these registers in to the DSP Block since the DSP block registers only possess synchronous reset capability.  It is suggested to recode or change these registers to remove the reset or use a synchronous reset to get the best optimization for performance, power and area.
Related violations: <none>

DPIR-1#283 Warning
Asynchronous driver check  
DSP u_mdu/mul_su_out0__2 input pin u_mdu/mul_su_out0__2/B[6] is connected to registers with an asynchronous reset. This is preventing the possibility of merging these registers in to the DSP Block since the DSP block registers only possess synchronous reset capability.  It is suggested to recode or change these registers to remove the reset or use a synchronous reset to get the best optimization for performance, power and area.
Related violations: <none>

DPIR-1#284 Warning
Asynchronous driver check  
DSP u_mdu/mul_su_out0__2 input pin u_mdu/mul_su_out0__2/B[7] is connected to registers with an asynchronous reset. This is preventing the possibility of merging these registers in to the DSP Block since the DSP block registers only possess synchronous reset capability.  It is suggested to recode or change these registers to remove the reset or use a synchronous reset to get the best optimization for performance, power and area.
Related violations: <none>

DPIR-1#285 Warning
Asynchronous driver check  
DSP u_mdu/mul_su_out0__2 input pin u_mdu/mul_su_out0__2/B[8] is connected to registers with an asynchronous reset. This is preventing the possibility of merging these registers in to the DSP Block since the DSP block registers only possess synchronous reset capability.  It is suggested to recode or change these registers to remove the reset or use a synchronous reset to get the best optimization for performance, power and area.
Related violations: <none>

DPIR-1#286 Warning
Asynchronous driver check  
DSP u_mdu/mul_su_out0__2 input pin u_mdu/mul_su_out0__2/B[9] is connected to registers with an asynchronous reset. This is preventing the possibility of merging these registers in to the DSP Block since the DSP block registers only possess synchronous reset capability.  It is suggested to recode or change these registers to remove the reset or use a synchronous reset to get the best optimization for performance, power and area.
Related violations: <none>

DPIR-1#287 Warning
Asynchronous driver check  
DSP u_mdu/mul_uu_out0 input pin u_mdu/mul_uu_out0/A[0] is connected to registers with an asynchronous reset. This is preventing the possibility of merging these registers in to the DSP Block since the DSP block registers only possess synchronous reset capability.  It is suggested to recode or change these registers to remove the reset or use a synchronous reset to get the best optimization for performance, power and area.
Related violations: <none>

DPIR-1#288 Warning
Asynchronous driver check  
DSP u_mdu/mul_uu_out0 input pin u_mdu/mul_uu_out0/A[10] is connected to registers with an asynchronous reset. This is preventing the possibility of merging these registers in to the DSP Block since the DSP block registers only possess synchronous reset capability.  It is suggested to recode or change these registers to remove the reset or use a synchronous reset to get the best optimization for performance, power and area.
Related violations: <none>

DPIR-1#289 Warning
Asynchronous driver check  
DSP u_mdu/mul_uu_out0 input pin u_mdu/mul_uu_out0/A[11] is connected to registers with an asynchronous reset. This is preventing the possibility of merging these registers in to the DSP Block since the DSP block registers only possess synchronous reset capability.  It is suggested to recode or change these registers to remove the reset or use a synchronous reset to get the best optimization for performance, power and area.
Related violations: <none>

DPIR-1#290 Warning
Asynchronous driver check  
DSP u_mdu/mul_uu_out0 input pin u_mdu/mul_uu_out0/A[12] is connected to registers with an asynchronous reset. This is preventing the possibility of merging these registers in to the DSP Block since the DSP block registers only possess synchronous reset capability.  It is suggested to recode or change these registers to remove the reset or use a synchronous reset to get the best optimization for performance, power and area.
Related violations: <none>

DPIR-1#291 Warning
Asynchronous driver check  
DSP u_mdu/mul_uu_out0 input pin u_mdu/mul_uu_out0/A[13] is connected to registers with an asynchronous reset. This is preventing the possibility of merging these registers in to the DSP Block since the DSP block registers only possess synchronous reset capability.  It is suggested to recode or change these registers to remove the reset or use a synchronous reset to get the best optimization for performance, power and area.
Related violations: <none>

DPIR-1#292 Warning
Asynchronous driver check  
DSP u_mdu/mul_uu_out0 input pin u_mdu/mul_uu_out0/A[14] is connected to registers with an asynchronous reset. This is preventing the possibility of merging these registers in to the DSP Block since the DSP block registers only possess synchronous reset capability.  It is suggested to recode or change these registers to remove the reset or use a synchronous reset to get the best optimization for performance, power and area.
Related violations: <none>

DPIR-1#293 Warning
Asynchronous driver check  
DSP u_mdu/mul_uu_out0 input pin u_mdu/mul_uu_out0/A[15] is connected to registers with an asynchronous reset. This is preventing the possibility of merging these registers in to the DSP Block since the DSP block registers only possess synchronous reset capability.  It is suggested to recode or change these registers to remove the reset or use a synchronous reset to get the best optimization for performance, power and area.
Related violations: <none>

DPIR-1#294 Warning
Asynchronous driver check  
DSP u_mdu/mul_uu_out0 input pin u_mdu/mul_uu_out0/A[16] is connected to registers with an asynchronous reset. This is preventing the possibility of merging these registers in to the DSP Block since the DSP block registers only possess synchronous reset capability.  It is suggested to recode or change these registers to remove the reset or use a synchronous reset to get the best optimization for performance, power and area.
Related violations: <none>

DPIR-1#295 Warning
Asynchronous driver check  
DSP u_mdu/mul_uu_out0 input pin u_mdu/mul_uu_out0/A[1] is connected to registers with an asynchronous reset. This is preventing the possibility of merging these registers in to the DSP Block since the DSP block registers only possess synchronous reset capability.  It is suggested to recode or change these registers to remove the reset or use a synchronous reset to get the best optimization for performance, power and area.
Related violations: <none>

DPIR-1#296 Warning
Asynchronous driver check  
DSP u_mdu/mul_uu_out0 input pin u_mdu/mul_uu_out0/A[2] is connected to registers with an asynchronous reset. This is preventing the possibility of merging these registers in to the DSP Block since the DSP block registers only possess synchronous reset capability.  It is suggested to recode or change these registers to remove the reset or use a synchronous reset to get the best optimization for performance, power and area.
Related violations: <none>

DPIR-1#297 Warning
Asynchronous driver check  
DSP u_mdu/mul_uu_out0 input pin u_mdu/mul_uu_out0/A[3] is connected to registers with an asynchronous reset. This is preventing the possibility of merging these registers in to the DSP Block since the DSP block registers only possess synchronous reset capability.  It is suggested to recode or change these registers to remove the reset or use a synchronous reset to get the best optimization for performance, power and area.
Related violations: <none>

DPIR-1#298 Warning
Asynchronous driver check  
DSP u_mdu/mul_uu_out0 input pin u_mdu/mul_uu_out0/A[4] is connected to registers with an asynchronous reset. This is preventing the possibility of merging these registers in to the DSP Block since the DSP block registers only possess synchronous reset capability.  It is suggested to recode or change these registers to remove the reset or use a synchronous reset to get the best optimization for performance, power and area.
Related violations: <none>

DPIR-1#299 Warning
Asynchronous driver check  
DSP u_mdu/mul_uu_out0 input pin u_mdu/mul_uu_out0/A[5] is connected to registers with an asynchronous reset. This is preventing the possibility of merging these registers in to the DSP Block since the DSP block registers only possess synchronous reset capability.  It is suggested to recode or change these registers to remove the reset or use a synchronous reset to get the best optimization for performance, power and area.
Related violations: <none>

DPIR-1#300 Warning
Asynchronous driver check  
DSP u_mdu/mul_uu_out0 input pin u_mdu/mul_uu_out0/A[6] is connected to registers with an asynchronous reset. This is preventing the possibility of merging these registers in to the DSP Block since the DSP block registers only possess synchronous reset capability.  It is suggested to recode or change these registers to remove the reset or use a synchronous reset to get the best optimization for performance, power and area.
Related violations: <none>

DPIR-1#301 Warning
Asynchronous driver check  
DSP u_mdu/mul_uu_out0 input pin u_mdu/mul_uu_out0/A[7] is connected to registers with an asynchronous reset. This is preventing the possibility of merging these registers in to the DSP Block since the DSP block registers only possess synchronous reset capability.  It is suggested to recode or change these registers to remove the reset or use a synchronous reset to get the best optimization for performance, power and area.
Related violations: <none>

DPIR-1#302 Warning
Asynchronous driver check  
DSP u_mdu/mul_uu_out0 input pin u_mdu/mul_uu_out0/A[8] is connected to registers with an asynchronous reset. This is preventing the possibility of merging these registers in to the DSP Block since the DSP block registers only possess synchronous reset capability.  It is suggested to recode or change these registers to remove the reset or use a synchronous reset to get the best optimization for performance, power and area.
Related violations: <none>

DPIR-1#303 Warning
Asynchronous driver check  
DSP u_mdu/mul_uu_out0 input pin u_mdu/mul_uu_out0/A[9] is connected to registers with an asynchronous reset. This is preventing the possibility of merging these registers in to the DSP Block since the DSP block registers only possess synchronous reset capability.  It is suggested to recode or change these registers to remove the reset or use a synchronous reset to get the best optimization for performance, power and area.
Related violations: <none>

DPIR-1#304 Warning
Asynchronous driver check  
DSP u_mdu/mul_uu_out0 input pin u_mdu/mul_uu_out0/B[0] is connected to registers with an asynchronous reset. This is preventing the possibility of merging these registers in to the DSP Block since the DSP block registers only possess synchronous reset capability.  It is suggested to recode or change these registers to remove the reset or use a synchronous reset to get the best optimization for performance, power and area.
Related violations: <none>

DPIR-1#305 Warning
Asynchronous driver check  
DSP u_mdu/mul_uu_out0 input pin u_mdu/mul_uu_out0/B[10] is connected to registers with an asynchronous reset. This is preventing the possibility of merging these registers in to the DSP Block since the DSP block registers only possess synchronous reset capability.  It is suggested to recode or change these registers to remove the reset or use a synchronous reset to get the best optimization for performance, power and area.
Related violations: <none>

DPIR-1#306 Warning
Asynchronous driver check  
DSP u_mdu/mul_uu_out0 input pin u_mdu/mul_uu_out0/B[11] is connected to registers with an asynchronous reset. This is preventing the possibility of merging these registers in to the DSP Block since the DSP block registers only possess synchronous reset capability.  It is suggested to recode or change these registers to remove the reset or use a synchronous reset to get the best optimization for performance, power and area.
Related violations: <none>

DPIR-1#307 Warning
Asynchronous driver check  
DSP u_mdu/mul_uu_out0 input pin u_mdu/mul_uu_out0/B[12] is connected to registers with an asynchronous reset. This is preventing the possibility of merging these registers in to the DSP Block since the DSP block registers only possess synchronous reset capability.  It is suggested to recode or change these registers to remove the reset or use a synchronous reset to get the best optimization for performance, power and area.
Related violations: <none>

DPIR-1#308 Warning
Asynchronous driver check  
DSP u_mdu/mul_uu_out0 input pin u_mdu/mul_uu_out0/B[13] is connected to registers with an asynchronous reset. This is preventing the possibility of merging these registers in to the DSP Block since the DSP block registers only possess synchronous reset capability.  It is suggested to recode or change these registers to remove the reset or use a synchronous reset to get the best optimization for performance, power and area.
Related violations: <none>

DPIR-1#309 Warning
Asynchronous driver check  
DSP u_mdu/mul_uu_out0 input pin u_mdu/mul_uu_out0/B[14] is connected to registers with an asynchronous reset. This is preventing the possibility of merging these registers in to the DSP Block since the DSP block registers only possess synchronous reset capability.  It is suggested to recode or change these registers to remove the reset or use a synchronous reset to get the best optimization for performance, power and area.
Related violations: <none>

DPIR-1#310 Warning
Asynchronous driver check  
DSP u_mdu/mul_uu_out0 input pin u_mdu/mul_uu_out0/B[1] is connected to registers with an asynchronous reset. This is preventing the possibility of merging these registers in to the DSP Block since the DSP block registers only possess synchronous reset capability.  It is suggested to recode or change these registers to remove the reset or use a synchronous reset to get the best optimization for performance, power and area.
Related violations: <none>

DPIR-1#311 Warning
Asynchronous driver check  
DSP u_mdu/mul_uu_out0 input pin u_mdu/mul_uu_out0/B[2] is connected to registers with an asynchronous reset. This is preventing the possibility of merging these registers in to the DSP Block since the DSP block registers only possess synchronous reset capability.  It is suggested to recode or change these registers to remove the reset or use a synchronous reset to get the best optimization for performance, power and area.
Related violations: <none>

DPIR-1#312 Warning
Asynchronous driver check  
DSP u_mdu/mul_uu_out0 input pin u_mdu/mul_uu_out0/B[3] is connected to registers with an asynchronous reset. This is preventing the possibility of merging these registers in to the DSP Block since the DSP block registers only possess synchronous reset capability.  It is suggested to recode or change these registers to remove the reset or use a synchronous reset to get the best optimization for performance, power and area.
Related violations: <none>

DPIR-1#313 Warning
Asynchronous driver check  
DSP u_mdu/mul_uu_out0 input pin u_mdu/mul_uu_out0/B[4] is connected to registers with an asynchronous reset. This is preventing the possibility of merging these registers in to the DSP Block since the DSP block registers only possess synchronous reset capability.  It is suggested to recode or change these registers to remove the reset or use a synchronous reset to get the best optimization for performance, power and area.
Related violations: <none>

DPIR-1#314 Warning
Asynchronous driver check  
DSP u_mdu/mul_uu_out0 input pin u_mdu/mul_uu_out0/B[5] is connected to registers with an asynchronous reset. This is preventing the possibility of merging these registers in to the DSP Block since the DSP block registers only possess synchronous reset capability.  It is suggested to recode or change these registers to remove the reset or use a synchronous reset to get the best optimization for performance, power and area.
Related violations: <none>

DPIR-1#315 Warning
Asynchronous driver check  
DSP u_mdu/mul_uu_out0 input pin u_mdu/mul_uu_out0/B[6] is connected to registers with an asynchronous reset. This is preventing the possibility of merging these registers in to the DSP Block since the DSP block registers only possess synchronous reset capability.  It is suggested to recode or change these registers to remove the reset or use a synchronous reset to get the best optimization for performance, power and area.
Related violations: <none>

DPIR-1#316 Warning
Asynchronous driver check  
DSP u_mdu/mul_uu_out0 input pin u_mdu/mul_uu_out0/B[7] is connected to registers with an asynchronous reset. This is preventing the possibility of merging these registers in to the DSP Block since the DSP block registers only possess synchronous reset capability.  It is suggested to recode or change these registers to remove the reset or use a synchronous reset to get the best optimization for performance, power and area.
Related violations: <none>

DPIR-1#317 Warning
Asynchronous driver check  
DSP u_mdu/mul_uu_out0 input pin u_mdu/mul_uu_out0/B[8] is connected to registers with an asynchronous reset. This is preventing the possibility of merging these registers in to the DSP Block since the DSP block registers only possess synchronous reset capability.  It is suggested to recode or change these registers to remove the reset or use a synchronous reset to get the best optimization for performance, power and area.
Related violations: <none>

DPIR-1#318 Warning
Asynchronous driver check  
DSP u_mdu/mul_uu_out0 input pin u_mdu/mul_uu_out0/B[9] is connected to registers with an asynchronous reset. This is preventing the possibility of merging these registers in to the DSP Block since the DSP block registers only possess synchronous reset capability.  It is suggested to recode or change these registers to remove the reset or use a synchronous reset to get the best optimization for performance, power and area.
Related violations: <none>

DPIR-1#319 Warning
Asynchronous driver check  
DSP u_mdu/mul_uu_out0__0 input pin u_mdu/mul_uu_out0__0/A[0] is connected to registers with an asynchronous reset. This is preventing the possibility of merging these registers in to the DSP Block since the DSP block registers only possess synchronous reset capability.  It is suggested to recode or change these registers to remove the reset or use a synchronous reset to get the best optimization for performance, power and area.
Related violations: <none>

DPIR-1#320 Warning
Asynchronous driver check  
DSP u_mdu/mul_uu_out0__0 input pin u_mdu/mul_uu_out0__0/A[10] is connected to registers with an asynchronous reset. This is preventing the possibility of merging these registers in to the DSP Block since the DSP block registers only possess synchronous reset capability.  It is suggested to recode or change these registers to remove the reset or use a synchronous reset to get the best optimization for performance, power and area.
Related violations: <none>

DPIR-1#321 Warning
Asynchronous driver check  
DSP u_mdu/mul_uu_out0__0 input pin u_mdu/mul_uu_out0__0/A[11] is connected to registers with an asynchronous reset. This is preventing the possibility of merging these registers in to the DSP Block since the DSP block registers only possess synchronous reset capability.  It is suggested to recode or change these registers to remove the reset or use a synchronous reset to get the best optimization for performance, power and area.
Related violations: <none>

DPIR-1#322 Warning
Asynchronous driver check  
DSP u_mdu/mul_uu_out0__0 input pin u_mdu/mul_uu_out0__0/A[12] is connected to registers with an asynchronous reset. This is preventing the possibility of merging these registers in to the DSP Block since the DSP block registers only possess synchronous reset capability.  It is suggested to recode or change these registers to remove the reset or use a synchronous reset to get the best optimization for performance, power and area.
Related violations: <none>

DPIR-1#323 Warning
Asynchronous driver check  
DSP u_mdu/mul_uu_out0__0 input pin u_mdu/mul_uu_out0__0/A[13] is connected to registers with an asynchronous reset. This is preventing the possibility of merging these registers in to the DSP Block since the DSP block registers only possess synchronous reset capability.  It is suggested to recode or change these registers to remove the reset or use a synchronous reset to get the best optimization for performance, power and area.
Related violations: <none>

DPIR-1#324 Warning
Asynchronous driver check  
DSP u_mdu/mul_uu_out0__0 input pin u_mdu/mul_uu_out0__0/A[14] is connected to registers with an asynchronous reset. This is preventing the possibility of merging these registers in to the DSP Block since the DSP block registers only possess synchronous reset capability.  It is suggested to recode or change these registers to remove the reset or use a synchronous reset to get the best optimization for performance, power and area.
Related violations: <none>

DPIR-1#325 Warning
Asynchronous driver check  
DSP u_mdu/mul_uu_out0__0 input pin u_mdu/mul_uu_out0__0/A[1] is connected to registers with an asynchronous reset. This is preventing the possibility of merging these registers in to the DSP Block since the DSP block registers only possess synchronous reset capability.  It is suggested to recode or change these registers to remove the reset or use a synchronous reset to get the best optimization for performance, power and area.
Related violations: <none>

DPIR-1#326 Warning
Asynchronous driver check  
DSP u_mdu/mul_uu_out0__0 input pin u_mdu/mul_uu_out0__0/A[2] is connected to registers with an asynchronous reset. This is preventing the possibility of merging these registers in to the DSP Block since the DSP block registers only possess synchronous reset capability.  It is suggested to recode or change these registers to remove the reset or use a synchronous reset to get the best optimization for performance, power and area.
Related violations: <none>

DPIR-1#327 Warning
Asynchronous driver check  
DSP u_mdu/mul_uu_out0__0 input pin u_mdu/mul_uu_out0__0/A[3] is connected to registers with an asynchronous reset. This is preventing the possibility of merging these registers in to the DSP Block since the DSP block registers only possess synchronous reset capability.  It is suggested to recode or change these registers to remove the reset or use a synchronous reset to get the best optimization for performance, power and area.
Related violations: <none>

DPIR-1#328 Warning
Asynchronous driver check  
DSP u_mdu/mul_uu_out0__0 input pin u_mdu/mul_uu_out0__0/A[4] is connected to registers with an asynchronous reset. This is preventing the possibility of merging these registers in to the DSP Block since the DSP block registers only possess synchronous reset capability.  It is suggested to recode or change these registers to remove the reset or use a synchronous reset to get the best optimization for performance, power and area.
Related violations: <none>

DPIR-1#329 Warning
Asynchronous driver check  
DSP u_mdu/mul_uu_out0__0 input pin u_mdu/mul_uu_out0__0/A[5] is connected to registers with an asynchronous reset. This is preventing the possibility of merging these registers in to the DSP Block since the DSP block registers only possess synchronous reset capability.  It is suggested to recode or change these registers to remove the reset or use a synchronous reset to get the best optimization for performance, power and area.
Related violations: <none>

DPIR-1#330 Warning
Asynchronous driver check  
DSP u_mdu/mul_uu_out0__0 input pin u_mdu/mul_uu_out0__0/A[6] is connected to registers with an asynchronous reset. This is preventing the possibility of merging these registers in to the DSP Block since the DSP block registers only possess synchronous reset capability.  It is suggested to recode or change these registers to remove the reset or use a synchronous reset to get the best optimization for performance, power and area.
Related violations: <none>

DPIR-1#331 Warning
Asynchronous driver check  
DSP u_mdu/mul_uu_out0__0 input pin u_mdu/mul_uu_out0__0/A[7] is connected to registers with an asynchronous reset. This is preventing the possibility of merging these registers in to the DSP Block since the DSP block registers only possess synchronous reset capability.  It is suggested to recode or change these registers to remove the reset or use a synchronous reset to get the best optimization for performance, power and area.
Related violations: <none>

DPIR-1#332 Warning
Asynchronous driver check  
DSP u_mdu/mul_uu_out0__0 input pin u_mdu/mul_uu_out0__0/A[8] is connected to registers with an asynchronous reset. This is preventing the possibility of merging these registers in to the DSP Block since the DSP block registers only possess synchronous reset capability.  It is suggested to recode or change these registers to remove the reset or use a synchronous reset to get the best optimization for performance, power and area.
Related violations: <none>

DPIR-1#333 Warning
Asynchronous driver check  
DSP u_mdu/mul_uu_out0__0 input pin u_mdu/mul_uu_out0__0/A[9] is connected to registers with an asynchronous reset. This is preventing the possibility of merging these registers in to the DSP Block since the DSP block registers only possess synchronous reset capability.  It is suggested to recode or change these registers to remove the reset or use a synchronous reset to get the best optimization for performance, power and area.
Related violations: <none>

DPIR-1#334 Warning
Asynchronous driver check  
DSP u_mdu/mul_uu_out0__0 input pin u_mdu/mul_uu_out0__0/B[0] is connected to registers with an asynchronous reset. This is preventing the possibility of merging these registers in to the DSP Block since the DSP block registers only possess synchronous reset capability.  It is suggested to recode or change these registers to remove the reset or use a synchronous reset to get the best optimization for performance, power and area.
Related violations: <none>

DPIR-1#335 Warning
Asynchronous driver check  
DSP u_mdu/mul_uu_out0__0 input pin u_mdu/mul_uu_out0__0/B[10] is connected to registers with an asynchronous reset. This is preventing the possibility of merging these registers in to the DSP Block since the DSP block registers only possess synchronous reset capability.  It is suggested to recode or change these registers to remove the reset or use a synchronous reset to get the best optimization for performance, power and area.
Related violations: <none>

DPIR-1#336 Warning
Asynchronous driver check  
DSP u_mdu/mul_uu_out0__0 input pin u_mdu/mul_uu_out0__0/B[11] is connected to registers with an asynchronous reset. This is preventing the possibility of merging these registers in to the DSP Block since the DSP block registers only possess synchronous reset capability.  It is suggested to recode or change these registers to remove the reset or use a synchronous reset to get the best optimization for performance, power and area.
Related violations: <none>

DPIR-1#337 Warning
Asynchronous driver check  
DSP u_mdu/mul_uu_out0__0 input pin u_mdu/mul_uu_out0__0/B[12] is connected to registers with an asynchronous reset. This is preventing the possibility of merging these registers in to the DSP Block since the DSP block registers only possess synchronous reset capability.  It is suggested to recode or change these registers to remove the reset or use a synchronous reset to get the best optimization for performance, power and area.
Related violations: <none>

DPIR-1#338 Warning
Asynchronous driver check  
DSP u_mdu/mul_uu_out0__0 input pin u_mdu/mul_uu_out0__0/B[13] is connected to registers with an asynchronous reset. This is preventing the possibility of merging these registers in to the DSP Block since the DSP block registers only possess synchronous reset capability.  It is suggested to recode or change these registers to remove the reset or use a synchronous reset to get the best optimization for performance, power and area.
Related violations: <none>

DPIR-1#339 Warning
Asynchronous driver check  
DSP u_mdu/mul_uu_out0__0 input pin u_mdu/mul_uu_out0__0/B[14] is connected to registers with an asynchronous reset. This is preventing the possibility of merging these registers in to the DSP Block since the DSP block registers only possess synchronous reset capability.  It is suggested to recode or change these registers to remove the reset or use a synchronous reset to get the best optimization for performance, power and area.
Related violations: <none>

DPIR-1#340 Warning
Asynchronous driver check  
DSP u_mdu/mul_uu_out0__0 input pin u_mdu/mul_uu_out0__0/B[1] is connected to registers with an asynchronous reset. This is preventing the possibility of merging these registers in to the DSP Block since the DSP block registers only possess synchronous reset capability.  It is suggested to recode or change these registers to remove the reset or use a synchronous reset to get the best optimization for performance, power and area.
Related violations: <none>

DPIR-1#341 Warning
Asynchronous driver check  
DSP u_mdu/mul_uu_out0__0 input pin u_mdu/mul_uu_out0__0/B[2] is connected to registers with an asynchronous reset. This is preventing the possibility of merging these registers in to the DSP Block since the DSP block registers only possess synchronous reset capability.  It is suggested to recode or change these registers to remove the reset or use a synchronous reset to get the best optimization for performance, power and area.
Related violations: <none>

DPIR-1#342 Warning
Asynchronous driver check  
DSP u_mdu/mul_uu_out0__0 input pin u_mdu/mul_uu_out0__0/B[3] is connected to registers with an asynchronous reset. This is preventing the possibility of merging these registers in to the DSP Block since the DSP block registers only possess synchronous reset capability.  It is suggested to recode or change these registers to remove the reset or use a synchronous reset to get the best optimization for performance, power and area.
Related violations: <none>

DPIR-1#343 Warning
Asynchronous driver check  
DSP u_mdu/mul_uu_out0__0 input pin u_mdu/mul_uu_out0__0/B[4] is connected to registers with an asynchronous reset. This is preventing the possibility of merging these registers in to the DSP Block since the DSP block registers only possess synchronous reset capability.  It is suggested to recode or change these registers to remove the reset or use a synchronous reset to get the best optimization for performance, power and area.
Related violations: <none>

DPIR-1#344 Warning
Asynchronous driver check  
DSP u_mdu/mul_uu_out0__0 input pin u_mdu/mul_uu_out0__0/B[5] is connected to registers with an asynchronous reset. This is preventing the possibility of merging these registers in to the DSP Block since the DSP block registers only possess synchronous reset capability.  It is suggested to recode or change these registers to remove the reset or use a synchronous reset to get the best optimization for performance, power and area.
Related violations: <none>

DPIR-1#345 Warning
Asynchronous driver check  
DSP u_mdu/mul_uu_out0__0 input pin u_mdu/mul_uu_out0__0/B[6] is connected to registers with an asynchronous reset. This is preventing the possibility of merging these registers in to the DSP Block since the DSP block registers only possess synchronous reset capability.  It is suggested to recode or change these registers to remove the reset or use a synchronous reset to get the best optimization for performance, power and area.
Related violations: <none>

DPIR-1#346 Warning
Asynchronous driver check  
DSP u_mdu/mul_uu_out0__0 input pin u_mdu/mul_uu_out0__0/B[7] is connected to registers with an asynchronous reset. This is preventing the possibility of merging these registers in to the DSP Block since the DSP block registers only possess synchronous reset capability.  It is suggested to recode or change these registers to remove the reset or use a synchronous reset to get the best optimization for performance, power and area.
Related violations: <none>

DPIR-1#347 Warning
Asynchronous driver check  
DSP u_mdu/mul_uu_out0__0 input pin u_mdu/mul_uu_out0__0/B[8] is connected to registers with an asynchronous reset. This is preventing the possibility of merging these registers in to the DSP Block since the DSP block registers only possess synchronous reset capability.  It is suggested to recode or change these registers to remove the reset or use a synchronous reset to get the best optimization for performance, power and area.
Related violations: <none>

DPIR-1#348 Warning
Asynchronous driver check  
DSP u_mdu/mul_uu_out0__0 input pin u_mdu/mul_uu_out0__0/B[9] is connected to registers with an asynchronous reset. This is preventing the possibility of merging these registers in to the DSP Block since the DSP block registers only possess synchronous reset capability.  It is suggested to recode or change these registers to remove the reset or use a synchronous reset to get the best optimization for performance, power and area.
Related violations: <none>

DPIR-1#349 Warning
Asynchronous driver check  
DSP u_mdu/mul_uu_out0__1 input pin u_mdu/mul_uu_out0__1/A[0] is connected to registers with an asynchronous reset. This is preventing the possibility of merging these registers in to the DSP Block since the DSP block registers only possess synchronous reset capability.  It is suggested to recode or change these registers to remove the reset or use a synchronous reset to get the best optimization for performance, power and area.
Related violations: <none>

DPIR-1#350 Warning
Asynchronous driver check  
DSP u_mdu/mul_uu_out0__1 input pin u_mdu/mul_uu_out0__1/A[10] is connected to registers with an asynchronous reset. This is preventing the possibility of merging these registers in to the DSP Block since the DSP block registers only possess synchronous reset capability.  It is suggested to recode or change these registers to remove the reset or use a synchronous reset to get the best optimization for performance, power and area.
Related violations: <none>

DPIR-1#351 Warning
Asynchronous driver check  
DSP u_mdu/mul_uu_out0__1 input pin u_mdu/mul_uu_out0__1/A[11] is connected to registers with an asynchronous reset. This is preventing the possibility of merging these registers in to the DSP Block since the DSP block registers only possess synchronous reset capability.  It is suggested to recode or change these registers to remove the reset or use a synchronous reset to get the best optimization for performance, power and area.
Related violations: <none>

DPIR-1#352 Warning
Asynchronous driver check  
DSP u_mdu/mul_uu_out0__1 input pin u_mdu/mul_uu_out0__1/A[12] is connected to registers with an asynchronous reset. This is preventing the possibility of merging these registers in to the DSP Block since the DSP block registers only possess synchronous reset capability.  It is suggested to recode or change these registers to remove the reset or use a synchronous reset to get the best optimization for performance, power and area.
Related violations: <none>

DPIR-1#353 Warning
Asynchronous driver check  
DSP u_mdu/mul_uu_out0__1 input pin u_mdu/mul_uu_out0__1/A[13] is connected to registers with an asynchronous reset. This is preventing the possibility of merging these registers in to the DSP Block since the DSP block registers only possess synchronous reset capability.  It is suggested to recode or change these registers to remove the reset or use a synchronous reset to get the best optimization for performance, power and area.
Related violations: <none>

DPIR-1#354 Warning
Asynchronous driver check  
DSP u_mdu/mul_uu_out0__1 input pin u_mdu/mul_uu_out0__1/A[14] is connected to registers with an asynchronous reset. This is preventing the possibility of merging these registers in to the DSP Block since the DSP block registers only possess synchronous reset capability.  It is suggested to recode or change these registers to remove the reset or use a synchronous reset to get the best optimization for performance, power and area.
Related violations: <none>

DPIR-1#355 Warning
Asynchronous driver check  
DSP u_mdu/mul_uu_out0__1 input pin u_mdu/mul_uu_out0__1/A[15] is connected to registers with an asynchronous reset. This is preventing the possibility of merging these registers in to the DSP Block since the DSP block registers only possess synchronous reset capability.  It is suggested to recode or change these registers to remove the reset or use a synchronous reset to get the best optimization for performance, power and area.
Related violations: <none>

DPIR-1#356 Warning
Asynchronous driver check  
DSP u_mdu/mul_uu_out0__1 input pin u_mdu/mul_uu_out0__1/A[16] is connected to registers with an asynchronous reset. This is preventing the possibility of merging these registers in to the DSP Block since the DSP block registers only possess synchronous reset capability.  It is suggested to recode or change these registers to remove the reset or use a synchronous reset to get the best optimization for performance, power and area.
Related violations: <none>

DPIR-1#357 Warning
Asynchronous driver check  
DSP u_mdu/mul_uu_out0__1 input pin u_mdu/mul_uu_out0__1/A[1] is connected to registers with an asynchronous reset. This is preventing the possibility of merging these registers in to the DSP Block since the DSP block registers only possess synchronous reset capability.  It is suggested to recode or change these registers to remove the reset or use a synchronous reset to get the best optimization for performance, power and area.
Related violations: <none>

DPIR-1#358 Warning
Asynchronous driver check  
DSP u_mdu/mul_uu_out0__1 input pin u_mdu/mul_uu_out0__1/A[2] is connected to registers with an asynchronous reset. This is preventing the possibility of merging these registers in to the DSP Block since the DSP block registers only possess synchronous reset capability.  It is suggested to recode or change these registers to remove the reset or use a synchronous reset to get the best optimization for performance, power and area.
Related violations: <none>

DPIR-1#359 Warning
Asynchronous driver check  
DSP u_mdu/mul_uu_out0__1 input pin u_mdu/mul_uu_out0__1/A[3] is connected to registers with an asynchronous reset. This is preventing the possibility of merging these registers in to the DSP Block since the DSP block registers only possess synchronous reset capability.  It is suggested to recode or change these registers to remove the reset or use a synchronous reset to get the best optimization for performance, power and area.
Related violations: <none>

DPIR-1#360 Warning
Asynchronous driver check  
DSP u_mdu/mul_uu_out0__1 input pin u_mdu/mul_uu_out0__1/A[4] is connected to registers with an asynchronous reset. This is preventing the possibility of merging these registers in to the DSP Block since the DSP block registers only possess synchronous reset capability.  It is suggested to recode or change these registers to remove the reset or use a synchronous reset to get the best optimization for performance, power and area.
Related violations: <none>

DPIR-1#361 Warning
Asynchronous driver check  
DSP u_mdu/mul_uu_out0__1 input pin u_mdu/mul_uu_out0__1/A[5] is connected to registers with an asynchronous reset. This is preventing the possibility of merging these registers in to the DSP Block since the DSP block registers only possess synchronous reset capability.  It is suggested to recode or change these registers to remove the reset or use a synchronous reset to get the best optimization for performance, power and area.
Related violations: <none>

DPIR-1#362 Warning
Asynchronous driver check  
DSP u_mdu/mul_uu_out0__1 input pin u_mdu/mul_uu_out0__1/A[6] is connected to registers with an asynchronous reset. This is preventing the possibility of merging these registers in to the DSP Block since the DSP block registers only possess synchronous reset capability.  It is suggested to recode or change these registers to remove the reset or use a synchronous reset to get the best optimization for performance, power and area.
Related violations: <none>

DPIR-1#363 Warning
Asynchronous driver check  
DSP u_mdu/mul_uu_out0__1 input pin u_mdu/mul_uu_out0__1/A[7] is connected to registers with an asynchronous reset. This is preventing the possibility of merging these registers in to the DSP Block since the DSP block registers only possess synchronous reset capability.  It is suggested to recode or change these registers to remove the reset or use a synchronous reset to get the best optimization for performance, power and area.
Related violations: <none>

DPIR-1#364 Warning
Asynchronous driver check  
DSP u_mdu/mul_uu_out0__1 input pin u_mdu/mul_uu_out0__1/A[8] is connected to registers with an asynchronous reset. This is preventing the possibility of merging these registers in to the DSP Block since the DSP block registers only possess synchronous reset capability.  It is suggested to recode or change these registers to remove the reset or use a synchronous reset to get the best optimization for performance, power and area.
Related violations: <none>

DPIR-1#365 Warning
Asynchronous driver check  
DSP u_mdu/mul_uu_out0__1 input pin u_mdu/mul_uu_out0__1/A[9] is connected to registers with an asynchronous reset. This is preventing the possibility of merging these registers in to the DSP Block since the DSP block registers only possess synchronous reset capability.  It is suggested to recode or change these registers to remove the reset or use a synchronous reset to get the best optimization for performance, power and area.
Related violations: <none>

DPIR-1#366 Warning
Asynchronous driver check  
DSP u_mdu/mul_uu_out0__1 input pin u_mdu/mul_uu_out0__1/B[0] is connected to registers with an asynchronous reset. This is preventing the possibility of merging these registers in to the DSP Block since the DSP block registers only possess synchronous reset capability.  It is suggested to recode or change these registers to remove the reset or use a synchronous reset to get the best optimization for performance, power and area.
Related violations: <none>

DPIR-1#367 Warning
Asynchronous driver check  
DSP u_mdu/mul_uu_out0__1 input pin u_mdu/mul_uu_out0__1/B[10] is connected to registers with an asynchronous reset. This is preventing the possibility of merging these registers in to the DSP Block since the DSP block registers only possess synchronous reset capability.  It is suggested to recode or change these registers to remove the reset or use a synchronous reset to get the best optimization for performance, power and area.
Related violations: <none>

DPIR-1#368 Warning
Asynchronous driver check  
DSP u_mdu/mul_uu_out0__1 input pin u_mdu/mul_uu_out0__1/B[11] is connected to registers with an asynchronous reset. This is preventing the possibility of merging these registers in to the DSP Block since the DSP block registers only possess synchronous reset capability.  It is suggested to recode or change these registers to remove the reset or use a synchronous reset to get the best optimization for performance, power and area.
Related violations: <none>

DPIR-1#369 Warning
Asynchronous driver check  
DSP u_mdu/mul_uu_out0__1 input pin u_mdu/mul_uu_out0__1/B[12] is connected to registers with an asynchronous reset. This is preventing the possibility of merging these registers in to the DSP Block since the DSP block registers only possess synchronous reset capability.  It is suggested to recode or change these registers to remove the reset or use a synchronous reset to get the best optimization for performance, power and area.
Related violations: <none>

DPIR-1#370 Warning
Asynchronous driver check  
DSP u_mdu/mul_uu_out0__1 input pin u_mdu/mul_uu_out0__1/B[13] is connected to registers with an asynchronous reset. This is preventing the possibility of merging these registers in to the DSP Block since the DSP block registers only possess synchronous reset capability.  It is suggested to recode or change these registers to remove the reset or use a synchronous reset to get the best optimization for performance, power and area.
Related violations: <none>

DPIR-1#371 Warning
Asynchronous driver check  
DSP u_mdu/mul_uu_out0__1 input pin u_mdu/mul_uu_out0__1/B[14] is connected to registers with an asynchronous reset. This is preventing the possibility of merging these registers in to the DSP Block since the DSP block registers only possess synchronous reset capability.  It is suggested to recode or change these registers to remove the reset or use a synchronous reset to get the best optimization for performance, power and area.
Related violations: <none>

DPIR-1#372 Warning
Asynchronous driver check  
DSP u_mdu/mul_uu_out0__1 input pin u_mdu/mul_uu_out0__1/B[15] is connected to registers with an asynchronous reset. This is preventing the possibility of merging these registers in to the DSP Block since the DSP block registers only possess synchronous reset capability.  It is suggested to recode or change these registers to remove the reset or use a synchronous reset to get the best optimization for performance, power and area.
Related violations: <none>

DPIR-1#373 Warning
Asynchronous driver check  
DSP u_mdu/mul_uu_out0__1 input pin u_mdu/mul_uu_out0__1/B[16] is connected to registers with an asynchronous reset. This is preventing the possibility of merging these registers in to the DSP Block since the DSP block registers only possess synchronous reset capability.  It is suggested to recode or change these registers to remove the reset or use a synchronous reset to get the best optimization for performance, power and area.
Related violations: <none>

DPIR-1#374 Warning
Asynchronous driver check  
DSP u_mdu/mul_uu_out0__1 input pin u_mdu/mul_uu_out0__1/B[1] is connected to registers with an asynchronous reset. This is preventing the possibility of merging these registers in to the DSP Block since the DSP block registers only possess synchronous reset capability.  It is suggested to recode or change these registers to remove the reset or use a synchronous reset to get the best optimization for performance, power and area.
Related violations: <none>

DPIR-1#375 Warning
Asynchronous driver check  
DSP u_mdu/mul_uu_out0__1 input pin u_mdu/mul_uu_out0__1/B[2] is connected to registers with an asynchronous reset. This is preventing the possibility of merging these registers in to the DSP Block since the DSP block registers only possess synchronous reset capability.  It is suggested to recode or change these registers to remove the reset or use a synchronous reset to get the best optimization for performance, power and area.
Related violations: <none>

DPIR-1#376 Warning
Asynchronous driver check  
DSP u_mdu/mul_uu_out0__1 input pin u_mdu/mul_uu_out0__1/B[3] is connected to registers with an asynchronous reset. This is preventing the possibility of merging these registers in to the DSP Block since the DSP block registers only possess synchronous reset capability.  It is suggested to recode or change these registers to remove the reset or use a synchronous reset to get the best optimization for performance, power and area.
Related violations: <none>

DPIR-1#377 Warning
Asynchronous driver check  
DSP u_mdu/mul_uu_out0__1 input pin u_mdu/mul_uu_out0__1/B[4] is connected to registers with an asynchronous reset. This is preventing the possibility of merging these registers in to the DSP Block since the DSP block registers only possess synchronous reset capability.  It is suggested to recode or change these registers to remove the reset or use a synchronous reset to get the best optimization for performance, power and area.
Related violations: <none>

DPIR-1#378 Warning
Asynchronous driver check  
DSP u_mdu/mul_uu_out0__1 input pin u_mdu/mul_uu_out0__1/B[5] is connected to registers with an asynchronous reset. This is preventing the possibility of merging these registers in to the DSP Block since the DSP block registers only possess synchronous reset capability.  It is suggested to recode or change these registers to remove the reset or use a synchronous reset to get the best optimization for performance, power and area.
Related violations: <none>

DPIR-1#379 Warning
Asynchronous driver check  
DSP u_mdu/mul_uu_out0__1 input pin u_mdu/mul_uu_out0__1/B[6] is connected to registers with an asynchronous reset. This is preventing the possibility of merging these registers in to the DSP Block since the DSP block registers only possess synchronous reset capability.  It is suggested to recode or change these registers to remove the reset or use a synchronous reset to get the best optimization for performance, power and area.
Related violations: <none>

DPIR-1#380 Warning
Asynchronous driver check  
DSP u_mdu/mul_uu_out0__1 input pin u_mdu/mul_uu_out0__1/B[7] is connected to registers with an asynchronous reset. This is preventing the possibility of merging these registers in to the DSP Block since the DSP block registers only possess synchronous reset capability.  It is suggested to recode or change these registers to remove the reset or use a synchronous reset to get the best optimization for performance, power and area.
Related violations: <none>

DPIR-1#381 Warning
Asynchronous driver check  
DSP u_mdu/mul_uu_out0__1 input pin u_mdu/mul_uu_out0__1/B[8] is connected to registers with an asynchronous reset. This is preventing the possibility of merging these registers in to the DSP Block since the DSP block registers only possess synchronous reset capability.  It is suggested to recode or change these registers to remove the reset or use a synchronous reset to get the best optimization for performance, power and area.
Related violations: <none>

DPIR-1#382 Warning
Asynchronous driver check  
DSP u_mdu/mul_uu_out0__1 input pin u_mdu/mul_uu_out0__1/B[9] is connected to registers with an asynchronous reset. This is preventing the possibility of merging these registers in to the DSP Block since the DSP block registers only possess synchronous reset capability.  It is suggested to recode or change these registers to remove the reset or use a synchronous reset to get the best optimization for performance, power and area.
Related violations: <none>

DPIR-1#383 Warning
Asynchronous driver check  
DSP u_mdu/mul_uu_out0__2 input pin u_mdu/mul_uu_out0__2/A[0] is connected to registers with an asynchronous reset. This is preventing the possibility of merging these registers in to the DSP Block since the DSP block registers only possess synchronous reset capability.  It is suggested to recode or change these registers to remove the reset or use a synchronous reset to get the best optimization for performance, power and area.
Related violations: <none>

DPIR-1#384 Warning
Asynchronous driver check  
DSP u_mdu/mul_uu_out0__2 input pin u_mdu/mul_uu_out0__2/A[10] is connected to registers with an asynchronous reset. This is preventing the possibility of merging these registers in to the DSP Block since the DSP block registers only possess synchronous reset capability.  It is suggested to recode or change these registers to remove the reset or use a synchronous reset to get the best optimization for performance, power and area.
Related violations: <none>

DPIR-1#385 Warning
Asynchronous driver check  
DSP u_mdu/mul_uu_out0__2 input pin u_mdu/mul_uu_out0__2/A[11] is connected to registers with an asynchronous reset. This is preventing the possibility of merging these registers in to the DSP Block since the DSP block registers only possess synchronous reset capability.  It is suggested to recode or change these registers to remove the reset or use a synchronous reset to get the best optimization for performance, power and area.
Related violations: <none>

DPIR-1#386 Warning
Asynchronous driver check  
DSP u_mdu/mul_uu_out0__2 input pin u_mdu/mul_uu_out0__2/A[12] is connected to registers with an asynchronous reset. This is preventing the possibility of merging these registers in to the DSP Block since the DSP block registers only possess synchronous reset capability.  It is suggested to recode or change these registers to remove the reset or use a synchronous reset to get the best optimization for performance, power and area.
Related violations: <none>

DPIR-1#387 Warning
Asynchronous driver check  
DSP u_mdu/mul_uu_out0__2 input pin u_mdu/mul_uu_out0__2/A[13] is connected to registers with an asynchronous reset. This is preventing the possibility of merging these registers in to the DSP Block since the DSP block registers only possess synchronous reset capability.  It is suggested to recode or change these registers to remove the reset or use a synchronous reset to get the best optimization for performance, power and area.
Related violations: <none>

DPIR-1#388 Warning
Asynchronous driver check  
DSP u_mdu/mul_uu_out0__2 input pin u_mdu/mul_uu_out0__2/A[14] is connected to registers with an asynchronous reset. This is preventing the possibility of merging these registers in to the DSP Block since the DSP block registers only possess synchronous reset capability.  It is suggested to recode or change these registers to remove the reset or use a synchronous reset to get the best optimization for performance, power and area.
Related violations: <none>

DPIR-1#389 Warning
Asynchronous driver check  
DSP u_mdu/mul_uu_out0__2 input pin u_mdu/mul_uu_out0__2/A[15] is connected to registers with an asynchronous reset. This is preventing the possibility of merging these registers in to the DSP Block since the DSP block registers only possess synchronous reset capability.  It is suggested to recode or change these registers to remove the reset or use a synchronous reset to get the best optimization for performance, power and area.
Related violations: <none>

DPIR-1#390 Warning
Asynchronous driver check  
DSP u_mdu/mul_uu_out0__2 input pin u_mdu/mul_uu_out0__2/A[16] is connected to registers with an asynchronous reset. This is preventing the possibility of merging these registers in to the DSP Block since the DSP block registers only possess synchronous reset capability.  It is suggested to recode or change these registers to remove the reset or use a synchronous reset to get the best optimization for performance, power and area.
Related violations: <none>

DPIR-1#391 Warning
Asynchronous driver check  
DSP u_mdu/mul_uu_out0__2 input pin u_mdu/mul_uu_out0__2/A[1] is connected to registers with an asynchronous reset. This is preventing the possibility of merging these registers in to the DSP Block since the DSP block registers only possess synchronous reset capability.  It is suggested to recode or change these registers to remove the reset or use a synchronous reset to get the best optimization for performance, power and area.
Related violations: <none>

DPIR-1#392 Warning
Asynchronous driver check  
DSP u_mdu/mul_uu_out0__2 input pin u_mdu/mul_uu_out0__2/A[2] is connected to registers with an asynchronous reset. This is preventing the possibility of merging these registers in to the DSP Block since the DSP block registers only possess synchronous reset capability.  It is suggested to recode or change these registers to remove the reset or use a synchronous reset to get the best optimization for performance, power and area.
Related violations: <none>

DPIR-1#393 Warning
Asynchronous driver check  
DSP u_mdu/mul_uu_out0__2 input pin u_mdu/mul_uu_out0__2/A[3] is connected to registers with an asynchronous reset. This is preventing the possibility of merging these registers in to the DSP Block since the DSP block registers only possess synchronous reset capability.  It is suggested to recode or change these registers to remove the reset or use a synchronous reset to get the best optimization for performance, power and area.
Related violations: <none>

DPIR-1#394 Warning
Asynchronous driver check  
DSP u_mdu/mul_uu_out0__2 input pin u_mdu/mul_uu_out0__2/A[4] is connected to registers with an asynchronous reset. This is preventing the possibility of merging these registers in to the DSP Block since the DSP block registers only possess synchronous reset capability.  It is suggested to recode or change these registers to remove the reset or use a synchronous reset to get the best optimization for performance, power and area.
Related violations: <none>

DPIR-1#395 Warning
Asynchronous driver check  
DSP u_mdu/mul_uu_out0__2 input pin u_mdu/mul_uu_out0__2/A[5] is connected to registers with an asynchronous reset. This is preventing the possibility of merging these registers in to the DSP Block since the DSP block registers only possess synchronous reset capability.  It is suggested to recode or change these registers to remove the reset or use a synchronous reset to get the best optimization for performance, power and area.
Related violations: <none>

DPIR-1#396 Warning
Asynchronous driver check  
DSP u_mdu/mul_uu_out0__2 input pin u_mdu/mul_uu_out0__2/A[6] is connected to registers with an asynchronous reset. This is preventing the possibility of merging these registers in to the DSP Block since the DSP block registers only possess synchronous reset capability.  It is suggested to recode or change these registers to remove the reset or use a synchronous reset to get the best optimization for performance, power and area.
Related violations: <none>

DPIR-1#397 Warning
Asynchronous driver check  
DSP u_mdu/mul_uu_out0__2 input pin u_mdu/mul_uu_out0__2/A[7] is connected to registers with an asynchronous reset. This is preventing the possibility of merging these registers in to the DSP Block since the DSP block registers only possess synchronous reset capability.  It is suggested to recode or change these registers to remove the reset or use a synchronous reset to get the best optimization for performance, power and area.
Related violations: <none>

DPIR-1#398 Warning
Asynchronous driver check  
DSP u_mdu/mul_uu_out0__2 input pin u_mdu/mul_uu_out0__2/A[8] is connected to registers with an asynchronous reset. This is preventing the possibility of merging these registers in to the DSP Block since the DSP block registers only possess synchronous reset capability.  It is suggested to recode or change these registers to remove the reset or use a synchronous reset to get the best optimization for performance, power and area.
Related violations: <none>

DPIR-1#399 Warning
Asynchronous driver check  
DSP u_mdu/mul_uu_out0__2 input pin u_mdu/mul_uu_out0__2/A[9] is connected to registers with an asynchronous reset. This is preventing the possibility of merging these registers in to the DSP Block since the DSP block registers only possess synchronous reset capability.  It is suggested to recode or change these registers to remove the reset or use a synchronous reset to get the best optimization for performance, power and area.
Related violations: <none>

DPIR-1#400 Warning
Asynchronous driver check  
DSP u_mdu/mul_uu_out0__2 input pin u_mdu/mul_uu_out0__2/B[0] is connected to registers with an asynchronous reset. This is preventing the possibility of merging these registers in to the DSP Block since the DSP block registers only possess synchronous reset capability.  It is suggested to recode or change these registers to remove the reset or use a synchronous reset to get the best optimization for performance, power and area.
Related violations: <none>

DPIR-1#401 Warning
Asynchronous driver check  
DSP u_mdu/mul_uu_out0__2 input pin u_mdu/mul_uu_out0__2/B[10] is connected to registers with an asynchronous reset. This is preventing the possibility of merging these registers in to the DSP Block since the DSP block registers only possess synchronous reset capability.  It is suggested to recode or change these registers to remove the reset or use a synchronous reset to get the best optimization for performance, power and area.
Related violations: <none>

DPIR-1#402 Warning
Asynchronous driver check  
DSP u_mdu/mul_uu_out0__2 input pin u_mdu/mul_uu_out0__2/B[11] is connected to registers with an asynchronous reset. This is preventing the possibility of merging these registers in to the DSP Block since the DSP block registers only possess synchronous reset capability.  It is suggested to recode or change these registers to remove the reset or use a synchronous reset to get the best optimization for performance, power and area.
Related violations: <none>

DPIR-1#403 Warning
Asynchronous driver check  
DSP u_mdu/mul_uu_out0__2 input pin u_mdu/mul_uu_out0__2/B[12] is connected to registers with an asynchronous reset. This is preventing the possibility of merging these registers in to the DSP Block since the DSP block registers only possess synchronous reset capability.  It is suggested to recode or change these registers to remove the reset or use a synchronous reset to get the best optimization for performance, power and area.
Related violations: <none>

DPIR-1#404 Warning
Asynchronous driver check  
DSP u_mdu/mul_uu_out0__2 input pin u_mdu/mul_uu_out0__2/B[13] is connected to registers with an asynchronous reset. This is preventing the possibility of merging these registers in to the DSP Block since the DSP block registers only possess synchronous reset capability.  It is suggested to recode or change these registers to remove the reset or use a synchronous reset to get the best optimization for performance, power and area.
Related violations: <none>

DPIR-1#405 Warning
Asynchronous driver check  
DSP u_mdu/mul_uu_out0__2 input pin u_mdu/mul_uu_out0__2/B[14] is connected to registers with an asynchronous reset. This is preventing the possibility of merging these registers in to the DSP Block since the DSP block registers only possess synchronous reset capability.  It is suggested to recode or change these registers to remove the reset or use a synchronous reset to get the best optimization for performance, power and area.
Related violations: <none>

DPIR-1#406 Warning
Asynchronous driver check  
DSP u_mdu/mul_uu_out0__2 input pin u_mdu/mul_uu_out0__2/B[1] is connected to registers with an asynchronous reset. This is preventing the possibility of merging these registers in to the DSP Block since the DSP block registers only possess synchronous reset capability.  It is suggested to recode or change these registers to remove the reset or use a synchronous reset to get the best optimization for performance, power and area.
Related violations: <none>

DPIR-1#407 Warning
Asynchronous driver check  
DSP u_mdu/mul_uu_out0__2 input pin u_mdu/mul_uu_out0__2/B[2] is connected to registers with an asynchronous reset. This is preventing the possibility of merging these registers in to the DSP Block since the DSP block registers only possess synchronous reset capability.  It is suggested to recode or change these registers to remove the reset or use a synchronous reset to get the best optimization for performance, power and area.
Related violations: <none>

DPIR-1#408 Warning
Asynchronous driver check  
DSP u_mdu/mul_uu_out0__2 input pin u_mdu/mul_uu_out0__2/B[3] is connected to registers with an asynchronous reset. This is preventing the possibility of merging these registers in to the DSP Block since the DSP block registers only possess synchronous reset capability.  It is suggested to recode or change these registers to remove the reset or use a synchronous reset to get the best optimization for performance, power and area.
Related violations: <none>

DPIR-1#409 Warning
Asynchronous driver check  
DSP u_mdu/mul_uu_out0__2 input pin u_mdu/mul_uu_out0__2/B[4] is connected to registers with an asynchronous reset. This is preventing the possibility of merging these registers in to the DSP Block since the DSP block registers only possess synchronous reset capability.  It is suggested to recode or change these registers to remove the reset or use a synchronous reset to get the best optimization for performance, power and area.
Related violations: <none>

DPIR-1#410 Warning
Asynchronous driver check  
DSP u_mdu/mul_uu_out0__2 input pin u_mdu/mul_uu_out0__2/B[5] is connected to registers with an asynchronous reset. This is preventing the possibility of merging these registers in to the DSP Block since the DSP block registers only possess synchronous reset capability.  It is suggested to recode or change these registers to remove the reset or use a synchronous reset to get the best optimization for performance, power and area.
Related violations: <none>

DPIR-1#411 Warning
Asynchronous driver check  
DSP u_mdu/mul_uu_out0__2 input pin u_mdu/mul_uu_out0__2/B[6] is connected to registers with an asynchronous reset. This is preventing the possibility of merging these registers in to the DSP Block since the DSP block registers only possess synchronous reset capability.  It is suggested to recode or change these registers to remove the reset or use a synchronous reset to get the best optimization for performance, power and area.
Related violations: <none>

DPIR-1#412 Warning
Asynchronous driver check  
DSP u_mdu/mul_uu_out0__2 input pin u_mdu/mul_uu_out0__2/B[7] is connected to registers with an asynchronous reset. This is preventing the possibility of merging these registers in to the DSP Block since the DSP block registers only possess synchronous reset capability.  It is suggested to recode or change these registers to remove the reset or use a synchronous reset to get the best optimization for performance, power and area.
Related violations: <none>

DPIR-1#413 Warning
Asynchronous driver check  
DSP u_mdu/mul_uu_out0__2 input pin u_mdu/mul_uu_out0__2/B[8] is connected to registers with an asynchronous reset. This is preventing the possibility of merging these registers in to the DSP Block since the DSP block registers only possess synchronous reset capability.  It is suggested to recode or change these registers to remove the reset or use a synchronous reset to get the best optimization for performance, power and area.
Related violations: <none>

DPIR-1#414 Warning
Asynchronous driver check  
DSP u_mdu/mul_uu_out0__2 input pin u_mdu/mul_uu_out0__2/B[9] is connected to registers with an asynchronous reset. This is preventing the possibility of merging these registers in to the DSP Block since the DSP block registers only possess synchronous reset capability.  It is suggested to recode or change these registers to remove the reset or use a synchronous reset to get the best optimization for performance, power and area.
Related violations: <none>

SYNTH-5#1 Warning
Mapped onto distributed RAM because of timing constraints  
The instance u_dmem/mem_reg_0_255_0_0 is implemented as distributed LUT RAM for the following reason: The timing constraints suggest that the chosen mapping will yield a better timing.
Related violations: <none>

SYNTH-5#2 Warning
Mapped onto distributed RAM because of timing constraints  
The instance u_dmem/mem_reg_0_255_10_10 is implemented as distributed LUT RAM for the following reason: The timing constraints suggest that the chosen mapping will yield a better timing.
Related violations: <none>

SYNTH-5#3 Warning
Mapped onto distributed RAM because of timing constraints  
The instance u_dmem/mem_reg_0_255_11_11 is implemented as distributed LUT RAM for the following reason: The timing constraints suggest that the chosen mapping will yield a better timing.
Related violations: <none>

SYNTH-5#4 Warning
Mapped onto distributed RAM because of timing constraints  
The instance u_dmem/mem_reg_0_255_12_12 is implemented as distributed LUT RAM for the following reason: The timing constraints suggest that the chosen mapping will yield a better timing.
Related violations: <none>

SYNTH-5#5 Warning
Mapped onto distributed RAM because of timing constraints  
The instance u_dmem/mem_reg_0_255_13_13 is implemented as distributed LUT RAM for the following reason: The timing constraints suggest that the chosen mapping will yield a better timing.
Related violations: <none>

SYNTH-5#6 Warning
Mapped onto distributed RAM because of timing constraints  
The instance u_dmem/mem_reg_0_255_14_14 is implemented as distributed LUT RAM for the following reason: The timing constraints suggest that the chosen mapping will yield a better timing.
Related violations: <none>

SYNTH-5#7 Warning
Mapped onto distributed RAM because of timing constraints  
The instance u_dmem/mem_reg_0_255_15_15 is implemented as distributed LUT RAM for the following reason: The timing constraints suggest that the chosen mapping will yield a better timing.
Related violations: <none>

SYNTH-5#8 Warning
Mapped onto distributed RAM because of timing constraints  
The instance u_dmem/mem_reg_0_255_16_16 is implemented as distributed LUT RAM for the following reason: The timing constraints suggest that the chosen mapping will yield a better timing.
Related violations: <none>

SYNTH-5#9 Warning
Mapped onto distributed RAM because of timing constraints  
The instance u_dmem/mem_reg_0_255_17_17 is implemented as distributed LUT RAM for the following reason: The timing constraints suggest that the chosen mapping will yield a better timing.
Related violations: <none>

SYNTH-5#10 Warning
Mapped onto distributed RAM because of timing constraints  
The instance u_dmem/mem_reg_0_255_18_18 is implemented as distributed LUT RAM for the following reason: The timing constraints suggest that the chosen mapping will yield a better timing.
Related violations: <none>

SYNTH-5#11 Warning
Mapped onto distributed RAM because of timing constraints  
The instance u_dmem/mem_reg_0_255_19_19 is implemented as distributed LUT RAM for the following reason: The timing constraints suggest that the chosen mapping will yield a better timing.
Related violations: <none>

SYNTH-5#12 Warning
Mapped onto distributed RAM because of timing constraints  
The instance u_dmem/mem_reg_0_255_1_1 is implemented as distributed LUT RAM for the following reason: The timing constraints suggest that the chosen mapping will yield a better timing.
Related violations: <none>

SYNTH-5#13 Warning
Mapped onto distributed RAM because of timing constraints  
The instance u_dmem/mem_reg_0_255_20_20 is implemented as distributed LUT RAM for the following reason: The timing constraints suggest that the chosen mapping will yield a better timing.
Related violations: <none>

SYNTH-5#14 Warning
Mapped onto distributed RAM because of timing constraints  
The instance u_dmem/mem_reg_0_255_21_21 is implemented as distributed LUT RAM for the following reason: The timing constraints suggest that the chosen mapping will yield a better timing.
Related violations: <none>

SYNTH-5#15 Warning
Mapped onto distributed RAM because of timing constraints  
The instance u_dmem/mem_reg_0_255_22_22 is implemented as distributed LUT RAM for the following reason: The timing constraints suggest that the chosen mapping will yield a better timing.
Related violations: <none>

SYNTH-5#16 Warning
Mapped onto distributed RAM because of timing constraints  
The instance u_dmem/mem_reg_0_255_23_23 is implemented as distributed LUT RAM for the following reason: The timing constraints suggest that the chosen mapping will yield a better timing.
Related violations: <none>

SYNTH-5#17 Warning
Mapped onto distributed RAM because of timing constraints  
The instance u_dmem/mem_reg_0_255_24_24 is implemented as distributed LUT RAM for the following reason: The timing constraints suggest that the chosen mapping will yield a better timing.
Related violations: <none>

SYNTH-5#18 Warning
Mapped onto distributed RAM because of timing constraints  
The instance u_dmem/mem_reg_0_255_25_25 is implemented as distributed LUT RAM for the following reason: The timing constraints suggest that the chosen mapping will yield a better timing.
Related violations: <none>

SYNTH-5#19 Warning
Mapped onto distributed RAM because of timing constraints  
The instance u_dmem/mem_reg_0_255_26_26 is implemented as distributed LUT RAM for the following reason: The timing constraints suggest that the chosen mapping will yield a better timing.
Related violations: <none>

SYNTH-5#20 Warning
Mapped onto distributed RAM because of timing constraints  
The instance u_dmem/mem_reg_0_255_27_27 is implemented as distributed LUT RAM for the following reason: The timing constraints suggest that the chosen mapping will yield a better timing.
Related violations: <none>

SYNTH-5#21 Warning
Mapped onto distributed RAM because of timing constraints  
The instance u_dmem/mem_reg_0_255_28_28 is implemented as distributed LUT RAM for the following reason: The timing constraints suggest that the chosen mapping will yield a better timing.
Related violations: <none>

SYNTH-5#22 Warning
Mapped onto distributed RAM because of timing constraints  
The instance u_dmem/mem_reg_0_255_29_29 is implemented as distributed LUT RAM for the following reason: The timing constraints suggest that the chosen mapping will yield a better timing.
Related violations: <none>

SYNTH-5#23 Warning
Mapped onto distributed RAM because of timing constraints  
The instance u_dmem/mem_reg_0_255_2_2 is implemented as distributed LUT RAM for the following reason: The timing constraints suggest that the chosen mapping will yield a better timing.
Related violations: <none>

SYNTH-5#24 Warning
Mapped onto distributed RAM because of timing constraints  
The instance u_dmem/mem_reg_0_255_30_30 is implemented as distributed LUT RAM for the following reason: The timing constraints suggest that the chosen mapping will yield a better timing.
Related violations: <none>

SYNTH-5#25 Warning
Mapped onto distributed RAM because of timing constraints  
The instance u_dmem/mem_reg_0_255_31_31 is implemented as distributed LUT RAM for the following reason: The timing constraints suggest that the chosen mapping will yield a better timing.
Related violations: <none>

SYNTH-5#26 Warning
Mapped onto distributed RAM because of timing constraints  
The instance u_dmem/mem_reg_0_255_3_3 is implemented as distributed LUT RAM for the following reason: The timing constraints suggest that the chosen mapping will yield a better timing.
Related violations: <none>

SYNTH-5#27 Warning
Mapped onto distributed RAM because of timing constraints  
The instance u_dmem/mem_reg_0_255_4_4 is implemented as distributed LUT RAM for the following reason: The timing constraints suggest that the chosen mapping will yield a better timing.
Related violations: <none>

SYNTH-5#28 Warning
Mapped onto distributed RAM because of timing constraints  
The instance u_dmem/mem_reg_0_255_5_5 is implemented as distributed LUT RAM for the following reason: The timing constraints suggest that the chosen mapping will yield a better timing.
Related violations: <none>

SYNTH-5#29 Warning
Mapped onto distributed RAM because of timing constraints  
The instance u_dmem/mem_reg_0_255_6_6 is implemented as distributed LUT RAM for the following reason: The timing constraints suggest that the chosen mapping will yield a better timing.
Related violations: <none>

SYNTH-5#30 Warning
Mapped onto distributed RAM because of timing constraints  
The instance u_dmem/mem_reg_0_255_7_7 is implemented as distributed LUT RAM for the following reason: The timing constraints suggest that the chosen mapping will yield a better timing.
Related violations: <none>

SYNTH-5#31 Warning
Mapped onto distributed RAM because of timing constraints  
The instance u_dmem/mem_reg_0_255_8_8 is implemented as distributed LUT RAM for the following reason: The timing constraints suggest that the chosen mapping will yield a better timing.
Related violations: <none>

SYNTH-5#32 Warning
Mapped onto distributed RAM because of timing constraints  
The instance u_dmem/mem_reg_0_255_9_9 is implemented as distributed LUT RAM for the following reason: The timing constraints suggest that the chosen mapping will yield a better timing.
Related violations: <none>

SYNTH-5#33 Warning
Mapped onto distributed RAM because of timing constraints  
The instance u_dmem/mem_reg_1024_1279_0_0 is implemented as distributed LUT RAM for the following reason: The timing constraints suggest that the chosen mapping will yield a better timing.
Related violations: <none>

SYNTH-5#34 Warning
Mapped onto distributed RAM because of timing constraints  
The instance u_dmem/mem_reg_1024_1279_10_10 is implemented as distributed LUT RAM for the following reason: The timing constraints suggest that the chosen mapping will yield a better timing.
Related violations: <none>

SYNTH-5#35 Warning
Mapped onto distributed RAM because of timing constraints  
The instance u_dmem/mem_reg_1024_1279_11_11 is implemented as distributed LUT RAM for the following reason: The timing constraints suggest that the chosen mapping will yield a better timing.
Related violations: <none>

SYNTH-5#36 Warning
Mapped onto distributed RAM because of timing constraints  
The instance u_dmem/mem_reg_1024_1279_12_12 is implemented as distributed LUT RAM for the following reason: The timing constraints suggest that the chosen mapping will yield a better timing.
Related violations: <none>

SYNTH-5#37 Warning
Mapped onto distributed RAM because of timing constraints  
The instance u_dmem/mem_reg_1024_1279_13_13 is implemented as distributed LUT RAM for the following reason: The timing constraints suggest that the chosen mapping will yield a better timing.
Related violations: <none>

SYNTH-5#38 Warning
Mapped onto distributed RAM because of timing constraints  
The instance u_dmem/mem_reg_1024_1279_14_14 is implemented as distributed LUT RAM for the following reason: The timing constraints suggest that the chosen mapping will yield a better timing.
Related violations: <none>

SYNTH-5#39 Warning
Mapped onto distributed RAM because of timing constraints  
The instance u_dmem/mem_reg_1024_1279_15_15 is implemented as distributed LUT RAM for the following reason: The timing constraints suggest that the chosen mapping will yield a better timing.
Related violations: <none>

SYNTH-5#40 Warning
Mapped onto distributed RAM because of timing constraints  
The instance u_dmem/mem_reg_1024_1279_16_16 is implemented as distributed LUT RAM for the following reason: The timing constraints suggest that the chosen mapping will yield a better timing.
Related violations: <none>

SYNTH-5#41 Warning
Mapped onto distributed RAM because of timing constraints  
The instance u_dmem/mem_reg_1024_1279_17_17 is implemented as distributed LUT RAM for the following reason: The timing constraints suggest that the chosen mapping will yield a better timing.
Related violations: <none>

SYNTH-5#42 Warning
Mapped onto distributed RAM because of timing constraints  
The instance u_dmem/mem_reg_1024_1279_18_18 is implemented as distributed LUT RAM for the following reason: The timing constraints suggest that the chosen mapping will yield a better timing.
Related violations: <none>

SYNTH-5#43 Warning
Mapped onto distributed RAM because of timing constraints  
The instance u_dmem/mem_reg_1024_1279_19_19 is implemented as distributed LUT RAM for the following reason: The timing constraints suggest that the chosen mapping will yield a better timing.
Related violations: <none>

SYNTH-5#44 Warning
Mapped onto distributed RAM because of timing constraints  
The instance u_dmem/mem_reg_1024_1279_1_1 is implemented as distributed LUT RAM for the following reason: The timing constraints suggest that the chosen mapping will yield a better timing.
Related violations: <none>

SYNTH-5#45 Warning
Mapped onto distributed RAM because of timing constraints  
The instance u_dmem/mem_reg_1024_1279_20_20 is implemented as distributed LUT RAM for the following reason: The timing constraints suggest that the chosen mapping will yield a better timing.
Related violations: <none>

SYNTH-5#46 Warning
Mapped onto distributed RAM because of timing constraints  
The instance u_dmem/mem_reg_1024_1279_21_21 is implemented as distributed LUT RAM for the following reason: The timing constraints suggest that the chosen mapping will yield a better timing.
Related violations: <none>

SYNTH-5#47 Warning
Mapped onto distributed RAM because of timing constraints  
The instance u_dmem/mem_reg_1024_1279_22_22 is implemented as distributed LUT RAM for the following reason: The timing constraints suggest that the chosen mapping will yield a better timing.
Related violations: <none>

SYNTH-5#48 Warning
Mapped onto distributed RAM because of timing constraints  
The instance u_dmem/mem_reg_1024_1279_23_23 is implemented as distributed LUT RAM for the following reason: The timing constraints suggest that the chosen mapping will yield a better timing.
Related violations: <none>

SYNTH-5#49 Warning
Mapped onto distributed RAM because of timing constraints  
The instance u_dmem/mem_reg_1024_1279_24_24 is implemented as distributed LUT RAM for the following reason: The timing constraints suggest that the chosen mapping will yield a better timing.
Related violations: <none>

SYNTH-5#50 Warning
Mapped onto distributed RAM because of timing constraints  
The instance u_dmem/mem_reg_1024_1279_25_25 is implemented as distributed LUT RAM for the following reason: The timing constraints suggest that the chosen mapping will yield a better timing.
Related violations: <none>

SYNTH-5#51 Warning
Mapped onto distributed RAM because of timing constraints  
The instance u_dmem/mem_reg_1024_1279_26_26 is implemented as distributed LUT RAM for the following reason: The timing constraints suggest that the chosen mapping will yield a better timing.
Related violations: <none>

SYNTH-5#52 Warning
Mapped onto distributed RAM because of timing constraints  
The instance u_dmem/mem_reg_1024_1279_27_27 is implemented as distributed LUT RAM for the following reason: The timing constraints suggest that the chosen mapping will yield a better timing.
Related violations: <none>

SYNTH-5#53 Warning
Mapped onto distributed RAM because of timing constraints  
The instance u_dmem/mem_reg_1024_1279_28_28 is implemented as distributed LUT RAM for the following reason: The timing constraints suggest that the chosen mapping will yield a better timing.
Related violations: <none>

SYNTH-5#54 Warning
Mapped onto distributed RAM because of timing constraints  
The instance u_dmem/mem_reg_1024_1279_29_29 is implemented as distributed LUT RAM for the following reason: The timing constraints suggest that the chosen mapping will yield a better timing.
Related violations: <none>

SYNTH-5#55 Warning
Mapped onto distributed RAM because of timing constraints  
The instance u_dmem/mem_reg_1024_1279_2_2 is implemented as distributed LUT RAM for the following reason: The timing constraints suggest that the chosen mapping will yield a better timing.
Related violations: <none>

SYNTH-5#56 Warning
Mapped onto distributed RAM because of timing constraints  
The instance u_dmem/mem_reg_1024_1279_30_30 is implemented as distributed LUT RAM for the following reason: The timing constraints suggest that the chosen mapping will yield a better timing.
Related violations: <none>

SYNTH-5#57 Warning
Mapped onto distributed RAM because of timing constraints  
The instance u_dmem/mem_reg_1024_1279_31_31 is implemented as distributed LUT RAM for the following reason: The timing constraints suggest that the chosen mapping will yield a better timing.
Related violations: <none>

SYNTH-5#58 Warning
Mapped onto distributed RAM because of timing constraints  
The instance u_dmem/mem_reg_1024_1279_3_3 is implemented as distributed LUT RAM for the following reason: The timing constraints suggest that the chosen mapping will yield a better timing.
Related violations: <none>

SYNTH-5#59 Warning
Mapped onto distributed RAM because of timing constraints  
The instance u_dmem/mem_reg_1024_1279_4_4 is implemented as distributed LUT RAM for the following reason: The timing constraints suggest that the chosen mapping will yield a better timing.
Related violations: <none>

SYNTH-5#60 Warning
Mapped onto distributed RAM because of timing constraints  
The instance u_dmem/mem_reg_1024_1279_5_5 is implemented as distributed LUT RAM for the following reason: The timing constraints suggest that the chosen mapping will yield a better timing.
Related violations: <none>

SYNTH-5#61 Warning
Mapped onto distributed RAM because of timing constraints  
The instance u_dmem/mem_reg_1024_1279_6_6 is implemented as distributed LUT RAM for the following reason: The timing constraints suggest that the chosen mapping will yield a better timing.
Related violations: <none>

SYNTH-5#62 Warning
Mapped onto distributed RAM because of timing constraints  
The instance u_dmem/mem_reg_1024_1279_7_7 is implemented as distributed LUT RAM for the following reason: The timing constraints suggest that the chosen mapping will yield a better timing.
Related violations: <none>

SYNTH-5#63 Warning
Mapped onto distributed RAM because of timing constraints  
The instance u_dmem/mem_reg_1024_1279_8_8 is implemented as distributed LUT RAM for the following reason: The timing constraints suggest that the chosen mapping will yield a better timing.
Related violations: <none>

SYNTH-5#64 Warning
Mapped onto distributed RAM because of timing constraints  
The instance u_dmem/mem_reg_1024_1279_9_9 is implemented as distributed LUT RAM for the following reason: The timing constraints suggest that the chosen mapping will yield a better timing.
Related violations: <none>

SYNTH-5#65 Warning
Mapped onto distributed RAM because of timing constraints  
The instance u_dmem/mem_reg_1280_1535_0_0 is implemented as distributed LUT RAM for the following reason: The timing constraints suggest that the chosen mapping will yield a better timing.
Related violations: <none>

SYNTH-5#66 Warning
Mapped onto distributed RAM because of timing constraints  
The instance u_dmem/mem_reg_1280_1535_10_10 is implemented as distributed LUT RAM for the following reason: The timing constraints suggest that the chosen mapping will yield a better timing.
Related violations: <none>

SYNTH-5#67 Warning
Mapped onto distributed RAM because of timing constraints  
The instance u_dmem/mem_reg_1280_1535_11_11 is implemented as distributed LUT RAM for the following reason: The timing constraints suggest that the chosen mapping will yield a better timing.
Related violations: <none>

SYNTH-5#68 Warning
Mapped onto distributed RAM because of timing constraints  
The instance u_dmem/mem_reg_1280_1535_12_12 is implemented as distributed LUT RAM for the following reason: The timing constraints suggest that the chosen mapping will yield a better timing.
Related violations: <none>

SYNTH-5#69 Warning
Mapped onto distributed RAM because of timing constraints  
The instance u_dmem/mem_reg_1280_1535_13_13 is implemented as distributed LUT RAM for the following reason: The timing constraints suggest that the chosen mapping will yield a better timing.
Related violations: <none>

SYNTH-5#70 Warning
Mapped onto distributed RAM because of timing constraints  
The instance u_dmem/mem_reg_1280_1535_14_14 is implemented as distributed LUT RAM for the following reason: The timing constraints suggest that the chosen mapping will yield a better timing.
Related violations: <none>

SYNTH-5#71 Warning
Mapped onto distributed RAM because of timing constraints  
The instance u_dmem/mem_reg_1280_1535_15_15 is implemented as distributed LUT RAM for the following reason: The timing constraints suggest that the chosen mapping will yield a better timing.
Related violations: <none>

SYNTH-5#72 Warning
Mapped onto distributed RAM because of timing constraints  
The instance u_dmem/mem_reg_1280_1535_16_16 is implemented as distributed LUT RAM for the following reason: The timing constraints suggest that the chosen mapping will yield a better timing.
Related violations: <none>

SYNTH-5#73 Warning
Mapped onto distributed RAM because of timing constraints  
The instance u_dmem/mem_reg_1280_1535_17_17 is implemented as distributed LUT RAM for the following reason: The timing constraints suggest that the chosen mapping will yield a better timing.
Related violations: <none>

SYNTH-5#74 Warning
Mapped onto distributed RAM because of timing constraints  
The instance u_dmem/mem_reg_1280_1535_18_18 is implemented as distributed LUT RAM for the following reason: The timing constraints suggest that the chosen mapping will yield a better timing.
Related violations: <none>

SYNTH-5#75 Warning
Mapped onto distributed RAM because of timing constraints  
The instance u_dmem/mem_reg_1280_1535_19_19 is implemented as distributed LUT RAM for the following reason: The timing constraints suggest that the chosen mapping will yield a better timing.
Related violations: <none>

SYNTH-5#76 Warning
Mapped onto distributed RAM because of timing constraints  
The instance u_dmem/mem_reg_1280_1535_1_1 is implemented as distributed LUT RAM for the following reason: The timing constraints suggest that the chosen mapping will yield a better timing.
Related violations: <none>

SYNTH-5#77 Warning
Mapped onto distributed RAM because of timing constraints  
The instance u_dmem/mem_reg_1280_1535_20_20 is implemented as distributed LUT RAM for the following reason: The timing constraints suggest that the chosen mapping will yield a better timing.
Related violations: <none>

SYNTH-5#78 Warning
Mapped onto distributed RAM because of timing constraints  
The instance u_dmem/mem_reg_1280_1535_21_21 is implemented as distributed LUT RAM for the following reason: The timing constraints suggest that the chosen mapping will yield a better timing.
Related violations: <none>

SYNTH-5#79 Warning
Mapped onto distributed RAM because of timing constraints  
The instance u_dmem/mem_reg_1280_1535_22_22 is implemented as distributed LUT RAM for the following reason: The timing constraints suggest that the chosen mapping will yield a better timing.
Related violations: <none>

SYNTH-5#80 Warning
Mapped onto distributed RAM because of timing constraints  
The instance u_dmem/mem_reg_1280_1535_23_23 is implemented as distributed LUT RAM for the following reason: The timing constraints suggest that the chosen mapping will yield a better timing.
Related violations: <none>

SYNTH-5#81 Warning
Mapped onto distributed RAM because of timing constraints  
The instance u_dmem/mem_reg_1280_1535_24_24 is implemented as distributed LUT RAM for the following reason: The timing constraints suggest that the chosen mapping will yield a better timing.
Related violations: <none>

SYNTH-5#82 Warning
Mapped onto distributed RAM because of timing constraints  
The instance u_dmem/mem_reg_1280_1535_25_25 is implemented as distributed LUT RAM for the following reason: The timing constraints suggest that the chosen mapping will yield a better timing.
Related violations: <none>

SYNTH-5#83 Warning
Mapped onto distributed RAM because of timing constraints  
The instance u_dmem/mem_reg_1280_1535_26_26 is implemented as distributed LUT RAM for the following reason: The timing constraints suggest that the chosen mapping will yield a better timing.
Related violations: <none>

SYNTH-5#84 Warning
Mapped onto distributed RAM because of timing constraints  
The instance u_dmem/mem_reg_1280_1535_27_27 is implemented as distributed LUT RAM for the following reason: The timing constraints suggest that the chosen mapping will yield a better timing.
Related violations: <none>

SYNTH-5#85 Warning
Mapped onto distributed RAM because of timing constraints  
The instance u_dmem/mem_reg_1280_1535_28_28 is implemented as distributed LUT RAM for the following reason: The timing constraints suggest that the chosen mapping will yield a better timing.
Related violations: <none>

SYNTH-5#86 Warning
Mapped onto distributed RAM because of timing constraints  
The instance u_dmem/mem_reg_1280_1535_29_29 is implemented as distributed LUT RAM for the following reason: The timing constraints suggest that the chosen mapping will yield a better timing.
Related violations: <none>

SYNTH-5#87 Warning
Mapped onto distributed RAM because of timing constraints  
The instance u_dmem/mem_reg_1280_1535_2_2 is implemented as distributed LUT RAM for the following reason: The timing constraints suggest that the chosen mapping will yield a better timing.
Related violations: <none>

SYNTH-5#88 Warning
Mapped onto distributed RAM because of timing constraints  
The instance u_dmem/mem_reg_1280_1535_30_30 is implemented as distributed LUT RAM for the following reason: The timing constraints suggest that the chosen mapping will yield a better timing.
Related violations: <none>

SYNTH-5#89 Warning
Mapped onto distributed RAM because of timing constraints  
The instance u_dmem/mem_reg_1280_1535_31_31 is implemented as distributed LUT RAM for the following reason: The timing constraints suggest that the chosen mapping will yield a better timing.
Related violations: <none>

SYNTH-5#90 Warning
Mapped onto distributed RAM because of timing constraints  
The instance u_dmem/mem_reg_1280_1535_3_3 is implemented as distributed LUT RAM for the following reason: The timing constraints suggest that the chosen mapping will yield a better timing.
Related violations: <none>

SYNTH-5#91 Warning
Mapped onto distributed RAM because of timing constraints  
The instance u_dmem/mem_reg_1280_1535_4_4 is implemented as distributed LUT RAM for the following reason: The timing constraints suggest that the chosen mapping will yield a better timing.
Related violations: <none>

SYNTH-5#92 Warning
Mapped onto distributed RAM because of timing constraints  
The instance u_dmem/mem_reg_1280_1535_5_5 is implemented as distributed LUT RAM for the following reason: The timing constraints suggest that the chosen mapping will yield a better timing.
Related violations: <none>

SYNTH-5#93 Warning
Mapped onto distributed RAM because of timing constraints  
The instance u_dmem/mem_reg_1280_1535_6_6 is implemented as distributed LUT RAM for the following reason: The timing constraints suggest that the chosen mapping will yield a better timing.
Related violations: <none>

SYNTH-5#94 Warning
Mapped onto distributed RAM because of timing constraints  
The instance u_dmem/mem_reg_1280_1535_7_7 is implemented as distributed LUT RAM for the following reason: The timing constraints suggest that the chosen mapping will yield a better timing.
Related violations: <none>

SYNTH-5#95 Warning
Mapped onto distributed RAM because of timing constraints  
The instance u_dmem/mem_reg_1280_1535_8_8 is implemented as distributed LUT RAM for the following reason: The timing constraints suggest that the chosen mapping will yield a better timing.
Related violations: <none>

SYNTH-5#96 Warning
Mapped onto distributed RAM because of timing constraints  
The instance u_dmem/mem_reg_1280_1535_9_9 is implemented as distributed LUT RAM for the following reason: The timing constraints suggest that the chosen mapping will yield a better timing.
Related violations: <none>

SYNTH-5#97 Warning
Mapped onto distributed RAM because of timing constraints  
The instance u_dmem/mem_reg_1536_1791_0_0 is implemented as distributed LUT RAM for the following reason: The timing constraints suggest that the chosen mapping will yield a better timing.
Related violations: <none>

SYNTH-5#98 Warning
Mapped onto distributed RAM because of timing constraints  
The instance u_dmem/mem_reg_1536_1791_10_10 is implemented as distributed LUT RAM for the following reason: The timing constraints suggest that the chosen mapping will yield a better timing.
Related violations: <none>

SYNTH-5#99 Warning
Mapped onto distributed RAM because of timing constraints  
The instance u_dmem/mem_reg_1536_1791_11_11 is implemented as distributed LUT RAM for the following reason: The timing constraints suggest that the chosen mapping will yield a better timing.
Related violations: <none>

SYNTH-5#100 Warning
Mapped onto distributed RAM because of timing constraints  
The instance u_dmem/mem_reg_1536_1791_12_12 is implemented as distributed LUT RAM for the following reason: The timing constraints suggest that the chosen mapping will yield a better timing.
Related violations: <none>

SYNTH-5#101 Warning
Mapped onto distributed RAM because of timing constraints  
The instance u_dmem/mem_reg_1536_1791_13_13 is implemented as distributed LUT RAM for the following reason: The timing constraints suggest that the chosen mapping will yield a better timing.
Related violations: <none>

SYNTH-5#102 Warning
Mapped onto distributed RAM because of timing constraints  
The instance u_dmem/mem_reg_1536_1791_14_14 is implemented as distributed LUT RAM for the following reason: The timing constraints suggest that the chosen mapping will yield a better timing.
Related violations: <none>

SYNTH-5#103 Warning
Mapped onto distributed RAM because of timing constraints  
The instance u_dmem/mem_reg_1536_1791_15_15 is implemented as distributed LUT RAM for the following reason: The timing constraints suggest that the chosen mapping will yield a better timing.
Related violations: <none>

SYNTH-5#104 Warning
Mapped onto distributed RAM because of timing constraints  
The instance u_dmem/mem_reg_1536_1791_16_16 is implemented as distributed LUT RAM for the following reason: The timing constraints suggest that the chosen mapping will yield a better timing.
Related violations: <none>

SYNTH-5#105 Warning
Mapped onto distributed RAM because of timing constraints  
The instance u_dmem/mem_reg_1536_1791_17_17 is implemented as distributed LUT RAM for the following reason: The timing constraints suggest that the chosen mapping will yield a better timing.
Related violations: <none>

SYNTH-5#106 Warning
Mapped onto distributed RAM because of timing constraints  
The instance u_dmem/mem_reg_1536_1791_18_18 is implemented as distributed LUT RAM for the following reason: The timing constraints suggest that the chosen mapping will yield a better timing.
Related violations: <none>

SYNTH-5#107 Warning
Mapped onto distributed RAM because of timing constraints  
The instance u_dmem/mem_reg_1536_1791_19_19 is implemented as distributed LUT RAM for the following reason: The timing constraints suggest that the chosen mapping will yield a better timing.
Related violations: <none>

SYNTH-5#108 Warning
Mapped onto distributed RAM because of timing constraints  
The instance u_dmem/mem_reg_1536_1791_1_1 is implemented as distributed LUT RAM for the following reason: The timing constraints suggest that the chosen mapping will yield a better timing.
Related violations: <none>

SYNTH-5#109 Warning
Mapped onto distributed RAM because of timing constraints  
The instance u_dmem/mem_reg_1536_1791_20_20 is implemented as distributed LUT RAM for the following reason: The timing constraints suggest that the chosen mapping will yield a better timing.
Related violations: <none>

SYNTH-5#110 Warning
Mapped onto distributed RAM because of timing constraints  
The instance u_dmem/mem_reg_1536_1791_21_21 is implemented as distributed LUT RAM for the following reason: The timing constraints suggest that the chosen mapping will yield a better timing.
Related violations: <none>

SYNTH-5#111 Warning
Mapped onto distributed RAM because of timing constraints  
The instance u_dmem/mem_reg_1536_1791_22_22 is implemented as distributed LUT RAM for the following reason: The timing constraints suggest that the chosen mapping will yield a better timing.
Related violations: <none>

SYNTH-5#112 Warning
Mapped onto distributed RAM because of timing constraints  
The instance u_dmem/mem_reg_1536_1791_23_23 is implemented as distributed LUT RAM for the following reason: The timing constraints suggest that the chosen mapping will yield a better timing.
Related violations: <none>

SYNTH-5#113 Warning
Mapped onto distributed RAM because of timing constraints  
The instance u_dmem/mem_reg_1536_1791_24_24 is implemented as distributed LUT RAM for the following reason: The timing constraints suggest that the chosen mapping will yield a better timing.
Related violations: <none>

SYNTH-5#114 Warning
Mapped onto distributed RAM because of timing constraints  
The instance u_dmem/mem_reg_1536_1791_25_25 is implemented as distributed LUT RAM for the following reason: The timing constraints suggest that the chosen mapping will yield a better timing.
Related violations: <none>

SYNTH-5#115 Warning
Mapped onto distributed RAM because of timing constraints  
The instance u_dmem/mem_reg_1536_1791_26_26 is implemented as distributed LUT RAM for the following reason: The timing constraints suggest that the chosen mapping will yield a better timing.
Related violations: <none>

SYNTH-5#116 Warning
Mapped onto distributed RAM because of timing constraints  
The instance u_dmem/mem_reg_1536_1791_27_27 is implemented as distributed LUT RAM for the following reason: The timing constraints suggest that the chosen mapping will yield a better timing.
Related violations: <none>

SYNTH-5#117 Warning
Mapped onto distributed RAM because of timing constraints  
The instance u_dmem/mem_reg_1536_1791_28_28 is implemented as distributed LUT RAM for the following reason: The timing constraints suggest that the chosen mapping will yield a better timing.
Related violations: <none>

SYNTH-5#118 Warning
Mapped onto distributed RAM because of timing constraints  
The instance u_dmem/mem_reg_1536_1791_29_29 is implemented as distributed LUT RAM for the following reason: The timing constraints suggest that the chosen mapping will yield a better timing.
Related violations: <none>

SYNTH-5#119 Warning
Mapped onto distributed RAM because of timing constraints  
The instance u_dmem/mem_reg_1536_1791_2_2 is implemented as distributed LUT RAM for the following reason: The timing constraints suggest that the chosen mapping will yield a better timing.
Related violations: <none>

SYNTH-5#120 Warning
Mapped onto distributed RAM because of timing constraints  
The instance u_dmem/mem_reg_1536_1791_30_30 is implemented as distributed LUT RAM for the following reason: The timing constraints suggest that the chosen mapping will yield a better timing.
Related violations: <none>

SYNTH-5#121 Warning
Mapped onto distributed RAM because of timing constraints  
The instance u_dmem/mem_reg_1536_1791_31_31 is implemented as distributed LUT RAM for the following reason: The timing constraints suggest that the chosen mapping will yield a better timing.
Related violations: <none>

SYNTH-5#122 Warning
Mapped onto distributed RAM because of timing constraints  
The instance u_dmem/mem_reg_1536_1791_3_3 is implemented as distributed LUT RAM for the following reason: The timing constraints suggest that the chosen mapping will yield a better timing.
Related violations: <none>

SYNTH-5#123 Warning
Mapped onto distributed RAM because of timing constraints  
The instance u_dmem/mem_reg_1536_1791_4_4 is implemented as distributed LUT RAM for the following reason: The timing constraints suggest that the chosen mapping will yield a better timing.
Related violations: <none>

SYNTH-5#124 Warning
Mapped onto distributed RAM because of timing constraints  
The instance u_dmem/mem_reg_1536_1791_5_5 is implemented as distributed LUT RAM for the following reason: The timing constraints suggest that the chosen mapping will yield a better timing.
Related violations: <none>

SYNTH-5#125 Warning
Mapped onto distributed RAM because of timing constraints  
The instance u_dmem/mem_reg_1536_1791_6_6 is implemented as distributed LUT RAM for the following reason: The timing constraints suggest that the chosen mapping will yield a better timing.
Related violations: <none>

SYNTH-5#126 Warning
Mapped onto distributed RAM because of timing constraints  
The instance u_dmem/mem_reg_1536_1791_7_7 is implemented as distributed LUT RAM for the following reason: The timing constraints suggest that the chosen mapping will yield a better timing.
Related violations: <none>

SYNTH-5#127 Warning
Mapped onto distributed RAM because of timing constraints  
The instance u_dmem/mem_reg_1536_1791_8_8 is implemented as distributed LUT RAM for the following reason: The timing constraints suggest that the chosen mapping will yield a better timing.
Related violations: <none>

SYNTH-5#128 Warning
Mapped onto distributed RAM because of timing constraints  
The instance u_dmem/mem_reg_1536_1791_9_9 is implemented as distributed LUT RAM for the following reason: The timing constraints suggest that the chosen mapping will yield a better timing.
Related violations: <none>

SYNTH-5#129 Warning
Mapped onto distributed RAM because of timing constraints  
The instance u_dmem/mem_reg_1792_2047_0_0 is implemented as distributed LUT RAM for the following reason: The timing constraints suggest that the chosen mapping will yield a better timing.
Related violations: <none>

SYNTH-5#130 Warning
Mapped onto distributed RAM because of timing constraints  
The instance u_dmem/mem_reg_1792_2047_10_10 is implemented as distributed LUT RAM for the following reason: The timing constraints suggest that the chosen mapping will yield a better timing.
Related violations: <none>

SYNTH-5#131 Warning
Mapped onto distributed RAM because of timing constraints  
The instance u_dmem/mem_reg_1792_2047_11_11 is implemented as distributed LUT RAM for the following reason: The timing constraints suggest that the chosen mapping will yield a better timing.
Related violations: <none>

SYNTH-5#132 Warning
Mapped onto distributed RAM because of timing constraints  
The instance u_dmem/mem_reg_1792_2047_12_12 is implemented as distributed LUT RAM for the following reason: The timing constraints suggest that the chosen mapping will yield a better timing.
Related violations: <none>

SYNTH-5#133 Warning
Mapped onto distributed RAM because of timing constraints  
The instance u_dmem/mem_reg_1792_2047_13_13 is implemented as distributed LUT RAM for the following reason: The timing constraints suggest that the chosen mapping will yield a better timing.
Related violations: <none>

SYNTH-5#134 Warning
Mapped onto distributed RAM because of timing constraints  
The instance u_dmem/mem_reg_1792_2047_14_14 is implemented as distributed LUT RAM for the following reason: The timing constraints suggest that the chosen mapping will yield a better timing.
Related violations: <none>

SYNTH-5#135 Warning
Mapped onto distributed RAM because of timing constraints  
The instance u_dmem/mem_reg_1792_2047_15_15 is implemented as distributed LUT RAM for the following reason: The timing constraints suggest that the chosen mapping will yield a better timing.
Related violations: <none>

SYNTH-5#136 Warning
Mapped onto distributed RAM because of timing constraints  
The instance u_dmem/mem_reg_1792_2047_16_16 is implemented as distributed LUT RAM for the following reason: The timing constraints suggest that the chosen mapping will yield a better timing.
Related violations: <none>

SYNTH-5#137 Warning
Mapped onto distributed RAM because of timing constraints  
The instance u_dmem/mem_reg_1792_2047_17_17 is implemented as distributed LUT RAM for the following reason: The timing constraints suggest that the chosen mapping will yield a better timing.
Related violations: <none>

SYNTH-5#138 Warning
Mapped onto distributed RAM because of timing constraints  
The instance u_dmem/mem_reg_1792_2047_18_18 is implemented as distributed LUT RAM for the following reason: The timing constraints suggest that the chosen mapping will yield a better timing.
Related violations: <none>

SYNTH-5#139 Warning
Mapped onto distributed RAM because of timing constraints  
The instance u_dmem/mem_reg_1792_2047_19_19 is implemented as distributed LUT RAM for the following reason: The timing constraints suggest that the chosen mapping will yield a better timing.
Related violations: <none>

SYNTH-5#140 Warning
Mapped onto distributed RAM because of timing constraints  
The instance u_dmem/mem_reg_1792_2047_1_1 is implemented as distributed LUT RAM for the following reason: The timing constraints suggest that the chosen mapping will yield a better timing.
Related violations: <none>

SYNTH-5#141 Warning
Mapped onto distributed RAM because of timing constraints  
The instance u_dmem/mem_reg_1792_2047_20_20 is implemented as distributed LUT RAM for the following reason: The timing constraints suggest that the chosen mapping will yield a better timing.
Related violations: <none>

SYNTH-5#142 Warning
Mapped onto distributed RAM because of timing constraints  
The instance u_dmem/mem_reg_1792_2047_21_21 is implemented as distributed LUT RAM for the following reason: The timing constraints suggest that the chosen mapping will yield a better timing.
Related violations: <none>

SYNTH-5#143 Warning
Mapped onto distributed RAM because of timing constraints  
The instance u_dmem/mem_reg_1792_2047_22_22 is implemented as distributed LUT RAM for the following reason: The timing constraints suggest that the chosen mapping will yield a better timing.
Related violations: <none>

SYNTH-5#144 Warning
Mapped onto distributed RAM because of timing constraints  
The instance u_dmem/mem_reg_1792_2047_23_23 is implemented as distributed LUT RAM for the following reason: The timing constraints suggest that the chosen mapping will yield a better timing.
Related violations: <none>

SYNTH-5#145 Warning
Mapped onto distributed RAM because of timing constraints  
The instance u_dmem/mem_reg_1792_2047_24_24 is implemented as distributed LUT RAM for the following reason: The timing constraints suggest that the chosen mapping will yield a better timing.
Related violations: <none>

SYNTH-5#146 Warning
Mapped onto distributed RAM because of timing constraints  
The instance u_dmem/mem_reg_1792_2047_25_25 is implemented as distributed LUT RAM for the following reason: The timing constraints suggest that the chosen mapping will yield a better timing.
Related violations: <none>

SYNTH-5#147 Warning
Mapped onto distributed RAM because of timing constraints  
The instance u_dmem/mem_reg_1792_2047_26_26 is implemented as distributed LUT RAM for the following reason: The timing constraints suggest that the chosen mapping will yield a better timing.
Related violations: <none>

SYNTH-5#148 Warning
Mapped onto distributed RAM because of timing constraints  
The instance u_dmem/mem_reg_1792_2047_27_27 is implemented as distributed LUT RAM for the following reason: The timing constraints suggest that the chosen mapping will yield a better timing.
Related violations: <none>

SYNTH-5#149 Warning
Mapped onto distributed RAM because of timing constraints  
The instance u_dmem/mem_reg_1792_2047_28_28 is implemented as distributed LUT RAM for the following reason: The timing constraints suggest that the chosen mapping will yield a better timing.
Related violations: <none>

SYNTH-5#150 Warning
Mapped onto distributed RAM because of timing constraints  
The instance u_dmem/mem_reg_1792_2047_29_29 is implemented as distributed LUT RAM for the following reason: The timing constraints suggest that the chosen mapping will yield a better timing.
Related violations: <none>

SYNTH-5#151 Warning
Mapped onto distributed RAM because of timing constraints  
The instance u_dmem/mem_reg_1792_2047_2_2 is implemented as distributed LUT RAM for the following reason: The timing constraints suggest that the chosen mapping will yield a better timing.
Related violations: <none>

SYNTH-5#152 Warning
Mapped onto distributed RAM because of timing constraints  
The instance u_dmem/mem_reg_1792_2047_30_30 is implemented as distributed LUT RAM for the following reason: The timing constraints suggest that the chosen mapping will yield a better timing.
Related violations: <none>

SYNTH-5#153 Warning
Mapped onto distributed RAM because of timing constraints  
The instance u_dmem/mem_reg_1792_2047_31_31 is implemented as distributed LUT RAM for the following reason: The timing constraints suggest that the chosen mapping will yield a better timing.
Related violations: <none>

SYNTH-5#154 Warning
Mapped onto distributed RAM because of timing constraints  
The instance u_dmem/mem_reg_1792_2047_3_3 is implemented as distributed LUT RAM for the following reason: The timing constraints suggest that the chosen mapping will yield a better timing.
Related violations: <none>

SYNTH-5#155 Warning
Mapped onto distributed RAM because of timing constraints  
The instance u_dmem/mem_reg_1792_2047_4_4 is implemented as distributed LUT RAM for the following reason: The timing constraints suggest that the chosen mapping will yield a better timing.
Related violations: <none>

SYNTH-5#156 Warning
Mapped onto distributed RAM because of timing constraints  
The instance u_dmem/mem_reg_1792_2047_5_5 is implemented as distributed LUT RAM for the following reason: The timing constraints suggest that the chosen mapping will yield a better timing.
Related violations: <none>

SYNTH-5#157 Warning
Mapped onto distributed RAM because of timing constraints  
The instance u_dmem/mem_reg_1792_2047_6_6 is implemented as distributed LUT RAM for the following reason: The timing constraints suggest that the chosen mapping will yield a better timing.
Related violations: <none>

SYNTH-5#158 Warning
Mapped onto distributed RAM because of timing constraints  
The instance u_dmem/mem_reg_1792_2047_7_7 is implemented as distributed LUT RAM for the following reason: The timing constraints suggest that the chosen mapping will yield a better timing.
Related violations: <none>

SYNTH-5#159 Warning
Mapped onto distributed RAM because of timing constraints  
The instance u_dmem/mem_reg_1792_2047_8_8 is implemented as distributed LUT RAM for the following reason: The timing constraints suggest that the chosen mapping will yield a better timing.
Related violations: <none>

SYNTH-5#160 Warning
Mapped onto distributed RAM because of timing constraints  
The instance u_dmem/mem_reg_1792_2047_9_9 is implemented as distributed LUT RAM for the following reason: The timing constraints suggest that the chosen mapping will yield a better timing.
Related violations: <none>

SYNTH-5#161 Warning
Mapped onto distributed RAM because of timing constraints  
The instance u_dmem/mem_reg_256_511_0_0 is implemented as distributed LUT RAM for the following reason: The timing constraints suggest that the chosen mapping will yield a better timing.
Related violations: <none>

SYNTH-5#162 Warning
Mapped onto distributed RAM because of timing constraints  
The instance u_dmem/mem_reg_256_511_10_10 is implemented as distributed LUT RAM for the following reason: The timing constraints suggest that the chosen mapping will yield a better timing.
Related violations: <none>

SYNTH-5#163 Warning
Mapped onto distributed RAM because of timing constraints  
The instance u_dmem/mem_reg_256_511_11_11 is implemented as distributed LUT RAM for the following reason: The timing constraints suggest that the chosen mapping will yield a better timing.
Related violations: <none>

SYNTH-5#164 Warning
Mapped onto distributed RAM because of timing constraints  
The instance u_dmem/mem_reg_256_511_12_12 is implemented as distributed LUT RAM for the following reason: The timing constraints suggest that the chosen mapping will yield a better timing.
Related violations: <none>

SYNTH-5#165 Warning
Mapped onto distributed RAM because of timing constraints  
The instance u_dmem/mem_reg_256_511_13_13 is implemented as distributed LUT RAM for the following reason: The timing constraints suggest that the chosen mapping will yield a better timing.
Related violations: <none>

SYNTH-5#166 Warning
Mapped onto distributed RAM because of timing constraints  
The instance u_dmem/mem_reg_256_511_14_14 is implemented as distributed LUT RAM for the following reason: The timing constraints suggest that the chosen mapping will yield a better timing.
Related violations: <none>

SYNTH-5#167 Warning
Mapped onto distributed RAM because of timing constraints  
The instance u_dmem/mem_reg_256_511_15_15 is implemented as distributed LUT RAM for the following reason: The timing constraints suggest that the chosen mapping will yield a better timing.
Related violations: <none>

SYNTH-5#168 Warning
Mapped onto distributed RAM because of timing constraints  
The instance u_dmem/mem_reg_256_511_16_16 is implemented as distributed LUT RAM for the following reason: The timing constraints suggest that the chosen mapping will yield a better timing.
Related violations: <none>

SYNTH-5#169 Warning
Mapped onto distributed RAM because of timing constraints  
The instance u_dmem/mem_reg_256_511_17_17 is implemented as distributed LUT RAM for the following reason: The timing constraints suggest that the chosen mapping will yield a better timing.
Related violations: <none>

SYNTH-5#170 Warning
Mapped onto distributed RAM because of timing constraints  
The instance u_dmem/mem_reg_256_511_18_18 is implemented as distributed LUT RAM for the following reason: The timing constraints suggest that the chosen mapping will yield a better timing.
Related violations: <none>

SYNTH-5#171 Warning
Mapped onto distributed RAM because of timing constraints  
The instance u_dmem/mem_reg_256_511_19_19 is implemented as distributed LUT RAM for the following reason: The timing constraints suggest that the chosen mapping will yield a better timing.
Related violations: <none>

SYNTH-5#172 Warning
Mapped onto distributed RAM because of timing constraints  
The instance u_dmem/mem_reg_256_511_1_1 is implemented as distributed LUT RAM for the following reason: The timing constraints suggest that the chosen mapping will yield a better timing.
Related violations: <none>

SYNTH-5#173 Warning
Mapped onto distributed RAM because of timing constraints  
The instance u_dmem/mem_reg_256_511_20_20 is implemented as distributed LUT RAM for the following reason: The timing constraints suggest that the chosen mapping will yield a better timing.
Related violations: <none>

SYNTH-5#174 Warning
Mapped onto distributed RAM because of timing constraints  
The instance u_dmem/mem_reg_256_511_21_21 is implemented as distributed LUT RAM for the following reason: The timing constraints suggest that the chosen mapping will yield a better timing.
Related violations: <none>

SYNTH-5#175 Warning
Mapped onto distributed RAM because of timing constraints  
The instance u_dmem/mem_reg_256_511_22_22 is implemented as distributed LUT RAM for the following reason: The timing constraints suggest that the chosen mapping will yield a better timing.
Related violations: <none>

SYNTH-5#176 Warning
Mapped onto distributed RAM because of timing constraints  
The instance u_dmem/mem_reg_256_511_23_23 is implemented as distributed LUT RAM for the following reason: The timing constraints suggest that the chosen mapping will yield a better timing.
Related violations: <none>

SYNTH-5#177 Warning
Mapped onto distributed RAM because of timing constraints  
The instance u_dmem/mem_reg_256_511_24_24 is implemented as distributed LUT RAM for the following reason: The timing constraints suggest that the chosen mapping will yield a better timing.
Related violations: <none>

SYNTH-5#178 Warning
Mapped onto distributed RAM because of timing constraints  
The instance u_dmem/mem_reg_256_511_25_25 is implemented as distributed LUT RAM for the following reason: The timing constraints suggest that the chosen mapping will yield a better timing.
Related violations: <none>

SYNTH-5#179 Warning
Mapped onto distributed RAM because of timing constraints  
The instance u_dmem/mem_reg_256_511_26_26 is implemented as distributed LUT RAM for the following reason: The timing constraints suggest that the chosen mapping will yield a better timing.
Related violations: <none>

SYNTH-5#180 Warning
Mapped onto distributed RAM because of timing constraints  
The instance u_dmem/mem_reg_256_511_27_27 is implemented as distributed LUT RAM for the following reason: The timing constraints suggest that the chosen mapping will yield a better timing.
Related violations: <none>

SYNTH-5#181 Warning
Mapped onto distributed RAM because of timing constraints  
The instance u_dmem/mem_reg_256_511_28_28 is implemented as distributed LUT RAM for the following reason: The timing constraints suggest that the chosen mapping will yield a better timing.
Related violations: <none>

SYNTH-5#182 Warning
Mapped onto distributed RAM because of timing constraints  
The instance u_dmem/mem_reg_256_511_29_29 is implemented as distributed LUT RAM for the following reason: The timing constraints suggest that the chosen mapping will yield a better timing.
Related violations: <none>

SYNTH-5#183 Warning
Mapped onto distributed RAM because of timing constraints  
The instance u_dmem/mem_reg_256_511_2_2 is implemented as distributed LUT RAM for the following reason: The timing constraints suggest that the chosen mapping will yield a better timing.
Related violations: <none>

SYNTH-5#184 Warning
Mapped onto distributed RAM because of timing constraints  
The instance u_dmem/mem_reg_256_511_30_30 is implemented as distributed LUT RAM for the following reason: The timing constraints suggest that the chosen mapping will yield a better timing.
Related violations: <none>

SYNTH-5#185 Warning
Mapped onto distributed RAM because of timing constraints  
The instance u_dmem/mem_reg_256_511_31_31 is implemented as distributed LUT RAM for the following reason: The timing constraints suggest that the chosen mapping will yield a better timing.
Related violations: <none>

SYNTH-5#186 Warning
Mapped onto distributed RAM because of timing constraints  
The instance u_dmem/mem_reg_256_511_3_3 is implemented as distributed LUT RAM for the following reason: The timing constraints suggest that the chosen mapping will yield a better timing.
Related violations: <none>

SYNTH-5#187 Warning
Mapped onto distributed RAM because of timing constraints  
The instance u_dmem/mem_reg_256_511_4_4 is implemented as distributed LUT RAM for the following reason: The timing constraints suggest that the chosen mapping will yield a better timing.
Related violations: <none>

SYNTH-5#188 Warning
Mapped onto distributed RAM because of timing constraints  
The instance u_dmem/mem_reg_256_511_5_5 is implemented as distributed LUT RAM for the following reason: The timing constraints suggest that the chosen mapping will yield a better timing.
Related violations: <none>

SYNTH-5#189 Warning
Mapped onto distributed RAM because of timing constraints  
The instance u_dmem/mem_reg_256_511_6_6 is implemented as distributed LUT RAM for the following reason: The timing constraints suggest that the chosen mapping will yield a better timing.
Related violations: <none>

SYNTH-5#190 Warning
Mapped onto distributed RAM because of timing constraints  
The instance u_dmem/mem_reg_256_511_7_7 is implemented as distributed LUT RAM for the following reason: The timing constraints suggest that the chosen mapping will yield a better timing.
Related violations: <none>

SYNTH-5#191 Warning
Mapped onto distributed RAM because of timing constraints  
The instance u_dmem/mem_reg_256_511_8_8 is implemented as distributed LUT RAM for the following reason: The timing constraints suggest that the chosen mapping will yield a better timing.
Related violations: <none>

SYNTH-5#192 Warning
Mapped onto distributed RAM because of timing constraints  
The instance u_dmem/mem_reg_256_511_9_9 is implemented as distributed LUT RAM for the following reason: The timing constraints suggest that the chosen mapping will yield a better timing.
Related violations: <none>

SYNTH-5#193 Warning
Mapped onto distributed RAM because of timing constraints  
The instance u_dmem/mem_reg_512_767_0_0 is implemented as distributed LUT RAM for the following reason: The timing constraints suggest that the chosen mapping will yield a better timing.
Related violations: <none>

SYNTH-5#194 Warning
Mapped onto distributed RAM because of timing constraints  
The instance u_dmem/mem_reg_512_767_10_10 is implemented as distributed LUT RAM for the following reason: The timing constraints suggest that the chosen mapping will yield a better timing.
Related violations: <none>

SYNTH-5#195 Warning
Mapped onto distributed RAM because of timing constraints  
The instance u_dmem/mem_reg_512_767_11_11 is implemented as distributed LUT RAM for the following reason: The timing constraints suggest that the chosen mapping will yield a better timing.
Related violations: <none>

SYNTH-5#196 Warning
Mapped onto distributed RAM because of timing constraints  
The instance u_dmem/mem_reg_512_767_12_12 is implemented as distributed LUT RAM for the following reason: The timing constraints suggest that the chosen mapping will yield a better timing.
Related violations: <none>

SYNTH-5#197 Warning
Mapped onto distributed RAM because of timing constraints  
The instance u_dmem/mem_reg_512_767_13_13 is implemented as distributed LUT RAM for the following reason: The timing constraints suggest that the chosen mapping will yield a better timing.
Related violations: <none>

SYNTH-5#198 Warning
Mapped onto distributed RAM because of timing constraints  
The instance u_dmem/mem_reg_512_767_14_14 is implemented as distributed LUT RAM for the following reason: The timing constraints suggest that the chosen mapping will yield a better timing.
Related violations: <none>

SYNTH-5#199 Warning
Mapped onto distributed RAM because of timing constraints  
The instance u_dmem/mem_reg_512_767_15_15 is implemented as distributed LUT RAM for the following reason: The timing constraints suggest that the chosen mapping will yield a better timing.
Related violations: <none>

SYNTH-5#200 Warning
Mapped onto distributed RAM because of timing constraints  
The instance u_dmem/mem_reg_512_767_16_16 is implemented as distributed LUT RAM for the following reason: The timing constraints suggest that the chosen mapping will yield a better timing.
Related violations: <none>

SYNTH-5#201 Warning
Mapped onto distributed RAM because of timing constraints  
The instance u_dmem/mem_reg_512_767_17_17 is implemented as distributed LUT RAM for the following reason: The timing constraints suggest that the chosen mapping will yield a better timing.
Related violations: <none>

SYNTH-5#202 Warning
Mapped onto distributed RAM because of timing constraints  
The instance u_dmem/mem_reg_512_767_18_18 is implemented as distributed LUT RAM for the following reason: The timing constraints suggest that the chosen mapping will yield a better timing.
Related violations: <none>

SYNTH-5#203 Warning
Mapped onto distributed RAM because of timing constraints  
The instance u_dmem/mem_reg_512_767_19_19 is implemented as distributed LUT RAM for the following reason: The timing constraints suggest that the chosen mapping will yield a better timing.
Related violations: <none>

SYNTH-5#204 Warning
Mapped onto distributed RAM because of timing constraints  
The instance u_dmem/mem_reg_512_767_1_1 is implemented as distributed LUT RAM for the following reason: The timing constraints suggest that the chosen mapping will yield a better timing.
Related violations: <none>

SYNTH-5#205 Warning
Mapped onto distributed RAM because of timing constraints  
The instance u_dmem/mem_reg_512_767_20_20 is implemented as distributed LUT RAM for the following reason: The timing constraints suggest that the chosen mapping will yield a better timing.
Related violations: <none>

SYNTH-5#206 Warning
Mapped onto distributed RAM because of timing constraints  
The instance u_dmem/mem_reg_512_767_21_21 is implemented as distributed LUT RAM for the following reason: The timing constraints suggest that the chosen mapping will yield a better timing.
Related violations: <none>

SYNTH-5#207 Warning
Mapped onto distributed RAM because of timing constraints  
The instance u_dmem/mem_reg_512_767_22_22 is implemented as distributed LUT RAM for the following reason: The timing constraints suggest that the chosen mapping will yield a better timing.
Related violations: <none>

SYNTH-5#208 Warning
Mapped onto distributed RAM because of timing constraints  
The instance u_dmem/mem_reg_512_767_23_23 is implemented as distributed LUT RAM for the following reason: The timing constraints suggest that the chosen mapping will yield a better timing.
Related violations: <none>

SYNTH-5#209 Warning
Mapped onto distributed RAM because of timing constraints  
The instance u_dmem/mem_reg_512_767_24_24 is implemented as distributed LUT RAM for the following reason: The timing constraints suggest that the chosen mapping will yield a better timing.
Related violations: <none>

SYNTH-5#210 Warning
Mapped onto distributed RAM because of timing constraints  
The instance u_dmem/mem_reg_512_767_25_25 is implemented as distributed LUT RAM for the following reason: The timing constraints suggest that the chosen mapping will yield a better timing.
Related violations: <none>

SYNTH-5#211 Warning
Mapped onto distributed RAM because of timing constraints  
The instance u_dmem/mem_reg_512_767_26_26 is implemented as distributed LUT RAM for the following reason: The timing constraints suggest that the chosen mapping will yield a better timing.
Related violations: <none>

SYNTH-5#212 Warning
Mapped onto distributed RAM because of timing constraints  
The instance u_dmem/mem_reg_512_767_27_27 is implemented as distributed LUT RAM for the following reason: The timing constraints suggest that the chosen mapping will yield a better timing.
Related violations: <none>

SYNTH-5#213 Warning
Mapped onto distributed RAM because of timing constraints  
The instance u_dmem/mem_reg_512_767_28_28 is implemented as distributed LUT RAM for the following reason: The timing constraints suggest that the chosen mapping will yield a better timing.
Related violations: <none>

SYNTH-5#214 Warning
Mapped onto distributed RAM because of timing constraints  
The instance u_dmem/mem_reg_512_767_29_29 is implemented as distributed LUT RAM for the following reason: The timing constraints suggest that the chosen mapping will yield a better timing.
Related violations: <none>

SYNTH-5#215 Warning
Mapped onto distributed RAM because of timing constraints  
The instance u_dmem/mem_reg_512_767_2_2 is implemented as distributed LUT RAM for the following reason: The timing constraints suggest that the chosen mapping will yield a better timing.
Related violations: <none>

SYNTH-5#216 Warning
Mapped onto distributed RAM because of timing constraints  
The instance u_dmem/mem_reg_512_767_30_30 is implemented as distributed LUT RAM for the following reason: The timing constraints suggest that the chosen mapping will yield a better timing.
Related violations: <none>

SYNTH-5#217 Warning
Mapped onto distributed RAM because of timing constraints  
The instance u_dmem/mem_reg_512_767_31_31 is implemented as distributed LUT RAM for the following reason: The timing constraints suggest that the chosen mapping will yield a better timing.
Related violations: <none>

SYNTH-5#218 Warning
Mapped onto distributed RAM because of timing constraints  
The instance u_dmem/mem_reg_512_767_3_3 is implemented as distributed LUT RAM for the following reason: The timing constraints suggest that the chosen mapping will yield a better timing.
Related violations: <none>

SYNTH-5#219 Warning
Mapped onto distributed RAM because of timing constraints  
The instance u_dmem/mem_reg_512_767_4_4 is implemented as distributed LUT RAM for the following reason: The timing constraints suggest that the chosen mapping will yield a better timing.
Related violations: <none>

SYNTH-5#220 Warning
Mapped onto distributed RAM because of timing constraints  
The instance u_dmem/mem_reg_512_767_5_5 is implemented as distributed LUT RAM for the following reason: The timing constraints suggest that the chosen mapping will yield a better timing.
Related violations: <none>

SYNTH-5#221 Warning
Mapped onto distributed RAM because of timing constraints  
The instance u_dmem/mem_reg_512_767_6_6 is implemented as distributed LUT RAM for the following reason: The timing constraints suggest that the chosen mapping will yield a better timing.
Related violations: <none>

SYNTH-5#222 Warning
Mapped onto distributed RAM because of timing constraints  
The instance u_dmem/mem_reg_512_767_7_7 is implemented as distributed LUT RAM for the following reason: The timing constraints suggest that the chosen mapping will yield a better timing.
Related violations: <none>

SYNTH-5#223 Warning
Mapped onto distributed RAM because of timing constraints  
The instance u_dmem/mem_reg_512_767_8_8 is implemented as distributed LUT RAM for the following reason: The timing constraints suggest that the chosen mapping will yield a better timing.
Related violations: <none>

SYNTH-5#224 Warning
Mapped onto distributed RAM because of timing constraints  
The instance u_dmem/mem_reg_512_767_9_9 is implemented as distributed LUT RAM for the following reason: The timing constraints suggest that the chosen mapping will yield a better timing.
Related violations: <none>

SYNTH-5#225 Warning
Mapped onto distributed RAM because of timing constraints  
The instance u_dmem/mem_reg_768_1023_0_0 is implemented as distributed LUT RAM for the following reason: The timing constraints suggest that the chosen mapping will yield a better timing.
Related violations: <none>

SYNTH-5#226 Warning
Mapped onto distributed RAM because of timing constraints  
The instance u_dmem/mem_reg_768_1023_10_10 is implemented as distributed LUT RAM for the following reason: The timing constraints suggest that the chosen mapping will yield a better timing.
Related violations: <none>

SYNTH-5#227 Warning
Mapped onto distributed RAM because of timing constraints  
The instance u_dmem/mem_reg_768_1023_11_11 is implemented as distributed LUT RAM for the following reason: The timing constraints suggest that the chosen mapping will yield a better timing.
Related violations: <none>

SYNTH-5#228 Warning
Mapped onto distributed RAM because of timing constraints  
The instance u_dmem/mem_reg_768_1023_12_12 is implemented as distributed LUT RAM for the following reason: The timing constraints suggest that the chosen mapping will yield a better timing.
Related violations: <none>

SYNTH-5#229 Warning
Mapped onto distributed RAM because of timing constraints  
The instance u_dmem/mem_reg_768_1023_13_13 is implemented as distributed LUT RAM for the following reason: The timing constraints suggest that the chosen mapping will yield a better timing.
Related violations: <none>

SYNTH-5#230 Warning
Mapped onto distributed RAM because of timing constraints  
The instance u_dmem/mem_reg_768_1023_14_14 is implemented as distributed LUT RAM for the following reason: The timing constraints suggest that the chosen mapping will yield a better timing.
Related violations: <none>

SYNTH-5#231 Warning
Mapped onto distributed RAM because of timing constraints  
The instance u_dmem/mem_reg_768_1023_15_15 is implemented as distributed LUT RAM for the following reason: The timing constraints suggest that the chosen mapping will yield a better timing.
Related violations: <none>

SYNTH-5#232 Warning
Mapped onto distributed RAM because of timing constraints  
The instance u_dmem/mem_reg_768_1023_16_16 is implemented as distributed LUT RAM for the following reason: The timing constraints suggest that the chosen mapping will yield a better timing.
Related violations: <none>

SYNTH-5#233 Warning
Mapped onto distributed RAM because of timing constraints  
The instance u_dmem/mem_reg_768_1023_17_17 is implemented as distributed LUT RAM for the following reason: The timing constraints suggest that the chosen mapping will yield a better timing.
Related violations: <none>

SYNTH-5#234 Warning
Mapped onto distributed RAM because of timing constraints  
The instance u_dmem/mem_reg_768_1023_18_18 is implemented as distributed LUT RAM for the following reason: The timing constraints suggest that the chosen mapping will yield a better timing.
Related violations: <none>

SYNTH-5#235 Warning
Mapped onto distributed RAM because of timing constraints  
The instance u_dmem/mem_reg_768_1023_19_19 is implemented as distributed LUT RAM for the following reason: The timing constraints suggest that the chosen mapping will yield a better timing.
Related violations: <none>

SYNTH-5#236 Warning
Mapped onto distributed RAM because of timing constraints  
The instance u_dmem/mem_reg_768_1023_1_1 is implemented as distributed LUT RAM for the following reason: The timing constraints suggest that the chosen mapping will yield a better timing.
Related violations: <none>

SYNTH-5#237 Warning
Mapped onto distributed RAM because of timing constraints  
The instance u_dmem/mem_reg_768_1023_20_20 is implemented as distributed LUT RAM for the following reason: The timing constraints suggest that the chosen mapping will yield a better timing.
Related violations: <none>

SYNTH-5#238 Warning
Mapped onto distributed RAM because of timing constraints  
The instance u_dmem/mem_reg_768_1023_21_21 is implemented as distributed LUT RAM for the following reason: The timing constraints suggest that the chosen mapping will yield a better timing.
Related violations: <none>

SYNTH-5#239 Warning
Mapped onto distributed RAM because of timing constraints  
The instance u_dmem/mem_reg_768_1023_22_22 is implemented as distributed LUT RAM for the following reason: The timing constraints suggest that the chosen mapping will yield a better timing.
Related violations: <none>

SYNTH-5#240 Warning
Mapped onto distributed RAM because of timing constraints  
The instance u_dmem/mem_reg_768_1023_23_23 is implemented as distributed LUT RAM for the following reason: The timing constraints suggest that the chosen mapping will yield a better timing.
Related violations: <none>

SYNTH-5#241 Warning
Mapped onto distributed RAM because of timing constraints  
The instance u_dmem/mem_reg_768_1023_24_24 is implemented as distributed LUT RAM for the following reason: The timing constraints suggest that the chosen mapping will yield a better timing.
Related violations: <none>

SYNTH-5#242 Warning
Mapped onto distributed RAM because of timing constraints  
The instance u_dmem/mem_reg_768_1023_25_25 is implemented as distributed LUT RAM for the following reason: The timing constraints suggest that the chosen mapping will yield a better timing.
Related violations: <none>

SYNTH-5#243 Warning
Mapped onto distributed RAM because of timing constraints  
The instance u_dmem/mem_reg_768_1023_26_26 is implemented as distributed LUT RAM for the following reason: The timing constraints suggest that the chosen mapping will yield a better timing.
Related violations: <none>

SYNTH-5#244 Warning
Mapped onto distributed RAM because of timing constraints  
The instance u_dmem/mem_reg_768_1023_27_27 is implemented as distributed LUT RAM for the following reason: The timing constraints suggest that the chosen mapping will yield a better timing.
Related violations: <none>

SYNTH-5#245 Warning
Mapped onto distributed RAM because of timing constraints  
The instance u_dmem/mem_reg_768_1023_28_28 is implemented as distributed LUT RAM for the following reason: The timing constraints suggest that the chosen mapping will yield a better timing.
Related violations: <none>

SYNTH-5#246 Warning
Mapped onto distributed RAM because of timing constraints  
The instance u_dmem/mem_reg_768_1023_29_29 is implemented as distributed LUT RAM for the following reason: The timing constraints suggest that the chosen mapping will yield a better timing.
Related violations: <none>

SYNTH-5#247 Warning
Mapped onto distributed RAM because of timing constraints  
The instance u_dmem/mem_reg_768_1023_2_2 is implemented as distributed LUT RAM for the following reason: The timing constraints suggest that the chosen mapping will yield a better timing.
Related violations: <none>

SYNTH-5#248 Warning
Mapped onto distributed RAM because of timing constraints  
The instance u_dmem/mem_reg_768_1023_30_30 is implemented as distributed LUT RAM for the following reason: The timing constraints suggest that the chosen mapping will yield a better timing.
Related violations: <none>

SYNTH-5#249 Warning
Mapped onto distributed RAM because of timing constraints  
The instance u_dmem/mem_reg_768_1023_31_31 is implemented as distributed LUT RAM for the following reason: The timing constraints suggest that the chosen mapping will yield a better timing.
Related violations: <none>

SYNTH-5#250 Warning
Mapped onto distributed RAM because of timing constraints  
The instance u_dmem/mem_reg_768_1023_3_3 is implemented as distributed LUT RAM for the following reason: The timing constraints suggest that the chosen mapping will yield a better timing.
Related violations: <none>

SYNTH-5#251 Warning
Mapped onto distributed RAM because of timing constraints  
The instance u_dmem/mem_reg_768_1023_4_4 is implemented as distributed LUT RAM for the following reason: The timing constraints suggest that the chosen mapping will yield a better timing.
Related violations: <none>

SYNTH-5#252 Warning
Mapped onto distributed RAM because of timing constraints  
The instance u_dmem/mem_reg_768_1023_5_5 is implemented as distributed LUT RAM for the following reason: The timing constraints suggest that the chosen mapping will yield a better timing.
Related violations: <none>

SYNTH-5#253 Warning
Mapped onto distributed RAM because of timing constraints  
The instance u_dmem/mem_reg_768_1023_6_6 is implemented as distributed LUT RAM for the following reason: The timing constraints suggest that the chosen mapping will yield a better timing.
Related violations: <none>

SYNTH-5#254 Warning
Mapped onto distributed RAM because of timing constraints  
The instance u_dmem/mem_reg_768_1023_7_7 is implemented as distributed LUT RAM for the following reason: The timing constraints suggest that the chosen mapping will yield a better timing.
Related violations: <none>

SYNTH-5#255 Warning
Mapped onto distributed RAM because of timing constraints  
The instance u_dmem/mem_reg_768_1023_8_8 is implemented as distributed LUT RAM for the following reason: The timing constraints suggest that the chosen mapping will yield a better timing.
Related violations: <none>

SYNTH-5#256 Warning
Mapped onto distributed RAM because of timing constraints  
The instance u_dmem/mem_reg_768_1023_9_9 is implemented as distributed LUT RAM for the following reason: The timing constraints suggest that the chosen mapping will yield a better timing.
Related violations: <none>

SYNTH-10#1 Warning
Wide multiplier  
Detected multiplier at u_mdu/mul_ss_out0 of size 15x18, it is decomposed from a wide multipler into 4 DSP blocks.
Related violations: <none>

SYNTH-10#2 Warning
Wide multiplier  
Detected multiplier at u_mdu/mul_ss_out0__0 of size 15x15, it is decomposed from a wide multipler into 4 DSP blocks.
Related violations: <none>

SYNTH-10#3 Warning
Wide multiplier  
Detected multiplier at u_mdu/mul_ss_out0__1 of size 18x18, it is decomposed from a wide multipler into 4 DSP blocks.
Related violations: <none>

SYNTH-10#4 Warning
Wide multiplier  
Detected multiplier at u_mdu/mul_ss_out0__2 of size 18x15, it is decomposed from a wide multipler into 4 DSP blocks.
Related violations: <none>

SYNTH-10#5 Warning
Wide multiplier  
Detected multiplier at u_mdu/mul_su_out0 of size 15x18, it is decomposed from a wide multipler into 4 DSP blocks.
Related violations: <none>

SYNTH-10#6 Warning
Wide multiplier  
Detected multiplier at u_mdu/mul_su_out0__0 of size 15x16, it is decomposed from a wide multipler into 4 DSP blocks.
Related violations: <none>

SYNTH-10#7 Warning
Wide multiplier  
Detected multiplier at u_mdu/mul_su_out0__1 of size 18x18, it is decomposed from a wide multipler into 4 DSP blocks.
Related violations: <none>

SYNTH-10#8 Warning
Wide multiplier  
Detected multiplier at u_mdu/mul_su_out0__2 of size 18x16, it is decomposed from a wide multipler into 4 DSP blocks.
Related violations: <none>

SYNTH-10#9 Warning
Wide multiplier  
Detected multiplier at u_mdu/mul_uu_out0 of size 16x18, it is decomposed from a wide multipler into 4 DSP blocks.
Related violations: <none>

SYNTH-10#10 Warning
Wide multiplier  
Detected multiplier at u_mdu/mul_uu_out0__0 of size 16x16, it is decomposed from a wide multipler into 4 DSP blocks.
Related violations: <none>

SYNTH-10#11 Warning
Wide multiplier  
Detected multiplier at u_mdu/mul_uu_out0__1 of size 18x18, it is decomposed from a wide multipler into 4 DSP blocks.
Related violations: <none>

SYNTH-10#12 Warning
Wide multiplier  
Detected multiplier at u_mdu/mul_uu_out0__2 of size 18x16, it is decomposed from a wide multipler into 4 DSP blocks.
Related violations: <none>

TIMING-16#1 Warning
Large setup violation  
There is a large setup violation of -1.171 ns between u_ex1_ex2/fwd_rs1_out_reg[0]/C (clocked by clk) and ex2_ghr_checkpoint_reg[1]/D (clocked by clk). Large setup violations at the end of those stages might be difficult to fix during the post-placement implementation flow and could be the result of non-optimal XDC constraints or non-optimal design architecture
Related violations: <none>

TIMING-16#2 Warning
Large setup violation  
There is a large setup violation of -1.171 ns between u_ex1_ex2/fwd_rs1_out_reg[0]/C (clocked by clk) and ex2_ghr_checkpoint_reg[3]/D (clocked by clk). Large setup violations at the end of those stages might be difficult to fix during the post-placement implementation flow and could be the result of non-optimal XDC constraints or non-optimal design architecture
Related violations: <none>

TIMING-16#3 Warning
Large setup violation  
There is a large setup violation of -1.171 ns between u_ex1_ex2/fwd_rs1_out_reg[0]/C (clocked by clk) and ex2_ghr_checkpoint_reg[5]/D (clocked by clk). Large setup violations at the end of those stages might be difficult to fix during the post-placement implementation flow and could be the result of non-optimal XDC constraints or non-optimal design architecture
Related violations: <none>

TIMING-16#4 Warning
Large setup violation  
There is a large setup violation of -1.179 ns between u_ex1_ex2/fwd_rs1_out_reg[0]/C (clocked by clk) and ex2_ghr_checkpoint_reg[0]/D (clocked by clk). Large setup violations at the end of those stages might be difficult to fix during the post-placement implementation flow and could be the result of non-optimal XDC constraints or non-optimal design architecture
Related violations: <none>

TIMING-16#5 Warning
Large setup violation  
There is a large setup violation of -1.179 ns between u_ex1_ex2/fwd_rs1_out_reg[0]/C (clocked by clk) and ex2_ghr_checkpoint_reg[2]/D (clocked by clk). Large setup violations at the end of those stages might be difficult to fix during the post-placement implementation flow and could be the result of non-optimal XDC constraints or non-optimal design architecture
Related violations: <none>

TIMING-16#6 Warning
Large setup violation  
There is a large setup violation of -1.179 ns between u_ex1_ex2/fwd_rs1_out_reg[0]/C (clocked by clk) and ex2_ghr_checkpoint_reg[4]/D (clocked by clk). Large setup violations at the end of those stages might be difficult to fix during the post-placement implementation flow and could be the result of non-optimal XDC constraints or non-optimal design architecture
Related violations: <none>

TIMING-16#7 Warning
Large setup violation  
There is a large setup violation of -1.306 ns between u_ex1_ex2/fwd_rs1_out_reg[0]/C (clocked by clk) and ex1_ghr_checkpoint_reg[0]/CE (clocked by clk). Large setup violations at the end of those stages might be difficult to fix during the post-placement implementation flow and could be the result of non-optimal XDC constraints or non-optimal design architecture
Related violations: <none>

TIMING-16#8 Warning
Large setup violation  
There is a large setup violation of -1.306 ns between u_ex1_ex2/fwd_rs1_out_reg[0]/C (clocked by clk) and ex1_ghr_checkpoint_reg[1]/CE (clocked by clk). Large setup violations at the end of those stages might be difficult to fix during the post-placement implementation flow and could be the result of non-optimal XDC constraints or non-optimal design architecture
Related violations: <none>

TIMING-16#9 Warning
Large setup violation  
There is a large setup violation of -1.306 ns between u_ex1_ex2/fwd_rs1_out_reg[0]/C (clocked by clk) and ex1_ghr_checkpoint_reg[2]/CE (clocked by clk). Large setup violations at the end of those stages might be difficult to fix during the post-placement implementation flow and could be the result of non-optimal XDC constraints or non-optimal design architecture
Related violations: <none>

TIMING-16#10 Warning
Large setup violation  
There is a large setup violation of -1.306 ns between u_ex1_ex2/fwd_rs1_out_reg[0]/C (clocked by clk) and ex1_ghr_checkpoint_reg[3]/CE (clocked by clk). Large setup violations at the end of those stages might be difficult to fix during the post-placement implementation flow and could be the result of non-optimal XDC constraints or non-optimal design architecture
Related violations: <none>

TIMING-16#11 Warning
Large setup violation  
There is a large setup violation of -1.306 ns between u_ex1_ex2/fwd_rs1_out_reg[0]/C (clocked by clk) and ex1_ghr_checkpoint_reg[4]/CE (clocked by clk). Large setup violations at the end of those stages might be difficult to fix during the post-placement implementation flow and could be the result of non-optimal XDC constraints or non-optimal design architecture
Related violations: <none>

TIMING-16#12 Warning
Large setup violation  
There is a large setup violation of -1.306 ns between u_ex1_ex2/fwd_rs1_out_reg[0]/C (clocked by clk) and ex1_ghr_checkpoint_reg[5]/CE (clocked by clk). Large setup violations at the end of those stages might be difficult to fix during the post-placement implementation flow and could be the result of non-optimal XDC constraints or non-optimal design architecture
Related violations: <none>

TIMING-16#13 Warning
Large setup violation  
There is a large setup violation of -1.306 ns between u_ex1_ex2/fwd_rs1_out_reg[0]/C (clocked by clk) and id_ghr_checkpoint_reg[0]/CE (clocked by clk). Large setup violations at the end of those stages might be difficult to fix during the post-placement implementation flow and could be the result of non-optimal XDC constraints or non-optimal design architecture
Related violations: <none>

TIMING-16#14 Warning
Large setup violation  
There is a large setup violation of -1.306 ns between u_ex1_ex2/fwd_rs1_out_reg[0]/C (clocked by clk) and id_ghr_checkpoint_reg[1]/CE (clocked by clk). Large setup violations at the end of those stages might be difficult to fix during the post-placement implementation flow and could be the result of non-optimal XDC constraints or non-optimal design architecture
Related violations: <none>

TIMING-16#15 Warning
Large setup violation  
There is a large setup violation of -1.306 ns between u_ex1_ex2/fwd_rs1_out_reg[0]/C (clocked by clk) and id_ghr_checkpoint_reg[2]/CE (clocked by clk). Large setup violations at the end of those stages might be difficult to fix during the post-placement implementation flow and could be the result of non-optimal XDC constraints or non-optimal design architecture
Related violations: <none>

TIMING-16#16 Warning
Large setup violation  
There is a large setup violation of -1.306 ns between u_ex1_ex2/fwd_rs1_out_reg[0]/C (clocked by clk) and id_ghr_checkpoint_reg[3]/CE (clocked by clk). Large setup violations at the end of those stages might be difficult to fix during the post-placement implementation flow and could be the result of non-optimal XDC constraints or non-optimal design architecture
Related violations: <none>

TIMING-16#17 Warning
Large setup violation  
There is a large setup violation of -1.306 ns between u_ex1_ex2/fwd_rs1_out_reg[0]/C (clocked by clk) and id_ghr_checkpoint_reg[4]/CE (clocked by clk). Large setup violations at the end of those stages might be difficult to fix during the post-placement implementation flow and could be the result of non-optimal XDC constraints or non-optimal design architecture
Related violations: <none>

TIMING-16#18 Warning
Large setup violation  
There is a large setup violation of -1.306 ns between u_ex1_ex2/fwd_rs1_out_reg[0]/C (clocked by clk) and id_ghr_checkpoint_reg[5]/CE (clocked by clk). Large setup violations at the end of those stages might be difficult to fix during the post-placement implementation flow and could be the result of non-optimal XDC constraints or non-optimal design architecture
Related violations: <none>

TIMING-16#19 Warning
Large setup violation  
There is a large setup violation of -1.812 ns between u_ex1_ex2/fwd_rs1_out_reg[0]/C (clocked by clk) and u_bp/btb_target_reg[0][0]/CE (clocked by clk). Large setup violations at the end of those stages might be difficult to fix during the post-placement implementation flow and could be the result of non-optimal XDC constraints or non-optimal design architecture
Related violations: <none>

TIMING-16#20 Warning
Large setup violation  
There is a large setup violation of -1.812 ns between u_ex1_ex2/fwd_rs1_out_reg[0]/C (clocked by clk) and u_bp/btb_target_reg[0][10]/CE (clocked by clk). Large setup violations at the end of those stages might be difficult to fix during the post-placement implementation flow and could be the result of non-optimal XDC constraints or non-optimal design architecture
Related violations: <none>

TIMING-16#21 Warning
Large setup violation  
There is a large setup violation of -1.812 ns between u_ex1_ex2/fwd_rs1_out_reg[0]/C (clocked by clk) and u_bp/btb_target_reg[0][11]/CE (clocked by clk). Large setup violations at the end of those stages might be difficult to fix during the post-placement implementation flow and could be the result of non-optimal XDC constraints or non-optimal design architecture
Related violations: <none>

TIMING-16#22 Warning
Large setup violation  
There is a large setup violation of -1.812 ns between u_ex1_ex2/fwd_rs1_out_reg[0]/C (clocked by clk) and u_bp/btb_target_reg[0][12]/CE (clocked by clk). Large setup violations at the end of those stages might be difficult to fix during the post-placement implementation flow and could be the result of non-optimal XDC constraints or non-optimal design architecture
Related violations: <none>

TIMING-16#23 Warning
Large setup violation  
There is a large setup violation of -1.812 ns between u_ex1_ex2/fwd_rs1_out_reg[0]/C (clocked by clk) and u_bp/btb_target_reg[0][13]/CE (clocked by clk). Large setup violations at the end of those stages might be difficult to fix during the post-placement implementation flow and could be the result of non-optimal XDC constraints or non-optimal design architecture
Related violations: <none>

TIMING-16#24 Warning
Large setup violation  
There is a large setup violation of -1.812 ns between u_ex1_ex2/fwd_rs1_out_reg[0]/C (clocked by clk) and u_bp/btb_target_reg[0][14]/CE (clocked by clk). Large setup violations at the end of those stages might be difficult to fix during the post-placement implementation flow and could be the result of non-optimal XDC constraints or non-optimal design architecture
Related violations: <none>

TIMING-16#25 Warning
Large setup violation  
There is a large setup violation of -1.812 ns between u_ex1_ex2/fwd_rs1_out_reg[0]/C (clocked by clk) and u_bp/btb_target_reg[0][15]/CE (clocked by clk). Large setup violations at the end of those stages might be difficult to fix during the post-placement implementation flow and could be the result of non-optimal XDC constraints or non-optimal design architecture
Related violations: <none>

TIMING-16#26 Warning
Large setup violation  
There is a large setup violation of -1.812 ns between u_ex1_ex2/fwd_rs1_out_reg[0]/C (clocked by clk) and u_bp/btb_target_reg[0][16]/CE (clocked by clk). Large setup violations at the end of those stages might be difficult to fix during the post-placement implementation flow and could be the result of non-optimal XDC constraints or non-optimal design architecture
Related violations: <none>

TIMING-16#27 Warning
Large setup violation  
There is a large setup violation of -1.812 ns between u_ex1_ex2/fwd_rs1_out_reg[0]/C (clocked by clk) and u_bp/btb_target_reg[0][17]/CE (clocked by clk). Large setup violations at the end of those stages might be difficult to fix during the post-placement implementation flow and could be the result of non-optimal XDC constraints or non-optimal design architecture
Related violations: <none>

TIMING-16#28 Warning
Large setup violation  
There is a large setup violation of -1.812 ns between u_ex1_ex2/fwd_rs1_out_reg[0]/C (clocked by clk) and u_bp/btb_target_reg[0][18]/CE (clocked by clk). Large setup violations at the end of those stages might be difficult to fix during the post-placement implementation flow and could be the result of non-optimal XDC constraints or non-optimal design architecture
Related violations: <none>

TIMING-16#29 Warning
Large setup violation  
There is a large setup violation of -1.812 ns between u_ex1_ex2/fwd_rs1_out_reg[0]/C (clocked by clk) and u_bp/btb_target_reg[0][19]/CE (clocked by clk). Large setup violations at the end of those stages might be difficult to fix during the post-placement implementation flow and could be the result of non-optimal XDC constraints or non-optimal design architecture
Related violations: <none>

TIMING-16#30 Warning
Large setup violation  
There is a large setup violation of -1.812 ns between u_ex1_ex2/fwd_rs1_out_reg[0]/C (clocked by clk) and u_bp/btb_target_reg[0][1]/CE (clocked by clk). Large setup violations at the end of those stages might be difficult to fix during the post-placement implementation flow and could be the result of non-optimal XDC constraints or non-optimal design architecture
Related violations: <none>

TIMING-16#31 Warning
Large setup violation  
There is a large setup violation of -1.812 ns between u_ex1_ex2/fwd_rs1_out_reg[0]/C (clocked by clk) and u_bp/btb_target_reg[0][20]/CE (clocked by clk). Large setup violations at the end of those stages might be difficult to fix during the post-placement implementation flow and could be the result of non-optimal XDC constraints or non-optimal design architecture
Related violations: <none>

TIMING-16#32 Warning
Large setup violation  
There is a large setup violation of -1.812 ns between u_ex1_ex2/fwd_rs1_out_reg[0]/C (clocked by clk) and u_bp/btb_target_reg[0][21]/CE (clocked by clk). Large setup violations at the end of those stages might be difficult to fix during the post-placement implementation flow and could be the result of non-optimal XDC constraints or non-optimal design architecture
Related violations: <none>

TIMING-16#33 Warning
Large setup violation  
There is a large setup violation of -1.812 ns between u_ex1_ex2/fwd_rs1_out_reg[0]/C (clocked by clk) and u_bp/btb_target_reg[0][22]/CE (clocked by clk). Large setup violations at the end of those stages might be difficult to fix during the post-placement implementation flow and could be the result of non-optimal XDC constraints or non-optimal design architecture
Related violations: <none>

TIMING-16#34 Warning
Large setup violation  
There is a large setup violation of -1.812 ns between u_ex1_ex2/fwd_rs1_out_reg[0]/C (clocked by clk) and u_bp/btb_target_reg[0][23]/CE (clocked by clk). Large setup violations at the end of those stages might be difficult to fix during the post-placement implementation flow and could be the result of non-optimal XDC constraints or non-optimal design architecture
Related violations: <none>

TIMING-16#35 Warning
Large setup violation  
There is a large setup violation of -1.812 ns between u_ex1_ex2/fwd_rs1_out_reg[0]/C (clocked by clk) and u_bp/btb_target_reg[0][24]/CE (clocked by clk). Large setup violations at the end of those stages might be difficult to fix during the post-placement implementation flow and could be the result of non-optimal XDC constraints or non-optimal design architecture
Related violations: <none>

TIMING-16#36 Warning
Large setup violation  
There is a large setup violation of -1.812 ns between u_ex1_ex2/fwd_rs1_out_reg[0]/C (clocked by clk) and u_bp/btb_target_reg[0][25]/CE (clocked by clk). Large setup violations at the end of those stages might be difficult to fix during the post-placement implementation flow and could be the result of non-optimal XDC constraints or non-optimal design architecture
Related violations: <none>

TIMING-16#37 Warning
Large setup violation  
There is a large setup violation of -1.812 ns between u_ex1_ex2/fwd_rs1_out_reg[0]/C (clocked by clk) and u_bp/btb_target_reg[0][26]/CE (clocked by clk). Large setup violations at the end of those stages might be difficult to fix during the post-placement implementation flow and could be the result of non-optimal XDC constraints or non-optimal design architecture
Related violations: <none>

TIMING-16#38 Warning
Large setup violation  
There is a large setup violation of -1.812 ns between u_ex1_ex2/fwd_rs1_out_reg[0]/C (clocked by clk) and u_bp/btb_target_reg[0][27]/CE (clocked by clk). Large setup violations at the end of those stages might be difficult to fix during the post-placement implementation flow and could be the result of non-optimal XDC constraints or non-optimal design architecture
Related violations: <none>

TIMING-16#39 Warning
Large setup violation  
There is a large setup violation of -1.812 ns between u_ex1_ex2/fwd_rs1_out_reg[0]/C (clocked by clk) and u_bp/btb_target_reg[0][28]/CE (clocked by clk). Large setup violations at the end of those stages might be difficult to fix during the post-placement implementation flow and could be the result of non-optimal XDC constraints or non-optimal design architecture
Related violations: <none>

TIMING-16#40 Warning
Large setup violation  
There is a large setup violation of -1.812 ns between u_ex1_ex2/fwd_rs1_out_reg[0]/C (clocked by clk) and u_bp/btb_target_reg[0][29]/CE (clocked by clk). Large setup violations at the end of those stages might be difficult to fix during the post-placement implementation flow and could be the result of non-optimal XDC constraints or non-optimal design architecture
Related violations: <none>

TIMING-16#41 Warning
Large setup violation  
There is a large setup violation of -1.812 ns between u_ex1_ex2/fwd_rs1_out_reg[0]/C (clocked by clk) and u_bp/btb_target_reg[0][2]/CE (clocked by clk). Large setup violations at the end of those stages might be difficult to fix during the post-placement implementation flow and could be the result of non-optimal XDC constraints or non-optimal design architecture
Related violations: <none>

TIMING-16#42 Warning
Large setup violation  
There is a large setup violation of -1.812 ns between u_ex1_ex2/fwd_rs1_out_reg[0]/C (clocked by clk) and u_bp/btb_target_reg[0][30]/CE (clocked by clk). Large setup violations at the end of those stages might be difficult to fix during the post-placement implementation flow and could be the result of non-optimal XDC constraints or non-optimal design architecture
Related violations: <none>

TIMING-16#43 Warning
Large setup violation  
There is a large setup violation of -1.812 ns between u_ex1_ex2/fwd_rs1_out_reg[0]/C (clocked by clk) and u_bp/btb_target_reg[0][31]/CE (clocked by clk). Large setup violations at the end of those stages might be difficult to fix during the post-placement implementation flow and could be the result of non-optimal XDC constraints or non-optimal design architecture
Related violations: <none>

TIMING-16#44 Warning
Large setup violation  
There is a large setup violation of -1.812 ns between u_ex1_ex2/fwd_rs1_out_reg[0]/C (clocked by clk) and u_bp/btb_target_reg[0][3]/CE (clocked by clk). Large setup violations at the end of those stages might be difficult to fix during the post-placement implementation flow and could be the result of non-optimal XDC constraints or non-optimal design architecture
Related violations: <none>

TIMING-16#45 Warning
Large setup violation  
There is a large setup violation of -1.812 ns between u_ex1_ex2/fwd_rs1_out_reg[0]/C (clocked by clk) and u_bp/btb_target_reg[0][4]/CE (clocked by clk). Large setup violations at the end of those stages might be difficult to fix during the post-placement implementation flow and could be the result of non-optimal XDC constraints or non-optimal design architecture
Related violations: <none>

TIMING-16#46 Warning
Large setup violation  
There is a large setup violation of -1.812 ns between u_ex1_ex2/fwd_rs1_out_reg[0]/C (clocked by clk) and u_bp/btb_target_reg[0][5]/CE (clocked by clk). Large setup violations at the end of those stages might be difficult to fix during the post-placement implementation flow and could be the result of non-optimal XDC constraints or non-optimal design architecture
Related violations: <none>

TIMING-16#47 Warning
Large setup violation  
There is a large setup violation of -1.812 ns between u_ex1_ex2/fwd_rs1_out_reg[0]/C (clocked by clk) and u_bp/btb_target_reg[0][6]/CE (clocked by clk). Large setup violations at the end of those stages might be difficult to fix during the post-placement implementation flow and could be the result of non-optimal XDC constraints or non-optimal design architecture
Related violations: <none>

TIMING-16#48 Warning
Large setup violation  
There is a large setup violation of -1.812 ns between u_ex1_ex2/fwd_rs1_out_reg[0]/C (clocked by clk) and u_bp/btb_target_reg[0][7]/CE (clocked by clk). Large setup violations at the end of those stages might be difficult to fix during the post-placement implementation flow and could be the result of non-optimal XDC constraints or non-optimal design architecture
Related violations: <none>

TIMING-16#49 Warning
Large setup violation  
There is a large setup violation of -1.812 ns between u_ex1_ex2/fwd_rs1_out_reg[0]/C (clocked by clk) and u_bp/btb_target_reg[0][8]/CE (clocked by clk). Large setup violations at the end of those stages might be difficult to fix during the post-placement implementation flow and could be the result of non-optimal XDC constraints or non-optimal design architecture
Related violations: <none>

TIMING-16#50 Warning
Large setup violation  
There is a large setup violation of -1.812 ns between u_ex1_ex2/fwd_rs1_out_reg[0]/C (clocked by clk) and u_bp/btb_target_reg[0][9]/CE (clocked by clk). Large setup violations at the end of those stages might be difficult to fix during the post-placement implementation flow and could be the result of non-optimal XDC constraints or non-optimal design architecture
Related violations: <none>

TIMING-16#51 Warning
Large setup violation  
There is a large setup violation of -1.817 ns between u_ex1_ex2/fwd_rs1_out_reg[0]/C (clocked by clk) and u_bp/btb_tag_reg[12][0]/CE (clocked by clk). Large setup violations at the end of those stages might be difficult to fix during the post-placement implementation flow and could be the result of non-optimal XDC constraints or non-optimal design architecture
Related violations: <none>

TIMING-16#52 Warning
Large setup violation  
There is a large setup violation of -1.817 ns between u_ex1_ex2/fwd_rs1_out_reg[0]/C (clocked by clk) and u_bp/btb_tag_reg[12][10]/CE (clocked by clk). Large setup violations at the end of those stages might be difficult to fix during the post-placement implementation flow and could be the result of non-optimal XDC constraints or non-optimal design architecture
Related violations: <none>

TIMING-16#53 Warning
Large setup violation  
There is a large setup violation of -1.817 ns between u_ex1_ex2/fwd_rs1_out_reg[0]/C (clocked by clk) and u_bp/btb_tag_reg[12][11]/CE (clocked by clk). Large setup violations at the end of those stages might be difficult to fix during the post-placement implementation flow and could be the result of non-optimal XDC constraints or non-optimal design architecture
Related violations: <none>

TIMING-16#54 Warning
Large setup violation  
There is a large setup violation of -1.817 ns between u_ex1_ex2/fwd_rs1_out_reg[0]/C (clocked by clk) and u_bp/btb_tag_reg[12][12]/CE (clocked by clk). Large setup violations at the end of those stages might be difficult to fix during the post-placement implementation flow and could be the result of non-optimal XDC constraints or non-optimal design architecture
Related violations: <none>

TIMING-16#55 Warning
Large setup violation  
There is a large setup violation of -1.817 ns between u_ex1_ex2/fwd_rs1_out_reg[0]/C (clocked by clk) and u_bp/btb_tag_reg[12][13]/CE (clocked by clk). Large setup violations at the end of those stages might be difficult to fix during the post-placement implementation flow and could be the result of non-optimal XDC constraints or non-optimal design architecture
Related violations: <none>

TIMING-16#56 Warning
Large setup violation  
There is a large setup violation of -1.817 ns between u_ex1_ex2/fwd_rs1_out_reg[0]/C (clocked by clk) and u_bp/btb_tag_reg[12][14]/CE (clocked by clk). Large setup violations at the end of those stages might be difficult to fix during the post-placement implementation flow and could be the result of non-optimal XDC constraints or non-optimal design architecture
Related violations: <none>

TIMING-16#57 Warning
Large setup violation  
There is a large setup violation of -1.817 ns between u_ex1_ex2/fwd_rs1_out_reg[0]/C (clocked by clk) and u_bp/btb_tag_reg[12][15]/CE (clocked by clk). Large setup violations at the end of those stages might be difficult to fix during the post-placement implementation flow and could be the result of non-optimal XDC constraints or non-optimal design architecture
Related violations: <none>

TIMING-16#58 Warning
Large setup violation  
There is a large setup violation of -1.817 ns between u_ex1_ex2/fwd_rs1_out_reg[0]/C (clocked by clk) and u_bp/btb_tag_reg[12][16]/CE (clocked by clk). Large setup violations at the end of those stages might be difficult to fix during the post-placement implementation flow and could be the result of non-optimal XDC constraints or non-optimal design architecture
Related violations: <none>

TIMING-16#59 Warning
Large setup violation  
There is a large setup violation of -1.817 ns between u_ex1_ex2/fwd_rs1_out_reg[0]/C (clocked by clk) and u_bp/btb_tag_reg[12][17]/CE (clocked by clk). Large setup violations at the end of those stages might be difficult to fix during the post-placement implementation flow and could be the result of non-optimal XDC constraints or non-optimal design architecture
Related violations: <none>

TIMING-16#60 Warning
Large setup violation  
There is a large setup violation of -1.817 ns between u_ex1_ex2/fwd_rs1_out_reg[0]/C (clocked by clk) and u_bp/btb_tag_reg[12][18]/CE (clocked by clk). Large setup violations at the end of those stages might be difficult to fix during the post-placement implementation flow and could be the result of non-optimal XDC constraints or non-optimal design architecture
Related violations: <none>

TIMING-16#61 Warning
Large setup violation  
There is a large setup violation of -1.817 ns between u_ex1_ex2/fwd_rs1_out_reg[0]/C (clocked by clk) and u_bp/btb_tag_reg[12][19]/CE (clocked by clk). Large setup violations at the end of those stages might be difficult to fix during the post-placement implementation flow and could be the result of non-optimal XDC constraints or non-optimal design architecture
Related violations: <none>

TIMING-16#62 Warning
Large setup violation  
There is a large setup violation of -1.817 ns between u_ex1_ex2/fwd_rs1_out_reg[0]/C (clocked by clk) and u_bp/btb_tag_reg[12][1]/CE (clocked by clk). Large setup violations at the end of those stages might be difficult to fix during the post-placement implementation flow and could be the result of non-optimal XDC constraints or non-optimal design architecture
Related violations: <none>

TIMING-16#63 Warning
Large setup violation  
There is a large setup violation of -1.817 ns between u_ex1_ex2/fwd_rs1_out_reg[0]/C (clocked by clk) and u_bp/btb_tag_reg[12][20]/CE (clocked by clk). Large setup violations at the end of those stages might be difficult to fix during the post-placement implementation flow and could be the result of non-optimal XDC constraints or non-optimal design architecture
Related violations: <none>

TIMING-16#64 Warning
Large setup violation  
There is a large setup violation of -1.817 ns between u_ex1_ex2/fwd_rs1_out_reg[0]/C (clocked by clk) and u_bp/btb_tag_reg[12][21]/CE (clocked by clk). Large setup violations at the end of those stages might be difficult to fix during the post-placement implementation flow and could be the result of non-optimal XDC constraints or non-optimal design architecture
Related violations: <none>

TIMING-16#65 Warning
Large setup violation  
There is a large setup violation of -1.817 ns between u_ex1_ex2/fwd_rs1_out_reg[0]/C (clocked by clk) and u_bp/btb_tag_reg[12][22]/CE (clocked by clk). Large setup violations at the end of those stages might be difficult to fix during the post-placement implementation flow and could be the result of non-optimal XDC constraints or non-optimal design architecture
Related violations: <none>

TIMING-16#66 Warning
Large setup violation  
There is a large setup violation of -1.817 ns between u_ex1_ex2/fwd_rs1_out_reg[0]/C (clocked by clk) and u_bp/btb_tag_reg[12][23]/CE (clocked by clk). Large setup violations at the end of those stages might be difficult to fix during the post-placement implementation flow and could be the result of non-optimal XDC constraints or non-optimal design architecture
Related violations: <none>

TIMING-16#67 Warning
Large setup violation  
There is a large setup violation of -1.817 ns between u_ex1_ex2/fwd_rs1_out_reg[0]/C (clocked by clk) and u_bp/btb_tag_reg[12][24]/CE (clocked by clk). Large setup violations at the end of those stages might be difficult to fix during the post-placement implementation flow and could be the result of non-optimal XDC constraints or non-optimal design architecture
Related violations: <none>

TIMING-16#68 Warning
Large setup violation  
There is a large setup violation of -1.817 ns between u_ex1_ex2/fwd_rs1_out_reg[0]/C (clocked by clk) and u_bp/btb_tag_reg[12][2]/CE (clocked by clk). Large setup violations at the end of those stages might be difficult to fix during the post-placement implementation flow and could be the result of non-optimal XDC constraints or non-optimal design architecture
Related violations: <none>

TIMING-16#69 Warning
Large setup violation  
There is a large setup violation of -1.817 ns between u_ex1_ex2/fwd_rs1_out_reg[0]/C (clocked by clk) and u_bp/btb_tag_reg[12][3]/CE (clocked by clk). Large setup violations at the end of those stages might be difficult to fix during the post-placement implementation flow and could be the result of non-optimal XDC constraints or non-optimal design architecture
Related violations: <none>

TIMING-16#70 Warning
Large setup violation  
There is a large setup violation of -1.817 ns between u_ex1_ex2/fwd_rs1_out_reg[0]/C (clocked by clk) and u_bp/btb_tag_reg[12][4]/CE (clocked by clk). Large setup violations at the end of those stages might be difficult to fix during the post-placement implementation flow and could be the result of non-optimal XDC constraints or non-optimal design architecture
Related violations: <none>

TIMING-16#71 Warning
Large setup violation  
There is a large setup violation of -1.817 ns between u_ex1_ex2/fwd_rs1_out_reg[0]/C (clocked by clk) and u_bp/btb_tag_reg[12][5]/CE (clocked by clk). Large setup violations at the end of those stages might be difficult to fix during the post-placement implementation flow and could be the result of non-optimal XDC constraints or non-optimal design architecture
Related violations: <none>

TIMING-16#72 Warning
Large setup violation  
There is a large setup violation of -1.817 ns between u_ex1_ex2/fwd_rs1_out_reg[0]/C (clocked by clk) and u_bp/btb_tag_reg[12][6]/CE (clocked by clk). Large setup violations at the end of those stages might be difficult to fix during the post-placement implementation flow and could be the result of non-optimal XDC constraints or non-optimal design architecture
Related violations: <none>

TIMING-16#73 Warning
Large setup violation  
There is a large setup violation of -1.817 ns between u_ex1_ex2/fwd_rs1_out_reg[0]/C (clocked by clk) and u_bp/btb_tag_reg[12][7]/CE (clocked by clk). Large setup violations at the end of those stages might be difficult to fix during the post-placement implementation flow and could be the result of non-optimal XDC constraints or non-optimal design architecture
Related violations: <none>

TIMING-16#74 Warning
Large setup violation  
There is a large setup violation of -1.817 ns between u_ex1_ex2/fwd_rs1_out_reg[0]/C (clocked by clk) and u_bp/btb_tag_reg[12][8]/CE (clocked by clk). Large setup violations at the end of those stages might be difficult to fix during the post-placement implementation flow and could be the result of non-optimal XDC constraints or non-optimal design architecture
Related violations: <none>

TIMING-16#75 Warning
Large setup violation  
There is a large setup violation of -1.817 ns between u_ex1_ex2/fwd_rs1_out_reg[0]/C (clocked by clk) and u_bp/btb_tag_reg[12][9]/CE (clocked by clk). Large setup violations at the end of those stages might be difficult to fix during the post-placement implementation flow and could be the result of non-optimal XDC constraints or non-optimal design architecture
Related violations: <none>

TIMING-16#76 Warning
Large setup violation  
There is a large setup violation of -1.817 ns between u_ex1_ex2/fwd_rs1_out_reg[0]/C (clocked by clk) and u_bp/btb_tag_reg[18][0]/CE (clocked by clk). Large setup violations at the end of those stages might be difficult to fix during the post-placement implementation flow and could be the result of non-optimal XDC constraints or non-optimal design architecture
Related violations: <none>

TIMING-16#77 Warning
Large setup violation  
There is a large setup violation of -1.817 ns between u_ex1_ex2/fwd_rs1_out_reg[0]/C (clocked by clk) and u_bp/btb_tag_reg[18][10]/CE (clocked by clk). Large setup violations at the end of those stages might be difficult to fix during the post-placement implementation flow and could be the result of non-optimal XDC constraints or non-optimal design architecture
Related violations: <none>

TIMING-16#78 Warning
Large setup violation  
There is a large setup violation of -1.817 ns between u_ex1_ex2/fwd_rs1_out_reg[0]/C (clocked by clk) and u_bp/btb_tag_reg[18][11]/CE (clocked by clk). Large setup violations at the end of those stages might be difficult to fix during the post-placement implementation flow and could be the result of non-optimal XDC constraints or non-optimal design architecture
Related violations: <none>

TIMING-16#79 Warning
Large setup violation  
There is a large setup violation of -1.817 ns between u_ex1_ex2/fwd_rs1_out_reg[0]/C (clocked by clk) and u_bp/btb_tag_reg[18][12]/CE (clocked by clk). Large setup violations at the end of those stages might be difficult to fix during the post-placement implementation flow and could be the result of non-optimal XDC constraints or non-optimal design architecture
Related violations: <none>

TIMING-16#80 Warning
Large setup violation  
There is a large setup violation of -1.817 ns between u_ex1_ex2/fwd_rs1_out_reg[0]/C (clocked by clk) and u_bp/btb_tag_reg[18][13]/CE (clocked by clk). Large setup violations at the end of those stages might be difficult to fix during the post-placement implementation flow and could be the result of non-optimal XDC constraints or non-optimal design architecture
Related violations: <none>

TIMING-16#81 Warning
Large setup violation  
There is a large setup violation of -1.817 ns between u_ex1_ex2/fwd_rs1_out_reg[0]/C (clocked by clk) and u_bp/btb_tag_reg[18][14]/CE (clocked by clk). Large setup violations at the end of those stages might be difficult to fix during the post-placement implementation flow and could be the result of non-optimal XDC constraints or non-optimal design architecture
Related violations: <none>

TIMING-16#82 Warning
Large setup violation  
There is a large setup violation of -1.817 ns between u_ex1_ex2/fwd_rs1_out_reg[0]/C (clocked by clk) and u_bp/btb_tag_reg[18][15]/CE (clocked by clk). Large setup violations at the end of those stages might be difficult to fix during the post-placement implementation flow and could be the result of non-optimal XDC constraints or non-optimal design architecture
Related violations: <none>

TIMING-16#83 Warning
Large setup violation  
There is a large setup violation of -1.817 ns between u_ex1_ex2/fwd_rs1_out_reg[0]/C (clocked by clk) and u_bp/btb_tag_reg[18][16]/CE (clocked by clk). Large setup violations at the end of those stages might be difficult to fix during the post-placement implementation flow and could be the result of non-optimal XDC constraints or non-optimal design architecture
Related violations: <none>

TIMING-16#84 Warning
Large setup violation  
There is a large setup violation of -1.817 ns between u_ex1_ex2/fwd_rs1_out_reg[0]/C (clocked by clk) and u_bp/btb_tag_reg[18][17]/CE (clocked by clk). Large setup violations at the end of those stages might be difficult to fix during the post-placement implementation flow and could be the result of non-optimal XDC constraints or non-optimal design architecture
Related violations: <none>

TIMING-16#85 Warning
Large setup violation  
There is a large setup violation of -1.817 ns between u_ex1_ex2/fwd_rs1_out_reg[0]/C (clocked by clk) and u_bp/btb_tag_reg[18][18]/CE (clocked by clk). Large setup violations at the end of those stages might be difficult to fix during the post-placement implementation flow and could be the result of non-optimal XDC constraints or non-optimal design architecture
Related violations: <none>

TIMING-16#86 Warning
Large setup violation  
There is a large setup violation of -1.817 ns between u_ex1_ex2/fwd_rs1_out_reg[0]/C (clocked by clk) and u_bp/btb_tag_reg[18][19]/CE (clocked by clk). Large setup violations at the end of those stages might be difficult to fix during the post-placement implementation flow and could be the result of non-optimal XDC constraints or non-optimal design architecture
Related violations: <none>

TIMING-16#87 Warning
Large setup violation  
There is a large setup violation of -1.817 ns between u_ex1_ex2/fwd_rs1_out_reg[0]/C (clocked by clk) and u_bp/btb_tag_reg[18][1]/CE (clocked by clk). Large setup violations at the end of those stages might be difficult to fix during the post-placement implementation flow and could be the result of non-optimal XDC constraints or non-optimal design architecture
Related violations: <none>

TIMING-16#88 Warning
Large setup violation  
There is a large setup violation of -1.817 ns between u_ex1_ex2/fwd_rs1_out_reg[0]/C (clocked by clk) and u_bp/btb_tag_reg[18][20]/CE (clocked by clk). Large setup violations at the end of those stages might be difficult to fix during the post-placement implementation flow and could be the result of non-optimal XDC constraints or non-optimal design architecture
Related violations: <none>

TIMING-16#89 Warning
Large setup violation  
There is a large setup violation of -1.817 ns between u_ex1_ex2/fwd_rs1_out_reg[0]/C (clocked by clk) and u_bp/btb_tag_reg[18][21]/CE (clocked by clk). Large setup violations at the end of those stages might be difficult to fix during the post-placement implementation flow and could be the result of non-optimal XDC constraints or non-optimal design architecture
Related violations: <none>

TIMING-16#90 Warning
Large setup violation  
There is a large setup violation of -1.817 ns between u_ex1_ex2/fwd_rs1_out_reg[0]/C (clocked by clk) and u_bp/btb_tag_reg[18][22]/CE (clocked by clk). Large setup violations at the end of those stages might be difficult to fix during the post-placement implementation flow and could be the result of non-optimal XDC constraints or non-optimal design architecture
Related violations: <none>

TIMING-16#91 Warning
Large setup violation  
There is a large setup violation of -1.817 ns between u_ex1_ex2/fwd_rs1_out_reg[0]/C (clocked by clk) and u_bp/btb_tag_reg[18][23]/CE (clocked by clk). Large setup violations at the end of those stages might be difficult to fix during the post-placement implementation flow and could be the result of non-optimal XDC constraints or non-optimal design architecture
Related violations: <none>

TIMING-16#92 Warning
Large setup violation  
There is a large setup violation of -1.817 ns between u_ex1_ex2/fwd_rs1_out_reg[0]/C (clocked by clk) and u_bp/btb_tag_reg[18][24]/CE (clocked by clk). Large setup violations at the end of those stages might be difficult to fix during the post-placement implementation flow and could be the result of non-optimal XDC constraints or non-optimal design architecture
Related violations: <none>

TIMING-16#93 Warning
Large setup violation  
There is a large setup violation of -1.817 ns between u_ex1_ex2/fwd_rs1_out_reg[0]/C (clocked by clk) and u_bp/btb_tag_reg[18][2]/CE (clocked by clk). Large setup violations at the end of those stages might be difficult to fix during the post-placement implementation flow and could be the result of non-optimal XDC constraints or non-optimal design architecture
Related violations: <none>

TIMING-16#94 Warning
Large setup violation  
There is a large setup violation of -1.817 ns between u_ex1_ex2/fwd_rs1_out_reg[0]/C (clocked by clk) and u_bp/btb_tag_reg[18][3]/CE (clocked by clk). Large setup violations at the end of those stages might be difficult to fix during the post-placement implementation flow and could be the result of non-optimal XDC constraints or non-optimal design architecture
Related violations: <none>

TIMING-16#95 Warning
Large setup violation  
There is a large setup violation of -1.817 ns between u_ex1_ex2/fwd_rs1_out_reg[0]/C (clocked by clk) and u_bp/btb_tag_reg[18][4]/CE (clocked by clk). Large setup violations at the end of those stages might be difficult to fix during the post-placement implementation flow and could be the result of non-optimal XDC constraints or non-optimal design architecture
Related violations: <none>

TIMING-16#96 Warning
Large setup violation  
There is a large setup violation of -1.817 ns between u_ex1_ex2/fwd_rs1_out_reg[0]/C (clocked by clk) and u_bp/btb_tag_reg[18][5]/CE (clocked by clk). Large setup violations at the end of those stages might be difficult to fix during the post-placement implementation flow and could be the result of non-optimal XDC constraints or non-optimal design architecture
Related violations: <none>

TIMING-16#97 Warning
Large setup violation  
There is a large setup violation of -1.817 ns between u_ex1_ex2/fwd_rs1_out_reg[0]/C (clocked by clk) and u_bp/btb_tag_reg[18][6]/CE (clocked by clk). Large setup violations at the end of those stages might be difficult to fix during the post-placement implementation flow and could be the result of non-optimal XDC constraints or non-optimal design architecture
Related violations: <none>

TIMING-16#98 Warning
Large setup violation  
There is a large setup violation of -1.817 ns between u_ex1_ex2/fwd_rs1_out_reg[0]/C (clocked by clk) and u_bp/btb_tag_reg[18][7]/CE (clocked by clk). Large setup violations at the end of those stages might be difficult to fix during the post-placement implementation flow and could be the result of non-optimal XDC constraints or non-optimal design architecture
Related violations: <none>

TIMING-16#99 Warning
Large setup violation  
There is a large setup violation of -1.817 ns between u_ex1_ex2/fwd_rs1_out_reg[0]/C (clocked by clk) and u_bp/btb_tag_reg[18][8]/CE (clocked by clk). Large setup violations at the end of those stages might be difficult to fix during the post-placement implementation flow and could be the result of non-optimal XDC constraints or non-optimal design architecture
Related violations: <none>

TIMING-16#100 Warning
Large setup violation  
There is a large setup violation of -1.817 ns between u_ex1_ex2/fwd_rs1_out_reg[0]/C (clocked by clk) and u_bp/btb_tag_reg[18][9]/CE (clocked by clk). Large setup violations at the end of those stages might be difficult to fix during the post-placement implementation flow and could be the result of non-optimal XDC constraints or non-optimal design architecture
Related violations: <none>

TIMING-16#101 Warning
Large setup violation  
There is a large setup violation of -1.817 ns between u_ex1_ex2/fwd_rs1_out_reg[0]/C (clocked by clk) and u_bp/btb_tag_reg[30][0]/CE (clocked by clk). Large setup violations at the end of those stages might be difficult to fix during the post-placement implementation flow and could be the result of non-optimal XDC constraints or non-optimal design architecture
Related violations: <none>

TIMING-16#102 Warning
Large setup violation  
There is a large setup violation of -1.817 ns between u_ex1_ex2/fwd_rs1_out_reg[0]/C (clocked by clk) and u_bp/btb_tag_reg[30][10]/CE (clocked by clk). Large setup violations at the end of those stages might be difficult to fix during the post-placement implementation flow and could be the result of non-optimal XDC constraints or non-optimal design architecture
Related violations: <none>

TIMING-16#103 Warning
Large setup violation  
There is a large setup violation of -1.817 ns between u_ex1_ex2/fwd_rs1_out_reg[0]/C (clocked by clk) and u_bp/btb_tag_reg[30][11]/CE (clocked by clk). Large setup violations at the end of those stages might be difficult to fix during the post-placement implementation flow and could be the result of non-optimal XDC constraints or non-optimal design architecture
Related violations: <none>

TIMING-16#104 Warning
Large setup violation  
There is a large setup violation of -1.817 ns between u_ex1_ex2/fwd_rs1_out_reg[0]/C (clocked by clk) and u_bp/btb_tag_reg[30][12]/CE (clocked by clk). Large setup violations at the end of those stages might be difficult to fix during the post-placement implementation flow and could be the result of non-optimal XDC constraints or non-optimal design architecture
Related violations: <none>

TIMING-16#105 Warning
Large setup violation  
There is a large setup violation of -1.817 ns between u_ex1_ex2/fwd_rs1_out_reg[0]/C (clocked by clk) and u_bp/btb_tag_reg[30][13]/CE (clocked by clk). Large setup violations at the end of those stages might be difficult to fix during the post-placement implementation flow and could be the result of non-optimal XDC constraints or non-optimal design architecture
Related violations: <none>

TIMING-16#106 Warning
Large setup violation  
There is a large setup violation of -1.817 ns between u_ex1_ex2/fwd_rs1_out_reg[0]/C (clocked by clk) and u_bp/btb_tag_reg[30][14]/CE (clocked by clk). Large setup violations at the end of those stages might be difficult to fix during the post-placement implementation flow and could be the result of non-optimal XDC constraints or non-optimal design architecture
Related violations: <none>

TIMING-16#107 Warning
Large setup violation  
There is a large setup violation of -1.817 ns between u_ex1_ex2/fwd_rs1_out_reg[0]/C (clocked by clk) and u_bp/btb_tag_reg[30][15]/CE (clocked by clk). Large setup violations at the end of those stages might be difficult to fix during the post-placement implementation flow and could be the result of non-optimal XDC constraints or non-optimal design architecture
Related violations: <none>

TIMING-16#108 Warning
Large setup violation  
There is a large setup violation of -1.817 ns between u_ex1_ex2/fwd_rs1_out_reg[0]/C (clocked by clk) and u_bp/btb_tag_reg[30][16]/CE (clocked by clk). Large setup violations at the end of those stages might be difficult to fix during the post-placement implementation flow and could be the result of non-optimal XDC constraints or non-optimal design architecture
Related violations: <none>

TIMING-16#109 Warning
Large setup violation  
There is a large setup violation of -1.817 ns between u_ex1_ex2/fwd_rs1_out_reg[0]/C (clocked by clk) and u_bp/btb_tag_reg[30][17]/CE (clocked by clk). Large setup violations at the end of those stages might be difficult to fix during the post-placement implementation flow and could be the result of non-optimal XDC constraints or non-optimal design architecture
Related violations: <none>

TIMING-16#110 Warning
Large setup violation  
There is a large setup violation of -1.817 ns between u_ex1_ex2/fwd_rs1_out_reg[0]/C (clocked by clk) and u_bp/btb_tag_reg[30][18]/CE (clocked by clk). Large setup violations at the end of those stages might be difficult to fix during the post-placement implementation flow and could be the result of non-optimal XDC constraints or non-optimal design architecture
Related violations: <none>

TIMING-16#111 Warning
Large setup violation  
There is a large setup violation of -1.817 ns between u_ex1_ex2/fwd_rs1_out_reg[0]/C (clocked by clk) and u_bp/btb_tag_reg[30][19]/CE (clocked by clk). Large setup violations at the end of those stages might be difficult to fix during the post-placement implementation flow and could be the result of non-optimal XDC constraints or non-optimal design architecture
Related violations: <none>

TIMING-16#112 Warning
Large setup violation  
There is a large setup violation of -1.817 ns between u_ex1_ex2/fwd_rs1_out_reg[0]/C (clocked by clk) and u_bp/btb_tag_reg[30][1]/CE (clocked by clk). Large setup violations at the end of those stages might be difficult to fix during the post-placement implementation flow and could be the result of non-optimal XDC constraints or non-optimal design architecture
Related violations: <none>

TIMING-16#113 Warning
Large setup violation  
There is a large setup violation of -1.817 ns between u_ex1_ex2/fwd_rs1_out_reg[0]/C (clocked by clk) and u_bp/btb_tag_reg[30][20]/CE (clocked by clk). Large setup violations at the end of those stages might be difficult to fix during the post-placement implementation flow and could be the result of non-optimal XDC constraints or non-optimal design architecture
Related violations: <none>

TIMING-16#114 Warning
Large setup violation  
There is a large setup violation of -1.817 ns between u_ex1_ex2/fwd_rs1_out_reg[0]/C (clocked by clk) and u_bp/btb_tag_reg[30][21]/CE (clocked by clk). Large setup violations at the end of those stages might be difficult to fix during the post-placement implementation flow and could be the result of non-optimal XDC constraints or non-optimal design architecture
Related violations: <none>

TIMING-16#115 Warning
Large setup violation  
There is a large setup violation of -1.817 ns between u_ex1_ex2/fwd_rs1_out_reg[0]/C (clocked by clk) and u_bp/btb_tag_reg[30][22]/CE (clocked by clk). Large setup violations at the end of those stages might be difficult to fix during the post-placement implementation flow and could be the result of non-optimal XDC constraints or non-optimal design architecture
Related violations: <none>

TIMING-16#116 Warning
Large setup violation  
There is a large setup violation of -1.817 ns between u_ex1_ex2/fwd_rs1_out_reg[0]/C (clocked by clk) and u_bp/btb_tag_reg[30][23]/CE (clocked by clk). Large setup violations at the end of those stages might be difficult to fix during the post-placement implementation flow and could be the result of non-optimal XDC constraints or non-optimal design architecture
Related violations: <none>

TIMING-16#117 Warning
Large setup violation  
There is a large setup violation of -1.817 ns between u_ex1_ex2/fwd_rs1_out_reg[0]/C (clocked by clk) and u_bp/btb_tag_reg[30][24]/CE (clocked by clk). Large setup violations at the end of those stages might be difficult to fix during the post-placement implementation flow and could be the result of non-optimal XDC constraints or non-optimal design architecture
Related violations: <none>

TIMING-16#118 Warning
Large setup violation  
There is a large setup violation of -1.817 ns between u_ex1_ex2/fwd_rs1_out_reg[0]/C (clocked by clk) and u_bp/btb_tag_reg[30][2]/CE (clocked by clk). Large setup violations at the end of those stages might be difficult to fix during the post-placement implementation flow and could be the result of non-optimal XDC constraints or non-optimal design architecture
Related violations: <none>

TIMING-16#119 Warning
Large setup violation  
There is a large setup violation of -1.817 ns between u_ex1_ex2/fwd_rs1_out_reg[0]/C (clocked by clk) and u_bp/btb_tag_reg[30][3]/CE (clocked by clk). Large setup violations at the end of those stages might be difficult to fix during the post-placement implementation flow and could be the result of non-optimal XDC constraints or non-optimal design architecture
Related violations: <none>

TIMING-16#120 Warning
Large setup violation  
There is a large setup violation of -1.817 ns between u_ex1_ex2/fwd_rs1_out_reg[0]/C (clocked by clk) and u_bp/btb_tag_reg[30][4]/CE (clocked by clk). Large setup violations at the end of those stages might be difficult to fix during the post-placement implementation flow and could be the result of non-optimal XDC constraints or non-optimal design architecture
Related violations: <none>

TIMING-16#121 Warning
Large setup violation  
There is a large setup violation of -1.817 ns between u_ex1_ex2/fwd_rs1_out_reg[0]/C (clocked by clk) and u_bp/btb_tag_reg[30][5]/CE (clocked by clk). Large setup violations at the end of those stages might be difficult to fix during the post-placement implementation flow and could be the result of non-optimal XDC constraints or non-optimal design architecture
Related violations: <none>

TIMING-16#122 Warning
Large setup violation  
There is a large setup violation of -1.817 ns between u_ex1_ex2/fwd_rs1_out_reg[0]/C (clocked by clk) and u_bp/btb_tag_reg[30][6]/CE (clocked by clk). Large setup violations at the end of those stages might be difficult to fix during the post-placement implementation flow and could be the result of non-optimal XDC constraints or non-optimal design architecture
Related violations: <none>

TIMING-16#123 Warning
Large setup violation  
There is a large setup violation of -1.817 ns between u_ex1_ex2/fwd_rs1_out_reg[0]/C (clocked by clk) and u_bp/btb_tag_reg[30][7]/CE (clocked by clk). Large setup violations at the end of those stages might be difficult to fix during the post-placement implementation flow and could be the result of non-optimal XDC constraints or non-optimal design architecture
Related violations: <none>

TIMING-16#124 Warning
Large setup violation  
There is a large setup violation of -1.817 ns between u_ex1_ex2/fwd_rs1_out_reg[0]/C (clocked by clk) and u_bp/btb_tag_reg[30][8]/CE (clocked by clk). Large setup violations at the end of those stages might be difficult to fix during the post-placement implementation flow and could be the result of non-optimal XDC constraints or non-optimal design architecture
Related violations: <none>

TIMING-16#125 Warning
Large setup violation  
There is a large setup violation of -1.817 ns between u_ex1_ex2/fwd_rs1_out_reg[0]/C (clocked by clk) and u_bp/btb_tag_reg[30][9]/CE (clocked by clk). Large setup violations at the end of those stages might be difficult to fix during the post-placement implementation flow and could be the result of non-optimal XDC constraints or non-optimal design architecture
Related violations: <none>

TIMING-16#126 Warning
Large setup violation  
There is a large setup violation of -1.817 ns between u_ex1_ex2/fwd_rs1_out_reg[0]/C (clocked by clk) and u_bp/btb_tag_reg[4][0]/CE (clocked by clk). Large setup violations at the end of those stages might be difficult to fix during the post-placement implementation flow and could be the result of non-optimal XDC constraints or non-optimal design architecture
Related violations: <none>

TIMING-16#127 Warning
Large setup violation  
There is a large setup violation of -1.817 ns between u_ex1_ex2/fwd_rs1_out_reg[0]/C (clocked by clk) and u_bp/btb_tag_reg[4][10]/CE (clocked by clk). Large setup violations at the end of those stages might be difficult to fix during the post-placement implementation flow and could be the result of non-optimal XDC constraints or non-optimal design architecture
Related violations: <none>

TIMING-16#128 Warning
Large setup violation  
There is a large setup violation of -1.817 ns between u_ex1_ex2/fwd_rs1_out_reg[0]/C (clocked by clk) and u_bp/btb_tag_reg[4][11]/CE (clocked by clk). Large setup violations at the end of those stages might be difficult to fix during the post-placement implementation flow and could be the result of non-optimal XDC constraints or non-optimal design architecture
Related violations: <none>

TIMING-16#129 Warning
Large setup violation  
There is a large setup violation of -1.817 ns between u_ex1_ex2/fwd_rs1_out_reg[0]/C (clocked by clk) and u_bp/btb_tag_reg[4][12]/CE (clocked by clk). Large setup violations at the end of those stages might be difficult to fix during the post-placement implementation flow and could be the result of non-optimal XDC constraints or non-optimal design architecture
Related violations: <none>

TIMING-16#130 Warning
Large setup violation  
There is a large setup violation of -1.817 ns between u_ex1_ex2/fwd_rs1_out_reg[0]/C (clocked by clk) and u_bp/btb_tag_reg[4][13]/CE (clocked by clk). Large setup violations at the end of those stages might be difficult to fix during the post-placement implementation flow and could be the result of non-optimal XDC constraints or non-optimal design architecture
Related violations: <none>

TIMING-16#131 Warning
Large setup violation  
There is a large setup violation of -1.817 ns between u_ex1_ex2/fwd_rs1_out_reg[0]/C (clocked by clk) and u_bp/btb_tag_reg[4][14]/CE (clocked by clk). Large setup violations at the end of those stages might be difficult to fix during the post-placement implementation flow and could be the result of non-optimal XDC constraints or non-optimal design architecture
Related violations: <none>

TIMING-16#132 Warning
Large setup violation  
There is a large setup violation of -1.817 ns between u_ex1_ex2/fwd_rs1_out_reg[0]/C (clocked by clk) and u_bp/btb_tag_reg[4][15]/CE (clocked by clk). Large setup violations at the end of those stages might be difficult to fix during the post-placement implementation flow and could be the result of non-optimal XDC constraints or non-optimal design architecture
Related violations: <none>

TIMING-16#133 Warning
Large setup violation  
There is a large setup violation of -1.817 ns between u_ex1_ex2/fwd_rs1_out_reg[0]/C (clocked by clk) and u_bp/btb_tag_reg[4][16]/CE (clocked by clk). Large setup violations at the end of those stages might be difficult to fix during the post-placement implementation flow and could be the result of non-optimal XDC constraints or non-optimal design architecture
Related violations: <none>

TIMING-16#134 Warning
Large setup violation  
There is a large setup violation of -1.817 ns between u_ex1_ex2/fwd_rs1_out_reg[0]/C (clocked by clk) and u_bp/btb_tag_reg[4][17]/CE (clocked by clk). Large setup violations at the end of those stages might be difficult to fix during the post-placement implementation flow and could be the result of non-optimal XDC constraints or non-optimal design architecture
Related violations: <none>

TIMING-16#135 Warning
Large setup violation  
There is a large setup violation of -1.817 ns between u_ex1_ex2/fwd_rs1_out_reg[0]/C (clocked by clk) and u_bp/btb_tag_reg[4][18]/CE (clocked by clk). Large setup violations at the end of those stages might be difficult to fix during the post-placement implementation flow and could be the result of non-optimal XDC constraints or non-optimal design architecture
Related violations: <none>

TIMING-16#136 Warning
Large setup violation  
There is a large setup violation of -1.817 ns between u_ex1_ex2/fwd_rs1_out_reg[0]/C (clocked by clk) and u_bp/btb_tag_reg[4][19]/CE (clocked by clk). Large setup violations at the end of those stages might be difficult to fix during the post-placement implementation flow and could be the result of non-optimal XDC constraints or non-optimal design architecture
Related violations: <none>

TIMING-16#137 Warning
Large setup violation  
There is a large setup violation of -1.817 ns between u_ex1_ex2/fwd_rs1_out_reg[0]/C (clocked by clk) and u_bp/btb_tag_reg[4][1]/CE (clocked by clk). Large setup violations at the end of those stages might be difficult to fix during the post-placement implementation flow and could be the result of non-optimal XDC constraints or non-optimal design architecture
Related violations: <none>

TIMING-16#138 Warning
Large setup violation  
There is a large setup violation of -1.817 ns between u_ex1_ex2/fwd_rs1_out_reg[0]/C (clocked by clk) and u_bp/btb_tag_reg[4][20]/CE (clocked by clk). Large setup violations at the end of those stages might be difficult to fix during the post-placement implementation flow and could be the result of non-optimal XDC constraints or non-optimal design architecture
Related violations: <none>

TIMING-16#139 Warning
Large setup violation  
There is a large setup violation of -1.817 ns between u_ex1_ex2/fwd_rs1_out_reg[0]/C (clocked by clk) and u_bp/btb_tag_reg[4][21]/CE (clocked by clk). Large setup violations at the end of those stages might be difficult to fix during the post-placement implementation flow and could be the result of non-optimal XDC constraints or non-optimal design architecture
Related violations: <none>

TIMING-16#140 Warning
Large setup violation  
There is a large setup violation of -1.817 ns between u_ex1_ex2/fwd_rs1_out_reg[0]/C (clocked by clk) and u_bp/btb_tag_reg[4][22]/CE (clocked by clk). Large setup violations at the end of those stages might be difficult to fix during the post-placement implementation flow and could be the result of non-optimal XDC constraints or non-optimal design architecture
Related violations: <none>

TIMING-16#141 Warning
Large setup violation  
There is a large setup violation of -1.817 ns between u_ex1_ex2/fwd_rs1_out_reg[0]/C (clocked by clk) and u_bp/btb_tag_reg[4][23]/CE (clocked by clk). Large setup violations at the end of those stages might be difficult to fix during the post-placement implementation flow and could be the result of non-optimal XDC constraints or non-optimal design architecture
Related violations: <none>

TIMING-16#142 Warning
Large setup violation  
There is a large setup violation of -1.817 ns between u_ex1_ex2/fwd_rs1_out_reg[0]/C (clocked by clk) and u_bp/btb_tag_reg[4][24]/CE (clocked by clk). Large setup violations at the end of those stages might be difficult to fix during the post-placement implementation flow and could be the result of non-optimal XDC constraints or non-optimal design architecture
Related violations: <none>

TIMING-16#143 Warning
Large setup violation  
There is a large setup violation of -1.817 ns between u_ex1_ex2/fwd_rs1_out_reg[0]/C (clocked by clk) and u_bp/btb_tag_reg[4][2]/CE (clocked by clk). Large setup violations at the end of those stages might be difficult to fix during the post-placement implementation flow and could be the result of non-optimal XDC constraints or non-optimal design architecture
Related violations: <none>

TIMING-16#144 Warning
Large setup violation  
There is a large setup violation of -1.817 ns between u_ex1_ex2/fwd_rs1_out_reg[0]/C (clocked by clk) and u_bp/btb_tag_reg[4][3]/CE (clocked by clk). Large setup violations at the end of those stages might be difficult to fix during the post-placement implementation flow and could be the result of non-optimal XDC constraints or non-optimal design architecture
Related violations: <none>

TIMING-16#145 Warning
Large setup violation  
There is a large setup violation of -1.817 ns between u_ex1_ex2/fwd_rs1_out_reg[0]/C (clocked by clk) and u_bp/btb_tag_reg[4][4]/CE (clocked by clk). Large setup violations at the end of those stages might be difficult to fix during the post-placement implementation flow and could be the result of non-optimal XDC constraints or non-optimal design architecture
Related violations: <none>

TIMING-16#146 Warning
Large setup violation  
There is a large setup violation of -1.817 ns between u_ex1_ex2/fwd_rs1_out_reg[0]/C (clocked by clk) and u_bp/btb_tag_reg[4][5]/CE (clocked by clk). Large setup violations at the end of those stages might be difficult to fix during the post-placement implementation flow and could be the result of non-optimal XDC constraints or non-optimal design architecture
Related violations: <none>

TIMING-16#147 Warning
Large setup violation  
There is a large setup violation of -1.817 ns between u_ex1_ex2/fwd_rs1_out_reg[0]/C (clocked by clk) and u_bp/btb_tag_reg[4][6]/CE (clocked by clk). Large setup violations at the end of those stages might be difficult to fix during the post-placement implementation flow and could be the result of non-optimal XDC constraints or non-optimal design architecture
Related violations: <none>

TIMING-16#148 Warning
Large setup violation  
There is a large setup violation of -1.817 ns between u_ex1_ex2/fwd_rs1_out_reg[0]/C (clocked by clk) and u_bp/btb_tag_reg[4][7]/CE (clocked by clk). Large setup violations at the end of those stages might be difficult to fix during the post-placement implementation flow and could be the result of non-optimal XDC constraints or non-optimal design architecture
Related violations: <none>

TIMING-16#149 Warning
Large setup violation  
There is a large setup violation of -1.817 ns between u_ex1_ex2/fwd_rs1_out_reg[0]/C (clocked by clk) and u_bp/btb_tag_reg[4][8]/CE (clocked by clk). Large setup violations at the end of those stages might be difficult to fix during the post-placement implementation flow and could be the result of non-optimal XDC constraints or non-optimal design architecture
Related violations: <none>

TIMING-16#150 Warning
Large setup violation  
There is a large setup violation of -1.817 ns between u_ex1_ex2/fwd_rs1_out_reg[0]/C (clocked by clk) and u_bp/btb_tag_reg[4][9]/CE (clocked by clk). Large setup violations at the end of those stages might be difficult to fix during the post-placement implementation flow and could be the result of non-optimal XDC constraints or non-optimal design architecture
Related violations: <none>

TIMING-16#151 Warning
Large setup violation  
There is a large setup violation of -1.817 ns between u_ex1_ex2/fwd_rs1_out_reg[0]/C (clocked by clk) and u_bp/btb_target_reg[12][0]/CE (clocked by clk). Large setup violations at the end of those stages might be difficult to fix during the post-placement implementation flow and could be the result of non-optimal XDC constraints or non-optimal design architecture
Related violations: <none>

TIMING-16#152 Warning
Large setup violation  
There is a large setup violation of -1.817 ns between u_ex1_ex2/fwd_rs1_out_reg[0]/C (clocked by clk) and u_bp/btb_target_reg[12][10]/CE (clocked by clk). Large setup violations at the end of those stages might be difficult to fix during the post-placement implementation flow and could be the result of non-optimal XDC constraints or non-optimal design architecture
Related violations: <none>

TIMING-16#153 Warning
Large setup violation  
There is a large setup violation of -1.817 ns between u_ex1_ex2/fwd_rs1_out_reg[0]/C (clocked by clk) and u_bp/btb_target_reg[12][11]/CE (clocked by clk). Large setup violations at the end of those stages might be difficult to fix during the post-placement implementation flow and could be the result of non-optimal XDC constraints or non-optimal design architecture
Related violations: <none>

TIMING-16#154 Warning
Large setup violation  
There is a large setup violation of -1.817 ns between u_ex1_ex2/fwd_rs1_out_reg[0]/C (clocked by clk) and u_bp/btb_target_reg[12][12]/CE (clocked by clk). Large setup violations at the end of those stages might be difficult to fix during the post-placement implementation flow and could be the result of non-optimal XDC constraints or non-optimal design architecture
Related violations: <none>

TIMING-16#155 Warning
Large setup violation  
There is a large setup violation of -1.817 ns between u_ex1_ex2/fwd_rs1_out_reg[0]/C (clocked by clk) and u_bp/btb_target_reg[12][13]/CE (clocked by clk). Large setup violations at the end of those stages might be difficult to fix during the post-placement implementation flow and could be the result of non-optimal XDC constraints or non-optimal design architecture
Related violations: <none>

TIMING-16#156 Warning
Large setup violation  
There is a large setup violation of -1.817 ns between u_ex1_ex2/fwd_rs1_out_reg[0]/C (clocked by clk) and u_bp/btb_target_reg[12][14]/CE (clocked by clk). Large setup violations at the end of those stages might be difficult to fix during the post-placement implementation flow and could be the result of non-optimal XDC constraints or non-optimal design architecture
Related violations: <none>

TIMING-16#157 Warning
Large setup violation  
There is a large setup violation of -1.817 ns between u_ex1_ex2/fwd_rs1_out_reg[0]/C (clocked by clk) and u_bp/btb_target_reg[12][15]/CE (clocked by clk). Large setup violations at the end of those stages might be difficult to fix during the post-placement implementation flow and could be the result of non-optimal XDC constraints or non-optimal design architecture
Related violations: <none>

TIMING-16#158 Warning
Large setup violation  
There is a large setup violation of -1.817 ns between u_ex1_ex2/fwd_rs1_out_reg[0]/C (clocked by clk) and u_bp/btb_target_reg[12][16]/CE (clocked by clk). Large setup violations at the end of those stages might be difficult to fix during the post-placement implementation flow and could be the result of non-optimal XDC constraints or non-optimal design architecture
Related violations: <none>

TIMING-16#159 Warning
Large setup violation  
There is a large setup violation of -1.817 ns between u_ex1_ex2/fwd_rs1_out_reg[0]/C (clocked by clk) and u_bp/btb_target_reg[12][17]/CE (clocked by clk). Large setup violations at the end of those stages might be difficult to fix during the post-placement implementation flow and could be the result of non-optimal XDC constraints or non-optimal design architecture
Related violations: <none>

TIMING-16#160 Warning
Large setup violation  
There is a large setup violation of -1.817 ns between u_ex1_ex2/fwd_rs1_out_reg[0]/C (clocked by clk) and u_bp/btb_target_reg[12][18]/CE (clocked by clk). Large setup violations at the end of those stages might be difficult to fix during the post-placement implementation flow and could be the result of non-optimal XDC constraints or non-optimal design architecture
Related violations: <none>

TIMING-16#161 Warning
Large setup violation  
There is a large setup violation of -1.817 ns between u_ex1_ex2/fwd_rs1_out_reg[0]/C (clocked by clk) and u_bp/btb_target_reg[12][19]/CE (clocked by clk). Large setup violations at the end of those stages might be difficult to fix during the post-placement implementation flow and could be the result of non-optimal XDC constraints or non-optimal design architecture
Related violations: <none>

TIMING-16#162 Warning
Large setup violation  
There is a large setup violation of -1.817 ns between u_ex1_ex2/fwd_rs1_out_reg[0]/C (clocked by clk) and u_bp/btb_target_reg[12][1]/CE (clocked by clk). Large setup violations at the end of those stages might be difficult to fix during the post-placement implementation flow and could be the result of non-optimal XDC constraints or non-optimal design architecture
Related violations: <none>

TIMING-16#163 Warning
Large setup violation  
There is a large setup violation of -1.817 ns between u_ex1_ex2/fwd_rs1_out_reg[0]/C (clocked by clk) and u_bp/btb_target_reg[12][20]/CE (clocked by clk). Large setup violations at the end of those stages might be difficult to fix during the post-placement implementation flow and could be the result of non-optimal XDC constraints or non-optimal design architecture
Related violations: <none>

TIMING-16#164 Warning
Large setup violation  
There is a large setup violation of -1.817 ns between u_ex1_ex2/fwd_rs1_out_reg[0]/C (clocked by clk) and u_bp/btb_target_reg[12][21]/CE (clocked by clk). Large setup violations at the end of those stages might be difficult to fix during the post-placement implementation flow and could be the result of non-optimal XDC constraints or non-optimal design architecture
Related violations: <none>

TIMING-16#165 Warning
Large setup violation  
There is a large setup violation of -1.817 ns between u_ex1_ex2/fwd_rs1_out_reg[0]/C (clocked by clk) and u_bp/btb_target_reg[12][22]/CE (clocked by clk). Large setup violations at the end of those stages might be difficult to fix during the post-placement implementation flow and could be the result of non-optimal XDC constraints or non-optimal design architecture
Related violations: <none>

TIMING-16#166 Warning
Large setup violation  
There is a large setup violation of -1.817 ns between u_ex1_ex2/fwd_rs1_out_reg[0]/C (clocked by clk) and u_bp/btb_target_reg[12][23]/CE (clocked by clk). Large setup violations at the end of those stages might be difficult to fix during the post-placement implementation flow and could be the result of non-optimal XDC constraints or non-optimal design architecture
Related violations: <none>

TIMING-16#167 Warning
Large setup violation  
There is a large setup violation of -1.817 ns between u_ex1_ex2/fwd_rs1_out_reg[0]/C (clocked by clk) and u_bp/btb_target_reg[12][24]/CE (clocked by clk). Large setup violations at the end of those stages might be difficult to fix during the post-placement implementation flow and could be the result of non-optimal XDC constraints or non-optimal design architecture
Related violations: <none>

TIMING-16#168 Warning
Large setup violation  
There is a large setup violation of -1.817 ns between u_ex1_ex2/fwd_rs1_out_reg[0]/C (clocked by clk) and u_bp/btb_target_reg[12][25]/CE (clocked by clk). Large setup violations at the end of those stages might be difficult to fix during the post-placement implementation flow and could be the result of non-optimal XDC constraints or non-optimal design architecture
Related violations: <none>

TIMING-16#169 Warning
Large setup violation  
There is a large setup violation of -1.817 ns between u_ex1_ex2/fwd_rs1_out_reg[0]/C (clocked by clk) and u_bp/btb_target_reg[12][26]/CE (clocked by clk). Large setup violations at the end of those stages might be difficult to fix during the post-placement implementation flow and could be the result of non-optimal XDC constraints or non-optimal design architecture
Related violations: <none>

TIMING-16#170 Warning
Large setup violation  
There is a large setup violation of -1.817 ns between u_ex1_ex2/fwd_rs1_out_reg[0]/C (clocked by clk) and u_bp/btb_target_reg[12][27]/CE (clocked by clk). Large setup violations at the end of those stages might be difficult to fix during the post-placement implementation flow and could be the result of non-optimal XDC constraints or non-optimal design architecture
Related violations: <none>

TIMING-16#171 Warning
Large setup violation  
There is a large setup violation of -1.817 ns between u_ex1_ex2/fwd_rs1_out_reg[0]/C (clocked by clk) and u_bp/btb_target_reg[12][28]/CE (clocked by clk). Large setup violations at the end of those stages might be difficult to fix during the post-placement implementation flow and could be the result of non-optimal XDC constraints or non-optimal design architecture
Related violations: <none>

TIMING-16#172 Warning
Large setup violation  
There is a large setup violation of -1.817 ns between u_ex1_ex2/fwd_rs1_out_reg[0]/C (clocked by clk) and u_bp/btb_target_reg[12][29]/CE (clocked by clk). Large setup violations at the end of those stages might be difficult to fix during the post-placement implementation flow and could be the result of non-optimal XDC constraints or non-optimal design architecture
Related violations: <none>

TIMING-16#173 Warning
Large setup violation  
There is a large setup violation of -1.817 ns between u_ex1_ex2/fwd_rs1_out_reg[0]/C (clocked by clk) and u_bp/btb_target_reg[12][2]/CE (clocked by clk). Large setup violations at the end of those stages might be difficult to fix during the post-placement implementation flow and could be the result of non-optimal XDC constraints or non-optimal design architecture
Related violations: <none>

TIMING-16#174 Warning
Large setup violation  
There is a large setup violation of -1.817 ns between u_ex1_ex2/fwd_rs1_out_reg[0]/C (clocked by clk) and u_bp/btb_target_reg[12][30]/CE (clocked by clk). Large setup violations at the end of those stages might be difficult to fix during the post-placement implementation flow and could be the result of non-optimal XDC constraints or non-optimal design architecture
Related violations: <none>

TIMING-16#175 Warning
Large setup violation  
There is a large setup violation of -1.817 ns between u_ex1_ex2/fwd_rs1_out_reg[0]/C (clocked by clk) and u_bp/btb_target_reg[12][31]/CE (clocked by clk). Large setup violations at the end of those stages might be difficult to fix during the post-placement implementation flow and could be the result of non-optimal XDC constraints or non-optimal design architecture
Related violations: <none>

TIMING-16#176 Warning
Large setup violation  
There is a large setup violation of -1.817 ns between u_ex1_ex2/fwd_rs1_out_reg[0]/C (clocked by clk) and u_bp/btb_target_reg[12][3]/CE (clocked by clk). Large setup violations at the end of those stages might be difficult to fix during the post-placement implementation flow and could be the result of non-optimal XDC constraints or non-optimal design architecture
Related violations: <none>

TIMING-16#177 Warning
Large setup violation  
There is a large setup violation of -1.817 ns between u_ex1_ex2/fwd_rs1_out_reg[0]/C (clocked by clk) and u_bp/btb_target_reg[12][4]/CE (clocked by clk). Large setup violations at the end of those stages might be difficult to fix during the post-placement implementation flow and could be the result of non-optimal XDC constraints or non-optimal design architecture
Related violations: <none>

TIMING-16#178 Warning
Large setup violation  
There is a large setup violation of -1.817 ns between u_ex1_ex2/fwd_rs1_out_reg[0]/C (clocked by clk) and u_bp/btb_target_reg[12][5]/CE (clocked by clk). Large setup violations at the end of those stages might be difficult to fix during the post-placement implementation flow and could be the result of non-optimal XDC constraints or non-optimal design architecture
Related violations: <none>

TIMING-16#179 Warning
Large setup violation  
There is a large setup violation of -1.817 ns between u_ex1_ex2/fwd_rs1_out_reg[0]/C (clocked by clk) and u_bp/btb_target_reg[12][6]/CE (clocked by clk). Large setup violations at the end of those stages might be difficult to fix during the post-placement implementation flow and could be the result of non-optimal XDC constraints or non-optimal design architecture
Related violations: <none>

TIMING-16#180 Warning
Large setup violation  
There is a large setup violation of -1.817 ns between u_ex1_ex2/fwd_rs1_out_reg[0]/C (clocked by clk) and u_bp/btb_target_reg[12][7]/CE (clocked by clk). Large setup violations at the end of those stages might be difficult to fix during the post-placement implementation flow and could be the result of non-optimal XDC constraints or non-optimal design architecture
Related violations: <none>

TIMING-16#181 Warning
Large setup violation  
There is a large setup violation of -1.817 ns between u_ex1_ex2/fwd_rs1_out_reg[0]/C (clocked by clk) and u_bp/btb_target_reg[12][8]/CE (clocked by clk). Large setup violations at the end of those stages might be difficult to fix during the post-placement implementation flow and could be the result of non-optimal XDC constraints or non-optimal design architecture
Related violations: <none>

TIMING-16#182 Warning
Large setup violation  
There is a large setup violation of -1.817 ns between u_ex1_ex2/fwd_rs1_out_reg[0]/C (clocked by clk) and u_bp/btb_target_reg[12][9]/CE (clocked by clk). Large setup violations at the end of those stages might be difficult to fix during the post-placement implementation flow and could be the result of non-optimal XDC constraints or non-optimal design architecture
Related violations: <none>

TIMING-16#183 Warning
Large setup violation  
There is a large setup violation of -1.823 ns between u_ex1_ex2/fwd_rs1_out_reg[0]/C (clocked by clk) and u_bp/btb_tag_reg[7][0]/CE (clocked by clk). Large setup violations at the end of those stages might be difficult to fix during the post-placement implementation flow and could be the result of non-optimal XDC constraints or non-optimal design architecture
Related violations: <none>

TIMING-16#184 Warning
Large setup violation  
There is a large setup violation of -1.823 ns between u_ex1_ex2/fwd_rs1_out_reg[0]/C (clocked by clk) and u_bp/btb_tag_reg[7][10]/CE (clocked by clk). Large setup violations at the end of those stages might be difficult to fix during the post-placement implementation flow and could be the result of non-optimal XDC constraints or non-optimal design architecture
Related violations: <none>

TIMING-16#185 Warning
Large setup violation  
There is a large setup violation of -1.823 ns between u_ex1_ex2/fwd_rs1_out_reg[0]/C (clocked by clk) and u_bp/btb_tag_reg[7][11]/CE (clocked by clk). Large setup violations at the end of those stages might be difficult to fix during the post-placement implementation flow and could be the result of non-optimal XDC constraints or non-optimal design architecture
Related violations: <none>

TIMING-16#186 Warning
Large setup violation  
There is a large setup violation of -1.823 ns between u_ex1_ex2/fwd_rs1_out_reg[0]/C (clocked by clk) and u_bp/btb_tag_reg[7][12]/CE (clocked by clk). Large setup violations at the end of those stages might be difficult to fix during the post-placement implementation flow and could be the result of non-optimal XDC constraints or non-optimal design architecture
Related violations: <none>

TIMING-16#187 Warning
Large setup violation  
There is a large setup violation of -1.823 ns between u_ex1_ex2/fwd_rs1_out_reg[0]/C (clocked by clk) and u_bp/btb_tag_reg[7][13]/CE (clocked by clk). Large setup violations at the end of those stages might be difficult to fix during the post-placement implementation flow and could be the result of non-optimal XDC constraints or non-optimal design architecture
Related violations: <none>

TIMING-16#188 Warning
Large setup violation  
There is a large setup violation of -1.823 ns between u_ex1_ex2/fwd_rs1_out_reg[0]/C (clocked by clk) and u_bp/btb_tag_reg[7][14]/CE (clocked by clk). Large setup violations at the end of those stages might be difficult to fix during the post-placement implementation flow and could be the result of non-optimal XDC constraints or non-optimal design architecture
Related violations: <none>

TIMING-16#189 Warning
Large setup violation  
There is a large setup violation of -1.823 ns between u_ex1_ex2/fwd_rs1_out_reg[0]/C (clocked by clk) and u_bp/btb_tag_reg[7][15]/CE (clocked by clk). Large setup violations at the end of those stages might be difficult to fix during the post-placement implementation flow and could be the result of non-optimal XDC constraints or non-optimal design architecture
Related violations: <none>

TIMING-16#190 Warning
Large setup violation  
There is a large setup violation of -1.823 ns between u_ex1_ex2/fwd_rs1_out_reg[0]/C (clocked by clk) and u_bp/btb_tag_reg[7][16]/CE (clocked by clk). Large setup violations at the end of those stages might be difficult to fix during the post-placement implementation flow and could be the result of non-optimal XDC constraints or non-optimal design architecture
Related violations: <none>

TIMING-16#191 Warning
Large setup violation  
There is a large setup violation of -1.823 ns between u_ex1_ex2/fwd_rs1_out_reg[0]/C (clocked by clk) and u_bp/btb_tag_reg[7][17]/CE (clocked by clk). Large setup violations at the end of those stages might be difficult to fix during the post-placement implementation flow and could be the result of non-optimal XDC constraints or non-optimal design architecture
Related violations: <none>

TIMING-16#192 Warning
Large setup violation  
There is a large setup violation of -1.823 ns between u_ex1_ex2/fwd_rs1_out_reg[0]/C (clocked by clk) and u_bp/btb_tag_reg[7][18]/CE (clocked by clk). Large setup violations at the end of those stages might be difficult to fix during the post-placement implementation flow and could be the result of non-optimal XDC constraints or non-optimal design architecture
Related violations: <none>

TIMING-16#193 Warning
Large setup violation  
There is a large setup violation of -1.823 ns between u_ex1_ex2/fwd_rs1_out_reg[0]/C (clocked by clk) and u_bp/btb_tag_reg[7][19]/CE (clocked by clk). Large setup violations at the end of those stages might be difficult to fix during the post-placement implementation flow and could be the result of non-optimal XDC constraints or non-optimal design architecture
Related violations: <none>

TIMING-16#194 Warning
Large setup violation  
There is a large setup violation of -1.823 ns between u_ex1_ex2/fwd_rs1_out_reg[0]/C (clocked by clk) and u_bp/btb_tag_reg[7][1]/CE (clocked by clk). Large setup violations at the end of those stages might be difficult to fix during the post-placement implementation flow and could be the result of non-optimal XDC constraints or non-optimal design architecture
Related violations: <none>

TIMING-16#195 Warning
Large setup violation  
There is a large setup violation of -1.823 ns between u_ex1_ex2/fwd_rs1_out_reg[0]/C (clocked by clk) and u_bp/btb_tag_reg[7][20]/CE (clocked by clk). Large setup violations at the end of those stages might be difficult to fix during the post-placement implementation flow and could be the result of non-optimal XDC constraints or non-optimal design architecture
Related violations: <none>

TIMING-16#196 Warning
Large setup violation  
There is a large setup violation of -1.823 ns between u_ex1_ex2/fwd_rs1_out_reg[0]/C (clocked by clk) and u_bp/btb_tag_reg[7][21]/CE (clocked by clk). Large setup violations at the end of those stages might be difficult to fix during the post-placement implementation flow and could be the result of non-optimal XDC constraints or non-optimal design architecture
Related violations: <none>

TIMING-16#197 Warning
Large setup violation  
There is a large setup violation of -1.823 ns between u_ex1_ex2/fwd_rs1_out_reg[0]/C (clocked by clk) and u_bp/btb_tag_reg[7][22]/CE (clocked by clk). Large setup violations at the end of those stages might be difficult to fix during the post-placement implementation flow and could be the result of non-optimal XDC constraints or non-optimal design architecture
Related violations: <none>

TIMING-16#198 Warning
Large setup violation  
There is a large setup violation of -1.823 ns between u_ex1_ex2/fwd_rs1_out_reg[0]/C (clocked by clk) and u_bp/btb_tag_reg[7][23]/CE (clocked by clk). Large setup violations at the end of those stages might be difficult to fix during the post-placement implementation flow and could be the result of non-optimal XDC constraints or non-optimal design architecture
Related violations: <none>

TIMING-16#199 Warning
Large setup violation  
There is a large setup violation of -1.823 ns between u_ex1_ex2/fwd_rs1_out_reg[0]/C (clocked by clk) and u_bp/btb_tag_reg[7][24]/CE (clocked by clk). Large setup violations at the end of those stages might be difficult to fix during the post-placement implementation flow and could be the result of non-optimal XDC constraints or non-optimal design architecture
Related violations: <none>

TIMING-16#200 Warning
Large setup violation  
There is a large setup violation of -1.823 ns between u_ex1_ex2/fwd_rs1_out_reg[0]/C (clocked by clk) and u_bp/btb_tag_reg[7][2]/CE (clocked by clk). Large setup violations at the end of those stages might be difficult to fix during the post-placement implementation flow and could be the result of non-optimal XDC constraints or non-optimal design architecture
Related violations: <none>

TIMING-16#201 Warning
Large setup violation  
There is a large setup violation of -1.823 ns between u_ex1_ex2/fwd_rs1_out_reg[0]/C (clocked by clk) and u_bp/btb_tag_reg[7][3]/CE (clocked by clk). Large setup violations at the end of those stages might be difficult to fix during the post-placement implementation flow and could be the result of non-optimal XDC constraints or non-optimal design architecture
Related violations: <none>

TIMING-16#202 Warning
Large setup violation  
There is a large setup violation of -1.823 ns between u_ex1_ex2/fwd_rs1_out_reg[0]/C (clocked by clk) and u_bp/btb_tag_reg[7][4]/CE (clocked by clk). Large setup violations at the end of those stages might be difficult to fix during the post-placement implementation flow and could be the result of non-optimal XDC constraints or non-optimal design architecture
Related violations: <none>

TIMING-16#203 Warning
Large setup violation  
There is a large setup violation of -1.823 ns between u_ex1_ex2/fwd_rs1_out_reg[0]/C (clocked by clk) and u_bp/btb_tag_reg[7][5]/CE (clocked by clk). Large setup violations at the end of those stages might be difficult to fix during the post-placement implementation flow and could be the result of non-optimal XDC constraints or non-optimal design architecture
Related violations: <none>

TIMING-16#204 Warning
Large setup violation  
There is a large setup violation of -1.823 ns between u_ex1_ex2/fwd_rs1_out_reg[0]/C (clocked by clk) and u_bp/btb_tag_reg[7][6]/CE (clocked by clk). Large setup violations at the end of those stages might be difficult to fix during the post-placement implementation flow and could be the result of non-optimal XDC constraints or non-optimal design architecture
Related violations: <none>

TIMING-16#205 Warning
Large setup violation  
There is a large setup violation of -1.823 ns between u_ex1_ex2/fwd_rs1_out_reg[0]/C (clocked by clk) and u_bp/btb_tag_reg[7][7]/CE (clocked by clk). Large setup violations at the end of those stages might be difficult to fix during the post-placement implementation flow and could be the result of non-optimal XDC constraints or non-optimal design architecture
Related violations: <none>

TIMING-16#206 Warning
Large setup violation  
There is a large setup violation of -1.823 ns between u_ex1_ex2/fwd_rs1_out_reg[0]/C (clocked by clk) and u_bp/btb_tag_reg[7][8]/CE (clocked by clk). Large setup violations at the end of those stages might be difficult to fix during the post-placement implementation flow and could be the result of non-optimal XDC constraints or non-optimal design architecture
Related violations: <none>

TIMING-16#207 Warning
Large setup violation  
There is a large setup violation of -1.823 ns between u_ex1_ex2/fwd_rs1_out_reg[0]/C (clocked by clk) and u_bp/btb_tag_reg[7][9]/CE (clocked by clk). Large setup violations at the end of those stages might be difficult to fix during the post-placement implementation flow and could be the result of non-optimal XDC constraints or non-optimal design architecture
Related violations: <none>

TIMING-16#208 Warning
Large setup violation  
There is a large setup violation of -1.831 ns between u_ex1_ex2/fwd_rs1_out_reg[0]/C (clocked by clk) and u_bp/btb_tag_reg[14][0]/CE (clocked by clk). Large setup violations at the end of those stages might be difficult to fix during the post-placement implementation flow and could be the result of non-optimal XDC constraints or non-optimal design architecture
Related violations: <none>

TIMING-16#209 Warning
Large setup violation  
There is a large setup violation of -1.831 ns between u_ex1_ex2/fwd_rs1_out_reg[0]/C (clocked by clk) and u_bp/btb_tag_reg[14][10]/CE (clocked by clk). Large setup violations at the end of those stages might be difficult to fix during the post-placement implementation flow and could be the result of non-optimal XDC constraints or non-optimal design architecture
Related violations: <none>

TIMING-16#210 Warning
Large setup violation  
There is a large setup violation of -1.831 ns between u_ex1_ex2/fwd_rs1_out_reg[0]/C (clocked by clk) and u_bp/btb_tag_reg[14][11]/CE (clocked by clk). Large setup violations at the end of those stages might be difficult to fix during the post-placement implementation flow and could be the result of non-optimal XDC constraints or non-optimal design architecture
Related violations: <none>

TIMING-16#211 Warning
Large setup violation  
There is a large setup violation of -1.831 ns between u_ex1_ex2/fwd_rs1_out_reg[0]/C (clocked by clk) and u_bp/btb_tag_reg[14][12]/CE (clocked by clk). Large setup violations at the end of those stages might be difficult to fix during the post-placement implementation flow and could be the result of non-optimal XDC constraints or non-optimal design architecture
Related violations: <none>

TIMING-16#212 Warning
Large setup violation  
There is a large setup violation of -1.831 ns between u_ex1_ex2/fwd_rs1_out_reg[0]/C (clocked by clk) and u_bp/btb_tag_reg[14][13]/CE (clocked by clk). Large setup violations at the end of those stages might be difficult to fix during the post-placement implementation flow and could be the result of non-optimal XDC constraints or non-optimal design architecture
Related violations: <none>

TIMING-16#213 Warning
Large setup violation  
There is a large setup violation of -1.831 ns between u_ex1_ex2/fwd_rs1_out_reg[0]/C (clocked by clk) and u_bp/btb_tag_reg[14][14]/CE (clocked by clk). Large setup violations at the end of those stages might be difficult to fix during the post-placement implementation flow and could be the result of non-optimal XDC constraints or non-optimal design architecture
Related violations: <none>

TIMING-16#214 Warning
Large setup violation  
There is a large setup violation of -1.831 ns between u_ex1_ex2/fwd_rs1_out_reg[0]/C (clocked by clk) and u_bp/btb_tag_reg[14][15]/CE (clocked by clk). Large setup violations at the end of those stages might be difficult to fix during the post-placement implementation flow and could be the result of non-optimal XDC constraints or non-optimal design architecture
Related violations: <none>

TIMING-16#215 Warning
Large setup violation  
There is a large setup violation of -1.831 ns between u_ex1_ex2/fwd_rs1_out_reg[0]/C (clocked by clk) and u_bp/btb_tag_reg[14][16]/CE (clocked by clk). Large setup violations at the end of those stages might be difficult to fix during the post-placement implementation flow and could be the result of non-optimal XDC constraints or non-optimal design architecture
Related violations: <none>

TIMING-16#216 Warning
Large setup violation  
There is a large setup violation of -1.831 ns between u_ex1_ex2/fwd_rs1_out_reg[0]/C (clocked by clk) and u_bp/btb_tag_reg[14][17]/CE (clocked by clk). Large setup violations at the end of those stages might be difficult to fix during the post-placement implementation flow and could be the result of non-optimal XDC constraints or non-optimal design architecture
Related violations: <none>

TIMING-16#217 Warning
Large setup violation  
There is a large setup violation of -1.831 ns between u_ex1_ex2/fwd_rs1_out_reg[0]/C (clocked by clk) and u_bp/btb_tag_reg[14][18]/CE (clocked by clk). Large setup violations at the end of those stages might be difficult to fix during the post-placement implementation flow and could be the result of non-optimal XDC constraints or non-optimal design architecture
Related violations: <none>

TIMING-16#218 Warning
Large setup violation  
There is a large setup violation of -1.831 ns between u_ex1_ex2/fwd_rs1_out_reg[0]/C (clocked by clk) and u_bp/btb_tag_reg[14][19]/CE (clocked by clk). Large setup violations at the end of those stages might be difficult to fix during the post-placement implementation flow and could be the result of non-optimal XDC constraints or non-optimal design architecture
Related violations: <none>

TIMING-16#219 Warning
Large setup violation  
There is a large setup violation of -1.831 ns between u_ex1_ex2/fwd_rs1_out_reg[0]/C (clocked by clk) and u_bp/btb_tag_reg[14][1]/CE (clocked by clk). Large setup violations at the end of those stages might be difficult to fix during the post-placement implementation flow and could be the result of non-optimal XDC constraints or non-optimal design architecture
Related violations: <none>

TIMING-16#220 Warning
Large setup violation  
There is a large setup violation of -1.831 ns between u_ex1_ex2/fwd_rs1_out_reg[0]/C (clocked by clk) and u_bp/btb_tag_reg[14][20]/CE (clocked by clk). Large setup violations at the end of those stages might be difficult to fix during the post-placement implementation flow and could be the result of non-optimal XDC constraints or non-optimal design architecture
Related violations: <none>

TIMING-16#221 Warning
Large setup violation  
There is a large setup violation of -1.831 ns between u_ex1_ex2/fwd_rs1_out_reg[0]/C (clocked by clk) and u_bp/btb_tag_reg[14][21]/CE (clocked by clk). Large setup violations at the end of those stages might be difficult to fix during the post-placement implementation flow and could be the result of non-optimal XDC constraints or non-optimal design architecture
Related violations: <none>

TIMING-16#222 Warning
Large setup violation  
There is a large setup violation of -1.831 ns between u_ex1_ex2/fwd_rs1_out_reg[0]/C (clocked by clk) and u_bp/btb_tag_reg[14][22]/CE (clocked by clk). Large setup violations at the end of those stages might be difficult to fix during the post-placement implementation flow and could be the result of non-optimal XDC constraints or non-optimal design architecture
Related violations: <none>

TIMING-16#223 Warning
Large setup violation  
There is a large setup violation of -1.831 ns between u_ex1_ex2/fwd_rs1_out_reg[0]/C (clocked by clk) and u_bp/btb_tag_reg[14][23]/CE (clocked by clk). Large setup violations at the end of those stages might be difficult to fix during the post-placement implementation flow and could be the result of non-optimal XDC constraints or non-optimal design architecture
Related violations: <none>

TIMING-16#224 Warning
Large setup violation  
There is a large setup violation of -1.831 ns between u_ex1_ex2/fwd_rs1_out_reg[0]/C (clocked by clk) and u_bp/btb_tag_reg[14][24]/CE (clocked by clk). Large setup violations at the end of those stages might be difficult to fix during the post-placement implementation flow and could be the result of non-optimal XDC constraints or non-optimal design architecture
Related violations: <none>

TIMING-16#225 Warning
Large setup violation  
There is a large setup violation of -1.831 ns between u_ex1_ex2/fwd_rs1_out_reg[0]/C (clocked by clk) and u_bp/btb_tag_reg[14][2]/CE (clocked by clk). Large setup violations at the end of those stages might be difficult to fix during the post-placement implementation flow and could be the result of non-optimal XDC constraints or non-optimal design architecture
Related violations: <none>

TIMING-16#226 Warning
Large setup violation  
There is a large setup violation of -1.831 ns between u_ex1_ex2/fwd_rs1_out_reg[0]/C (clocked by clk) and u_bp/btb_tag_reg[14][3]/CE (clocked by clk). Large setup violations at the end of those stages might be difficult to fix during the post-placement implementation flow and could be the result of non-optimal XDC constraints or non-optimal design architecture
Related violations: <none>

TIMING-16#227 Warning
Large setup violation  
There is a large setup violation of -1.831 ns between u_ex1_ex2/fwd_rs1_out_reg[0]/C (clocked by clk) and u_bp/btb_tag_reg[14][4]/CE (clocked by clk). Large setup violations at the end of those stages might be difficult to fix during the post-placement implementation flow and could be the result of non-optimal XDC constraints or non-optimal design architecture
Related violations: <none>

TIMING-16#228 Warning
Large setup violation  
There is a large setup violation of -1.831 ns between u_ex1_ex2/fwd_rs1_out_reg[0]/C (clocked by clk) and u_bp/btb_tag_reg[14][5]/CE (clocked by clk). Large setup violations at the end of those stages might be difficult to fix during the post-placement implementation flow and could be the result of non-optimal XDC constraints or non-optimal design architecture
Related violations: <none>

TIMING-16#229 Warning
Large setup violation  
There is a large setup violation of -1.831 ns between u_ex1_ex2/fwd_rs1_out_reg[0]/C (clocked by clk) and u_bp/btb_tag_reg[14][6]/CE (clocked by clk). Large setup violations at the end of those stages might be difficult to fix during the post-placement implementation flow and could be the result of non-optimal XDC constraints or non-optimal design architecture
Related violations: <none>

TIMING-16#230 Warning
Large setup violation  
There is a large setup violation of -1.831 ns between u_ex1_ex2/fwd_rs1_out_reg[0]/C (clocked by clk) and u_bp/btb_tag_reg[14][7]/CE (clocked by clk). Large setup violations at the end of those stages might be difficult to fix during the post-placement implementation flow and could be the result of non-optimal XDC constraints or non-optimal design architecture
Related violations: <none>

TIMING-16#231 Warning
Large setup violation  
There is a large setup violation of -1.831 ns between u_ex1_ex2/fwd_rs1_out_reg[0]/C (clocked by clk) and u_bp/btb_tag_reg[14][8]/CE (clocked by clk). Large setup violations at the end of those stages might be difficult to fix during the post-placement implementation flow and could be the result of non-optimal XDC constraints or non-optimal design architecture
Related violations: <none>

TIMING-16#232 Warning
Large setup violation  
There is a large setup violation of -1.831 ns between u_ex1_ex2/fwd_rs1_out_reg[0]/C (clocked by clk) and u_bp/btb_tag_reg[14][9]/CE (clocked by clk). Large setup violations at the end of those stages might be difficult to fix during the post-placement implementation flow and could be the result of non-optimal XDC constraints or non-optimal design architecture
Related violations: <none>

TIMING-16#233 Warning
Large setup violation  
There is a large setup violation of -1.831 ns between u_ex1_ex2/fwd_rs1_out_reg[0]/C (clocked by clk) and u_bp/btb_tag_reg[2][0]/CE (clocked by clk). Large setup violations at the end of those stages might be difficult to fix during the post-placement implementation flow and could be the result of non-optimal XDC constraints or non-optimal design architecture
Related violations: <none>

TIMING-16#234 Warning
Large setup violation  
There is a large setup violation of -1.831 ns between u_ex1_ex2/fwd_rs1_out_reg[0]/C (clocked by clk) and u_bp/btb_tag_reg[2][10]/CE (clocked by clk). Large setup violations at the end of those stages might be difficult to fix during the post-placement implementation flow and could be the result of non-optimal XDC constraints or non-optimal design architecture
Related violations: <none>

TIMING-16#235 Warning
Large setup violation  
There is a large setup violation of -1.831 ns between u_ex1_ex2/fwd_rs1_out_reg[0]/C (clocked by clk) and u_bp/btb_tag_reg[2][11]/CE (clocked by clk). Large setup violations at the end of those stages might be difficult to fix during the post-placement implementation flow and could be the result of non-optimal XDC constraints or non-optimal design architecture
Related violations: <none>

TIMING-16#236 Warning
Large setup violation  
There is a large setup violation of -1.831 ns between u_ex1_ex2/fwd_rs1_out_reg[0]/C (clocked by clk) and u_bp/btb_tag_reg[2][12]/CE (clocked by clk). Large setup violations at the end of those stages might be difficult to fix during the post-placement implementation flow and could be the result of non-optimal XDC constraints or non-optimal design architecture
Related violations: <none>

TIMING-16#237 Warning
Large setup violation  
There is a large setup violation of -1.831 ns between u_ex1_ex2/fwd_rs1_out_reg[0]/C (clocked by clk) and u_bp/btb_tag_reg[2][13]/CE (clocked by clk). Large setup violations at the end of those stages might be difficult to fix during the post-placement implementation flow and could be the result of non-optimal XDC constraints or non-optimal design architecture
Related violations: <none>

TIMING-16#238 Warning
Large setup violation  
There is a large setup violation of -1.831 ns between u_ex1_ex2/fwd_rs1_out_reg[0]/C (clocked by clk) and u_bp/btb_tag_reg[2][14]/CE (clocked by clk). Large setup violations at the end of those stages might be difficult to fix during the post-placement implementation flow and could be the result of non-optimal XDC constraints or non-optimal design architecture
Related violations: <none>

TIMING-16#239 Warning
Large setup violation  
There is a large setup violation of -1.831 ns between u_ex1_ex2/fwd_rs1_out_reg[0]/C (clocked by clk) and u_bp/btb_tag_reg[2][15]/CE (clocked by clk). Large setup violations at the end of those stages might be difficult to fix during the post-placement implementation flow and could be the result of non-optimal XDC constraints or non-optimal design architecture
Related violations: <none>

TIMING-16#240 Warning
Large setup violation  
There is a large setup violation of -1.831 ns between u_ex1_ex2/fwd_rs1_out_reg[0]/C (clocked by clk) and u_bp/btb_tag_reg[2][16]/CE (clocked by clk). Large setup violations at the end of those stages might be difficult to fix during the post-placement implementation flow and could be the result of non-optimal XDC constraints or non-optimal design architecture
Related violations: <none>

TIMING-16#241 Warning
Large setup violation  
There is a large setup violation of -1.831 ns between u_ex1_ex2/fwd_rs1_out_reg[0]/C (clocked by clk) and u_bp/btb_tag_reg[2][17]/CE (clocked by clk). Large setup violations at the end of those stages might be difficult to fix during the post-placement implementation flow and could be the result of non-optimal XDC constraints or non-optimal design architecture
Related violations: <none>

TIMING-16#242 Warning
Large setup violation  
There is a large setup violation of -1.831 ns between u_ex1_ex2/fwd_rs1_out_reg[0]/C (clocked by clk) and u_bp/btb_tag_reg[2][18]/CE (clocked by clk). Large setup violations at the end of those stages might be difficult to fix during the post-placement implementation flow and could be the result of non-optimal XDC constraints or non-optimal design architecture
Related violations: <none>

TIMING-16#243 Warning
Large setup violation  
There is a large setup violation of -1.831 ns between u_ex1_ex2/fwd_rs1_out_reg[0]/C (clocked by clk) and u_bp/btb_tag_reg[2][19]/CE (clocked by clk). Large setup violations at the end of those stages might be difficult to fix during the post-placement implementation flow and could be the result of non-optimal XDC constraints or non-optimal design architecture
Related violations: <none>

TIMING-16#244 Warning
Large setup violation  
There is a large setup violation of -1.831 ns between u_ex1_ex2/fwd_rs1_out_reg[0]/C (clocked by clk) and u_bp/btb_tag_reg[2][1]/CE (clocked by clk). Large setup violations at the end of those stages might be difficult to fix during the post-placement implementation flow and could be the result of non-optimal XDC constraints or non-optimal design architecture
Related violations: <none>

TIMING-16#245 Warning
Large setup violation  
There is a large setup violation of -1.831 ns between u_ex1_ex2/fwd_rs1_out_reg[0]/C (clocked by clk) and u_bp/btb_tag_reg[2][20]/CE (clocked by clk). Large setup violations at the end of those stages might be difficult to fix during the post-placement implementation flow and could be the result of non-optimal XDC constraints or non-optimal design architecture
Related violations: <none>

TIMING-16#246 Warning
Large setup violation  
There is a large setup violation of -1.831 ns between u_ex1_ex2/fwd_rs1_out_reg[0]/C (clocked by clk) and u_bp/btb_tag_reg[2][21]/CE (clocked by clk). Large setup violations at the end of those stages might be difficult to fix during the post-placement implementation flow and could be the result of non-optimal XDC constraints or non-optimal design architecture
Related violations: <none>

TIMING-16#247 Warning
Large setup violation  
There is a large setup violation of -1.831 ns between u_ex1_ex2/fwd_rs1_out_reg[0]/C (clocked by clk) and u_bp/btb_tag_reg[2][22]/CE (clocked by clk). Large setup violations at the end of those stages might be difficult to fix during the post-placement implementation flow and could be the result of non-optimal XDC constraints or non-optimal design architecture
Related violations: <none>

TIMING-16#248 Warning
Large setup violation  
There is a large setup violation of -1.831 ns between u_ex1_ex2/fwd_rs1_out_reg[0]/C (clocked by clk) and u_bp/btb_tag_reg[2][23]/CE (clocked by clk). Large setup violations at the end of those stages might be difficult to fix during the post-placement implementation flow and could be the result of non-optimal XDC constraints or non-optimal design architecture
Related violations: <none>

TIMING-16#249 Warning
Large setup violation  
There is a large setup violation of -1.831 ns between u_ex1_ex2/fwd_rs1_out_reg[0]/C (clocked by clk) and u_bp/btb_tag_reg[2][24]/CE (clocked by clk). Large setup violations at the end of those stages might be difficult to fix during the post-placement implementation flow and could be the result of non-optimal XDC constraints or non-optimal design architecture
Related violations: <none>

TIMING-16#250 Warning
Large setup violation  
There is a large setup violation of -1.831 ns between u_ex1_ex2/fwd_rs1_out_reg[0]/C (clocked by clk) and u_bp/btb_tag_reg[2][2]/CE (clocked by clk). Large setup violations at the end of those stages might be difficult to fix during the post-placement implementation flow and could be the result of non-optimal XDC constraints or non-optimal design architecture
Related violations: <none>

TIMING-16#251 Warning
Large setup violation  
There is a large setup violation of -1.831 ns between u_ex1_ex2/fwd_rs1_out_reg[0]/C (clocked by clk) and u_bp/btb_tag_reg[2][3]/CE (clocked by clk). Large setup violations at the end of those stages might be difficult to fix during the post-placement implementation flow and could be the result of non-optimal XDC constraints or non-optimal design architecture
Related violations: <none>

TIMING-16#252 Warning
Large setup violation  
There is a large setup violation of -1.831 ns between u_ex1_ex2/fwd_rs1_out_reg[0]/C (clocked by clk) and u_bp/btb_tag_reg[2][4]/CE (clocked by clk). Large setup violations at the end of those stages might be difficult to fix during the post-placement implementation flow and could be the result of non-optimal XDC constraints or non-optimal design architecture
Related violations: <none>

TIMING-16#253 Warning
Large setup violation  
There is a large setup violation of -1.831 ns between u_ex1_ex2/fwd_rs1_out_reg[0]/C (clocked by clk) and u_bp/btb_tag_reg[2][5]/CE (clocked by clk). Large setup violations at the end of those stages might be difficult to fix during the post-placement implementation flow and could be the result of non-optimal XDC constraints or non-optimal design architecture
Related violations: <none>

TIMING-16#254 Warning
Large setup violation  
There is a large setup violation of -1.831 ns between u_ex1_ex2/fwd_rs1_out_reg[0]/C (clocked by clk) and u_bp/btb_tag_reg[2][6]/CE (clocked by clk). Large setup violations at the end of those stages might be difficult to fix during the post-placement implementation flow and could be the result of non-optimal XDC constraints or non-optimal design architecture
Related violations: <none>

TIMING-16#255 Warning
Large setup violation  
There is a large setup violation of -1.831 ns between u_ex1_ex2/fwd_rs1_out_reg[0]/C (clocked by clk) and u_bp/btb_tag_reg[2][7]/CE (clocked by clk). Large setup violations at the end of those stages might be difficult to fix during the post-placement implementation flow and could be the result of non-optimal XDC constraints or non-optimal design architecture
Related violations: <none>

TIMING-16#256 Warning
Large setup violation  
There is a large setup violation of -1.831 ns between u_ex1_ex2/fwd_rs1_out_reg[0]/C (clocked by clk) and u_bp/btb_tag_reg[2][8]/CE (clocked by clk). Large setup violations at the end of those stages might be difficult to fix during the post-placement implementation flow and could be the result of non-optimal XDC constraints or non-optimal design architecture
Related violations: <none>

TIMING-16#257 Warning
Large setup violation  
There is a large setup violation of -1.831 ns between u_ex1_ex2/fwd_rs1_out_reg[0]/C (clocked by clk) and u_bp/btb_tag_reg[2][9]/CE (clocked by clk). Large setup violations at the end of those stages might be difficult to fix during the post-placement implementation flow and could be the result of non-optimal XDC constraints or non-optimal design architecture
Related violations: <none>

TIMING-16#258 Warning
Large setup violation  
There is a large setup violation of -1.831 ns between u_ex1_ex2/fwd_rs1_out_reg[0]/C (clocked by clk) and u_bp/btb_target_reg[14][0]/CE (clocked by clk). Large setup violations at the end of those stages might be difficult to fix during the post-placement implementation flow and could be the result of non-optimal XDC constraints or non-optimal design architecture
Related violations: <none>

TIMING-16#259 Warning
Large setup violation  
There is a large setup violation of -1.831 ns between u_ex1_ex2/fwd_rs1_out_reg[0]/C (clocked by clk) and u_bp/btb_target_reg[14][10]/CE (clocked by clk). Large setup violations at the end of those stages might be difficult to fix during the post-placement implementation flow and could be the result of non-optimal XDC constraints or non-optimal design architecture
Related violations: <none>

TIMING-16#260 Warning
Large setup violation  
There is a large setup violation of -1.831 ns between u_ex1_ex2/fwd_rs1_out_reg[0]/C (clocked by clk) and u_bp/btb_target_reg[14][11]/CE (clocked by clk). Large setup violations at the end of those stages might be difficult to fix during the post-placement implementation flow and could be the result of non-optimal XDC constraints or non-optimal design architecture
Related violations: <none>

TIMING-16#261 Warning
Large setup violation  
There is a large setup violation of -1.831 ns between u_ex1_ex2/fwd_rs1_out_reg[0]/C (clocked by clk) and u_bp/btb_target_reg[14][12]/CE (clocked by clk). Large setup violations at the end of those stages might be difficult to fix during the post-placement implementation flow and could be the result of non-optimal XDC constraints or non-optimal design architecture
Related violations: <none>

TIMING-16#262 Warning
Large setup violation  
There is a large setup violation of -1.831 ns between u_ex1_ex2/fwd_rs1_out_reg[0]/C (clocked by clk) and u_bp/btb_target_reg[14][13]/CE (clocked by clk). Large setup violations at the end of those stages might be difficult to fix during the post-placement implementation flow and could be the result of non-optimal XDC constraints or non-optimal design architecture
Related violations: <none>

TIMING-16#263 Warning
Large setup violation  
There is a large setup violation of -1.831 ns between u_ex1_ex2/fwd_rs1_out_reg[0]/C (clocked by clk) and u_bp/btb_target_reg[14][14]/CE (clocked by clk). Large setup violations at the end of those stages might be difficult to fix during the post-placement implementation flow and could be the result of non-optimal XDC constraints or non-optimal design architecture
Related violations: <none>

TIMING-16#264 Warning
Large setup violation  
There is a large setup violation of -1.831 ns between u_ex1_ex2/fwd_rs1_out_reg[0]/C (clocked by clk) and u_bp/btb_target_reg[14][15]/CE (clocked by clk). Large setup violations at the end of those stages might be difficult to fix during the post-placement implementation flow and could be the result of non-optimal XDC constraints or non-optimal design architecture
Related violations: <none>

TIMING-16#265 Warning
Large setup violation  
There is a large setup violation of -1.831 ns between u_ex1_ex2/fwd_rs1_out_reg[0]/C (clocked by clk) and u_bp/btb_target_reg[14][16]/CE (clocked by clk). Large setup violations at the end of those stages might be difficult to fix during the post-placement implementation flow and could be the result of non-optimal XDC constraints or non-optimal design architecture
Related violations: <none>

TIMING-16#266 Warning
Large setup violation  
There is a large setup violation of -1.831 ns between u_ex1_ex2/fwd_rs1_out_reg[0]/C (clocked by clk) and u_bp/btb_target_reg[14][17]/CE (clocked by clk). Large setup violations at the end of those stages might be difficult to fix during the post-placement implementation flow and could be the result of non-optimal XDC constraints or non-optimal design architecture
Related violations: <none>

TIMING-16#267 Warning
Large setup violation  
There is a large setup violation of -1.831 ns between u_ex1_ex2/fwd_rs1_out_reg[0]/C (clocked by clk) and u_bp/btb_target_reg[14][18]/CE (clocked by clk). Large setup violations at the end of those stages might be difficult to fix during the post-placement implementation flow and could be the result of non-optimal XDC constraints or non-optimal design architecture
Related violations: <none>

TIMING-16#268 Warning
Large setup violation  
There is a large setup violation of -1.831 ns between u_ex1_ex2/fwd_rs1_out_reg[0]/C (clocked by clk) and u_bp/btb_target_reg[14][19]/CE (clocked by clk). Large setup violations at the end of those stages might be difficult to fix during the post-placement implementation flow and could be the result of non-optimal XDC constraints or non-optimal design architecture
Related violations: <none>

TIMING-16#269 Warning
Large setup violation  
There is a large setup violation of -1.831 ns between u_ex1_ex2/fwd_rs1_out_reg[0]/C (clocked by clk) and u_bp/btb_target_reg[14][1]/CE (clocked by clk). Large setup violations at the end of those stages might be difficult to fix during the post-placement implementation flow and could be the result of non-optimal XDC constraints or non-optimal design architecture
Related violations: <none>

TIMING-16#270 Warning
Large setup violation  
There is a large setup violation of -1.831 ns between u_ex1_ex2/fwd_rs1_out_reg[0]/C (clocked by clk) and u_bp/btb_target_reg[14][20]/CE (clocked by clk). Large setup violations at the end of those stages might be difficult to fix during the post-placement implementation flow and could be the result of non-optimal XDC constraints or non-optimal design architecture
Related violations: <none>

TIMING-16#271 Warning
Large setup violation  
There is a large setup violation of -1.831 ns between u_ex1_ex2/fwd_rs1_out_reg[0]/C (clocked by clk) and u_bp/btb_target_reg[14][21]/CE (clocked by clk). Large setup violations at the end of those stages might be difficult to fix during the post-placement implementation flow and could be the result of non-optimal XDC constraints or non-optimal design architecture
Related violations: <none>

TIMING-16#272 Warning
Large setup violation  
There is a large setup violation of -1.831 ns between u_ex1_ex2/fwd_rs1_out_reg[0]/C (clocked by clk) and u_bp/btb_target_reg[14][22]/CE (clocked by clk). Large setup violations at the end of those stages might be difficult to fix during the post-placement implementation flow and could be the result of non-optimal XDC constraints or non-optimal design architecture
Related violations: <none>

TIMING-16#273 Warning
Large setup violation  
There is a large setup violation of -1.831 ns between u_ex1_ex2/fwd_rs1_out_reg[0]/C (clocked by clk) and u_bp/btb_target_reg[14][23]/CE (clocked by clk). Large setup violations at the end of those stages might be difficult to fix during the post-placement implementation flow and could be the result of non-optimal XDC constraints or non-optimal design architecture
Related violations: <none>

TIMING-16#274 Warning
Large setup violation  
There is a large setup violation of -1.845 ns between u_ex1_ex2/fwd_rs1_out_reg[0]/C (clocked by clk) and u_bp/btb_tag_reg[0][0]/CE (clocked by clk). Large setup violations at the end of those stages might be difficult to fix during the post-placement implementation flow and could be the result of non-optimal XDC constraints or non-optimal design architecture
Related violations: <none>

TIMING-16#275 Warning
Large setup violation  
There is a large setup violation of -1.845 ns between u_ex1_ex2/fwd_rs1_out_reg[0]/C (clocked by clk) and u_bp/btb_tag_reg[0][10]/CE (clocked by clk). Large setup violations at the end of those stages might be difficult to fix during the post-placement implementation flow and could be the result of non-optimal XDC constraints or non-optimal design architecture
Related violations: <none>

TIMING-16#276 Warning
Large setup violation  
There is a large setup violation of -1.845 ns between u_ex1_ex2/fwd_rs1_out_reg[0]/C (clocked by clk) and u_bp/btb_tag_reg[0][11]/CE (clocked by clk). Large setup violations at the end of those stages might be difficult to fix during the post-placement implementation flow and could be the result of non-optimal XDC constraints or non-optimal design architecture
Related violations: <none>

TIMING-16#277 Warning
Large setup violation  
There is a large setup violation of -1.845 ns between u_ex1_ex2/fwd_rs1_out_reg[0]/C (clocked by clk) and u_bp/btb_tag_reg[0][12]/CE (clocked by clk). Large setup violations at the end of those stages might be difficult to fix during the post-placement implementation flow and could be the result of non-optimal XDC constraints or non-optimal design architecture
Related violations: <none>

TIMING-16#278 Warning
Large setup violation  
There is a large setup violation of -1.845 ns between u_ex1_ex2/fwd_rs1_out_reg[0]/C (clocked by clk) and u_bp/btb_tag_reg[0][13]/CE (clocked by clk). Large setup violations at the end of those stages might be difficult to fix during the post-placement implementation flow and could be the result of non-optimal XDC constraints or non-optimal design architecture
Related violations: <none>

TIMING-16#279 Warning
Large setup violation  
There is a large setup violation of -1.845 ns between u_ex1_ex2/fwd_rs1_out_reg[0]/C (clocked by clk) and u_bp/btb_tag_reg[0][14]/CE (clocked by clk). Large setup violations at the end of those stages might be difficult to fix during the post-placement implementation flow and could be the result of non-optimal XDC constraints or non-optimal design architecture
Related violations: <none>

TIMING-16#280 Warning
Large setup violation  
There is a large setup violation of -1.845 ns between u_ex1_ex2/fwd_rs1_out_reg[0]/C (clocked by clk) and u_bp/btb_tag_reg[0][15]/CE (clocked by clk). Large setup violations at the end of those stages might be difficult to fix during the post-placement implementation flow and could be the result of non-optimal XDC constraints or non-optimal design architecture
Related violations: <none>

TIMING-16#281 Warning
Large setup violation  
There is a large setup violation of -1.845 ns between u_ex1_ex2/fwd_rs1_out_reg[0]/C (clocked by clk) and u_bp/btb_tag_reg[0][16]/CE (clocked by clk). Large setup violations at the end of those stages might be difficult to fix during the post-placement implementation flow and could be the result of non-optimal XDC constraints or non-optimal design architecture
Related violations: <none>

TIMING-16#282 Warning
Large setup violation  
There is a large setup violation of -1.845 ns between u_ex1_ex2/fwd_rs1_out_reg[0]/C (clocked by clk) and u_bp/btb_tag_reg[0][17]/CE (clocked by clk). Large setup violations at the end of those stages might be difficult to fix during the post-placement implementation flow and could be the result of non-optimal XDC constraints or non-optimal design architecture
Related violations: <none>

TIMING-16#283 Warning
Large setup violation  
There is a large setup violation of -1.845 ns between u_ex1_ex2/fwd_rs1_out_reg[0]/C (clocked by clk) and u_bp/btb_tag_reg[0][18]/CE (clocked by clk). Large setup violations at the end of those stages might be difficult to fix during the post-placement implementation flow and could be the result of non-optimal XDC constraints or non-optimal design architecture
Related violations: <none>

TIMING-16#284 Warning
Large setup violation  
There is a large setup violation of -1.845 ns between u_ex1_ex2/fwd_rs1_out_reg[0]/C (clocked by clk) and u_bp/btb_tag_reg[0][19]/CE (clocked by clk). Large setup violations at the end of those stages might be difficult to fix during the post-placement implementation flow and could be the result of non-optimal XDC constraints or non-optimal design architecture
Related violations: <none>

TIMING-16#285 Warning
Large setup violation  
There is a large setup violation of -1.845 ns between u_ex1_ex2/fwd_rs1_out_reg[0]/C (clocked by clk) and u_bp/btb_tag_reg[0][1]/CE (clocked by clk). Large setup violations at the end of those stages might be difficult to fix during the post-placement implementation flow and could be the result of non-optimal XDC constraints or non-optimal design architecture
Related violations: <none>

TIMING-16#286 Warning
Large setup violation  
There is a large setup violation of -1.845 ns between u_ex1_ex2/fwd_rs1_out_reg[0]/C (clocked by clk) and u_bp/btb_tag_reg[0][20]/CE (clocked by clk). Large setup violations at the end of those stages might be difficult to fix during the post-placement implementation flow and could be the result of non-optimal XDC constraints or non-optimal design architecture
Related violations: <none>

TIMING-16#287 Warning
Large setup violation  
There is a large setup violation of -1.845 ns between u_ex1_ex2/fwd_rs1_out_reg[0]/C (clocked by clk) and u_bp/btb_tag_reg[0][21]/CE (clocked by clk). Large setup violations at the end of those stages might be difficult to fix during the post-placement implementation flow and could be the result of non-optimal XDC constraints or non-optimal design architecture
Related violations: <none>

TIMING-16#288 Warning
Large setup violation  
There is a large setup violation of -1.845 ns between u_ex1_ex2/fwd_rs1_out_reg[0]/C (clocked by clk) and u_bp/btb_tag_reg[0][22]/CE (clocked by clk). Large setup violations at the end of those stages might be difficult to fix during the post-placement implementation flow and could be the result of non-optimal XDC constraints or non-optimal design architecture
Related violations: <none>

TIMING-16#289 Warning
Large setup violation  
There is a large setup violation of -1.845 ns between u_ex1_ex2/fwd_rs1_out_reg[0]/C (clocked by clk) and u_bp/btb_tag_reg[0][23]/CE (clocked by clk). Large setup violations at the end of those stages might be difficult to fix during the post-placement implementation flow and could be the result of non-optimal XDC constraints or non-optimal design architecture
Related violations: <none>

TIMING-16#290 Warning
Large setup violation  
There is a large setup violation of -1.845 ns between u_ex1_ex2/fwd_rs1_out_reg[0]/C (clocked by clk) and u_bp/btb_tag_reg[0][24]/CE (clocked by clk). Large setup violations at the end of those stages might be difficult to fix during the post-placement implementation flow and could be the result of non-optimal XDC constraints or non-optimal design architecture
Related violations: <none>

TIMING-16#291 Warning
Large setup violation  
There is a large setup violation of -1.845 ns between u_ex1_ex2/fwd_rs1_out_reg[0]/C (clocked by clk) and u_bp/btb_tag_reg[0][2]/CE (clocked by clk). Large setup violations at the end of those stages might be difficult to fix during the post-placement implementation flow and could be the result of non-optimal XDC constraints or non-optimal design architecture
Related violations: <none>

TIMING-16#292 Warning
Large setup violation  
There is a large setup violation of -1.845 ns between u_ex1_ex2/fwd_rs1_out_reg[0]/C (clocked by clk) and u_bp/btb_tag_reg[0][3]/CE (clocked by clk). Large setup violations at the end of those stages might be difficult to fix during the post-placement implementation flow and could be the result of non-optimal XDC constraints or non-optimal design architecture
Related violations: <none>

TIMING-16#293 Warning
Large setup violation  
There is a large setup violation of -1.845 ns between u_ex1_ex2/fwd_rs1_out_reg[0]/C (clocked by clk) and u_bp/btb_tag_reg[0][4]/CE (clocked by clk). Large setup violations at the end of those stages might be difficult to fix during the post-placement implementation flow and could be the result of non-optimal XDC constraints or non-optimal design architecture
Related violations: <none>

TIMING-16#294 Warning
Large setup violation  
There is a large setup violation of -1.845 ns between u_ex1_ex2/fwd_rs1_out_reg[0]/C (clocked by clk) and u_bp/btb_tag_reg[0][5]/CE (clocked by clk). Large setup violations at the end of those stages might be difficult to fix during the post-placement implementation flow and could be the result of non-optimal XDC constraints or non-optimal design architecture
Related violations: <none>

TIMING-16#295 Warning
Large setup violation  
There is a large setup violation of -1.845 ns between u_ex1_ex2/fwd_rs1_out_reg[0]/C (clocked by clk) and u_bp/btb_tag_reg[0][6]/CE (clocked by clk). Large setup violations at the end of those stages might be difficult to fix during the post-placement implementation flow and could be the result of non-optimal XDC constraints or non-optimal design architecture
Related violations: <none>

TIMING-16#296 Warning
Large setup violation  
There is a large setup violation of -1.845 ns between u_ex1_ex2/fwd_rs1_out_reg[0]/C (clocked by clk) and u_bp/btb_tag_reg[0][7]/CE (clocked by clk). Large setup violations at the end of those stages might be difficult to fix during the post-placement implementation flow and could be the result of non-optimal XDC constraints or non-optimal design architecture
Related violations: <none>

TIMING-16#297 Warning
Large setup violation  
There is a large setup violation of -1.845 ns between u_ex1_ex2/fwd_rs1_out_reg[0]/C (clocked by clk) and u_bp/btb_tag_reg[0][8]/CE (clocked by clk). Large setup violations at the end of those stages might be difficult to fix during the post-placement implementation flow and could be the result of non-optimal XDC constraints or non-optimal design architecture
Related violations: <none>

TIMING-16#298 Warning
Large setup violation  
There is a large setup violation of -1.845 ns between u_ex1_ex2/fwd_rs1_out_reg[0]/C (clocked by clk) and u_bp/btb_tag_reg[0][9]/CE (clocked by clk). Large setup violations at the end of those stages might be difficult to fix during the post-placement implementation flow and could be the result of non-optimal XDC constraints or non-optimal design architecture
Related violations: <none>

TIMING-16#299 Warning
Large setup violation  
There is a large setup violation of -1.845 ns between u_ex1_ex2/fwd_rs1_out_reg[0]/C (clocked by clk) and u_bp/btb_tag_reg[10][0]/CE (clocked by clk). Large setup violations at the end of those stages might be difficult to fix during the post-placement implementation flow and could be the result of non-optimal XDC constraints or non-optimal design architecture
Related violations: <none>

TIMING-16#300 Warning
Large setup violation  
There is a large setup violation of -1.845 ns between u_ex1_ex2/fwd_rs1_out_reg[0]/C (clocked by clk) and u_bp/btb_tag_reg[10][10]/CE (clocked by clk). Large setup violations at the end of those stages might be difficult to fix during the post-placement implementation flow and could be the result of non-optimal XDC constraints or non-optimal design architecture
Related violations: <none>

TIMING-16#301 Warning
Large setup violation  
There is a large setup violation of -1.845 ns between u_ex1_ex2/fwd_rs1_out_reg[0]/C (clocked by clk) and u_bp/btb_tag_reg[10][11]/CE (clocked by clk). Large setup violations at the end of those stages might be difficult to fix during the post-placement implementation flow and could be the result of non-optimal XDC constraints or non-optimal design architecture
Related violations: <none>

TIMING-16#302 Warning
Large setup violation  
There is a large setup violation of -1.845 ns between u_ex1_ex2/fwd_rs1_out_reg[0]/C (clocked by clk) and u_bp/btb_tag_reg[10][12]/CE (clocked by clk). Large setup violations at the end of those stages might be difficult to fix during the post-placement implementation flow and could be the result of non-optimal XDC constraints or non-optimal design architecture
Related violations: <none>

TIMING-16#303 Warning
Large setup violation  
There is a large setup violation of -1.845 ns between u_ex1_ex2/fwd_rs1_out_reg[0]/C (clocked by clk) and u_bp/btb_tag_reg[10][13]/CE (clocked by clk). Large setup violations at the end of those stages might be difficult to fix during the post-placement implementation flow and could be the result of non-optimal XDC constraints or non-optimal design architecture
Related violations: <none>

TIMING-16#304 Warning
Large setup violation  
There is a large setup violation of -1.845 ns between u_ex1_ex2/fwd_rs1_out_reg[0]/C (clocked by clk) and u_bp/btb_tag_reg[10][14]/CE (clocked by clk). Large setup violations at the end of those stages might be difficult to fix during the post-placement implementation flow and could be the result of non-optimal XDC constraints or non-optimal design architecture
Related violations: <none>

TIMING-16#305 Warning
Large setup violation  
There is a large setup violation of -1.845 ns between u_ex1_ex2/fwd_rs1_out_reg[0]/C (clocked by clk) and u_bp/btb_tag_reg[10][15]/CE (clocked by clk). Large setup violations at the end of those stages might be difficult to fix during the post-placement implementation flow and could be the result of non-optimal XDC constraints or non-optimal design architecture
Related violations: <none>

TIMING-16#306 Warning
Large setup violation  
There is a large setup violation of -1.845 ns between u_ex1_ex2/fwd_rs1_out_reg[0]/C (clocked by clk) and u_bp/btb_tag_reg[10][16]/CE (clocked by clk). Large setup violations at the end of those stages might be difficult to fix during the post-placement implementation flow and could be the result of non-optimal XDC constraints or non-optimal design architecture
Related violations: <none>

TIMING-16#307 Warning
Large setup violation  
There is a large setup violation of -1.845 ns between u_ex1_ex2/fwd_rs1_out_reg[0]/C (clocked by clk) and u_bp/btb_tag_reg[10][17]/CE (clocked by clk). Large setup violations at the end of those stages might be difficult to fix during the post-placement implementation flow and could be the result of non-optimal XDC constraints or non-optimal design architecture
Related violations: <none>

TIMING-16#308 Warning
Large setup violation  
There is a large setup violation of -1.845 ns between u_ex1_ex2/fwd_rs1_out_reg[0]/C (clocked by clk) and u_bp/btb_tag_reg[10][18]/CE (clocked by clk). Large setup violations at the end of those stages might be difficult to fix during the post-placement implementation flow and could be the result of non-optimal XDC constraints or non-optimal design architecture
Related violations: <none>

TIMING-16#309 Warning
Large setup violation  
There is a large setup violation of -1.845 ns between u_ex1_ex2/fwd_rs1_out_reg[0]/C (clocked by clk) and u_bp/btb_tag_reg[10][19]/CE (clocked by clk). Large setup violations at the end of those stages might be difficult to fix during the post-placement implementation flow and could be the result of non-optimal XDC constraints or non-optimal design architecture
Related violations: <none>

TIMING-16#310 Warning
Large setup violation  
There is a large setup violation of -1.845 ns between u_ex1_ex2/fwd_rs1_out_reg[0]/C (clocked by clk) and u_bp/btb_tag_reg[10][1]/CE (clocked by clk). Large setup violations at the end of those stages might be difficult to fix during the post-placement implementation flow and could be the result of non-optimal XDC constraints or non-optimal design architecture
Related violations: <none>

TIMING-16#311 Warning
Large setup violation  
There is a large setup violation of -1.845 ns between u_ex1_ex2/fwd_rs1_out_reg[0]/C (clocked by clk) and u_bp/btb_tag_reg[10][20]/CE (clocked by clk). Large setup violations at the end of those stages might be difficult to fix during the post-placement implementation flow and could be the result of non-optimal XDC constraints or non-optimal design architecture
Related violations: <none>

TIMING-16#312 Warning
Large setup violation  
There is a large setup violation of -1.845 ns between u_ex1_ex2/fwd_rs1_out_reg[0]/C (clocked by clk) and u_bp/btb_tag_reg[10][21]/CE (clocked by clk). Large setup violations at the end of those stages might be difficult to fix during the post-placement implementation flow and could be the result of non-optimal XDC constraints or non-optimal design architecture
Related violations: <none>

TIMING-16#313 Warning
Large setup violation  
There is a large setup violation of -1.845 ns between u_ex1_ex2/fwd_rs1_out_reg[0]/C (clocked by clk) and u_bp/btb_tag_reg[10][22]/CE (clocked by clk). Large setup violations at the end of those stages might be difficult to fix during the post-placement implementation flow and could be the result of non-optimal XDC constraints or non-optimal design architecture
Related violations: <none>

TIMING-16#314 Warning
Large setup violation  
There is a large setup violation of -1.845 ns between u_ex1_ex2/fwd_rs1_out_reg[0]/C (clocked by clk) and u_bp/btb_tag_reg[10][23]/CE (clocked by clk). Large setup violations at the end of those stages might be difficult to fix during the post-placement implementation flow and could be the result of non-optimal XDC constraints or non-optimal design architecture
Related violations: <none>

TIMING-16#315 Warning
Large setup violation  
There is a large setup violation of -1.845 ns between u_ex1_ex2/fwd_rs1_out_reg[0]/C (clocked by clk) and u_bp/btb_tag_reg[10][24]/CE (clocked by clk). Large setup violations at the end of those stages might be difficult to fix during the post-placement implementation flow and could be the result of non-optimal XDC constraints or non-optimal design architecture
Related violations: <none>

TIMING-16#316 Warning
Large setup violation  
There is a large setup violation of -1.845 ns between u_ex1_ex2/fwd_rs1_out_reg[0]/C (clocked by clk) and u_bp/btb_tag_reg[10][2]/CE (clocked by clk). Large setup violations at the end of those stages might be difficult to fix during the post-placement implementation flow and could be the result of non-optimal XDC constraints or non-optimal design architecture
Related violations: <none>

TIMING-16#317 Warning
Large setup violation  
There is a large setup violation of -1.845 ns between u_ex1_ex2/fwd_rs1_out_reg[0]/C (clocked by clk) and u_bp/btb_tag_reg[10][3]/CE (clocked by clk). Large setup violations at the end of those stages might be difficult to fix during the post-placement implementation flow and could be the result of non-optimal XDC constraints or non-optimal design architecture
Related violations: <none>

TIMING-16#318 Warning
Large setup violation  
There is a large setup violation of -1.845 ns between u_ex1_ex2/fwd_rs1_out_reg[0]/C (clocked by clk) and u_bp/btb_tag_reg[10][4]/CE (clocked by clk). Large setup violations at the end of those stages might be difficult to fix during the post-placement implementation flow and could be the result of non-optimal XDC constraints or non-optimal design architecture
Related violations: <none>

TIMING-16#319 Warning
Large setup violation  
There is a large setup violation of -1.845 ns between u_ex1_ex2/fwd_rs1_out_reg[0]/C (clocked by clk) and u_bp/btb_tag_reg[10][5]/CE (clocked by clk). Large setup violations at the end of those stages might be difficult to fix during the post-placement implementation flow and could be the result of non-optimal XDC constraints or non-optimal design architecture
Related violations: <none>

TIMING-16#320 Warning
Large setup violation  
There is a large setup violation of -1.845 ns between u_ex1_ex2/fwd_rs1_out_reg[0]/C (clocked by clk) and u_bp/btb_tag_reg[10][6]/CE (clocked by clk). Large setup violations at the end of those stages might be difficult to fix during the post-placement implementation flow and could be the result of non-optimal XDC constraints or non-optimal design architecture
Related violations: <none>

TIMING-16#321 Warning
Large setup violation  
There is a large setup violation of -1.845 ns between u_ex1_ex2/fwd_rs1_out_reg[0]/C (clocked by clk) and u_bp/btb_tag_reg[10][7]/CE (clocked by clk). Large setup violations at the end of those stages might be difficult to fix during the post-placement implementation flow and could be the result of non-optimal XDC constraints or non-optimal design architecture
Related violations: <none>

TIMING-16#322 Warning
Large setup violation  
There is a large setup violation of -1.845 ns between u_ex1_ex2/fwd_rs1_out_reg[0]/C (clocked by clk) and u_bp/btb_tag_reg[10][8]/CE (clocked by clk). Large setup violations at the end of those stages might be difficult to fix during the post-placement implementation flow and could be the result of non-optimal XDC constraints or non-optimal design architecture
Related violations: <none>

TIMING-16#323 Warning
Large setup violation  
There is a large setup violation of -1.845 ns between u_ex1_ex2/fwd_rs1_out_reg[0]/C (clocked by clk) and u_bp/btb_tag_reg[10][9]/CE (clocked by clk). Large setup violations at the end of those stages might be difficult to fix during the post-placement implementation flow and could be the result of non-optimal XDC constraints or non-optimal design architecture
Related violations: <none>

TIMING-16#324 Warning
Large setup violation  
There is a large setup violation of -1.845 ns between u_ex1_ex2/fwd_rs1_out_reg[0]/C (clocked by clk) and u_bp/btb_tag_reg[11][0]/CE (clocked by clk). Large setup violations at the end of those stages might be difficult to fix during the post-placement implementation flow and could be the result of non-optimal XDC constraints or non-optimal design architecture
Related violations: <none>

TIMING-16#325 Warning
Large setup violation  
There is a large setup violation of -1.845 ns between u_ex1_ex2/fwd_rs1_out_reg[0]/C (clocked by clk) and u_bp/btb_tag_reg[11][10]/CE (clocked by clk). Large setup violations at the end of those stages might be difficult to fix during the post-placement implementation flow and could be the result of non-optimal XDC constraints or non-optimal design architecture
Related violations: <none>

TIMING-16#326 Warning
Large setup violation  
There is a large setup violation of -1.845 ns between u_ex1_ex2/fwd_rs1_out_reg[0]/C (clocked by clk) and u_bp/btb_tag_reg[11][11]/CE (clocked by clk). Large setup violations at the end of those stages might be difficult to fix during the post-placement implementation flow and could be the result of non-optimal XDC constraints or non-optimal design architecture
Related violations: <none>

TIMING-16#327 Warning
Large setup violation  
There is a large setup violation of -1.845 ns between u_ex1_ex2/fwd_rs1_out_reg[0]/C (clocked by clk) and u_bp/btb_tag_reg[11][12]/CE (clocked by clk). Large setup violations at the end of those stages might be difficult to fix during the post-placement implementation flow and could be the result of non-optimal XDC constraints or non-optimal design architecture
Related violations: <none>

TIMING-16#328 Warning
Large setup violation  
There is a large setup violation of -1.845 ns between u_ex1_ex2/fwd_rs1_out_reg[0]/C (clocked by clk) and u_bp/btb_tag_reg[11][13]/CE (clocked by clk). Large setup violations at the end of those stages might be difficult to fix during the post-placement implementation flow and could be the result of non-optimal XDC constraints or non-optimal design architecture
Related violations: <none>

TIMING-16#329 Warning
Large setup violation  
There is a large setup violation of -1.845 ns between u_ex1_ex2/fwd_rs1_out_reg[0]/C (clocked by clk) and u_bp/btb_tag_reg[11][14]/CE (clocked by clk). Large setup violations at the end of those stages might be difficult to fix during the post-placement implementation flow and could be the result of non-optimal XDC constraints or non-optimal design architecture
Related violations: <none>

TIMING-16#330 Warning
Large setup violation  
There is a large setup violation of -1.845 ns between u_ex1_ex2/fwd_rs1_out_reg[0]/C (clocked by clk) and u_bp/btb_tag_reg[11][15]/CE (clocked by clk). Large setup violations at the end of those stages might be difficult to fix during the post-placement implementation flow and could be the result of non-optimal XDC constraints or non-optimal design architecture
Related violations: <none>

TIMING-16#331 Warning
Large setup violation  
There is a large setup violation of -1.845 ns between u_ex1_ex2/fwd_rs1_out_reg[0]/C (clocked by clk) and u_bp/btb_tag_reg[11][16]/CE (clocked by clk). Large setup violations at the end of those stages might be difficult to fix during the post-placement implementation flow and could be the result of non-optimal XDC constraints or non-optimal design architecture
Related violations: <none>

TIMING-16#332 Warning
Large setup violation  
There is a large setup violation of -1.845 ns between u_ex1_ex2/fwd_rs1_out_reg[0]/C (clocked by clk) and u_bp/btb_tag_reg[11][17]/CE (clocked by clk). Large setup violations at the end of those stages might be difficult to fix during the post-placement implementation flow and could be the result of non-optimal XDC constraints or non-optimal design architecture
Related violations: <none>

TIMING-16#333 Warning
Large setup violation  
There is a large setup violation of -1.845 ns between u_ex1_ex2/fwd_rs1_out_reg[0]/C (clocked by clk) and u_bp/btb_tag_reg[11][18]/CE (clocked by clk). Large setup violations at the end of those stages might be difficult to fix during the post-placement implementation flow and could be the result of non-optimal XDC constraints or non-optimal design architecture
Related violations: <none>

TIMING-16#334 Warning
Large setup violation  
There is a large setup violation of -1.845 ns between u_ex1_ex2/fwd_rs1_out_reg[0]/C (clocked by clk) and u_bp/btb_tag_reg[11][19]/CE (clocked by clk). Large setup violations at the end of those stages might be difficult to fix during the post-placement implementation flow and could be the result of non-optimal XDC constraints or non-optimal design architecture
Related violations: <none>

TIMING-16#335 Warning
Large setup violation  
There is a large setup violation of -1.845 ns between u_ex1_ex2/fwd_rs1_out_reg[0]/C (clocked by clk) and u_bp/btb_tag_reg[11][1]/CE (clocked by clk). Large setup violations at the end of those stages might be difficult to fix during the post-placement implementation flow and could be the result of non-optimal XDC constraints or non-optimal design architecture
Related violations: <none>

TIMING-16#336 Warning
Large setup violation  
There is a large setup violation of -1.845 ns between u_ex1_ex2/fwd_rs1_out_reg[0]/C (clocked by clk) and u_bp/btb_tag_reg[11][20]/CE (clocked by clk). Large setup violations at the end of those stages might be difficult to fix during the post-placement implementation flow and could be the result of non-optimal XDC constraints or non-optimal design architecture
Related violations: <none>

TIMING-16#337 Warning
Large setup violation  
There is a large setup violation of -1.845 ns between u_ex1_ex2/fwd_rs1_out_reg[0]/C (clocked by clk) and u_bp/btb_tag_reg[11][21]/CE (clocked by clk). Large setup violations at the end of those stages might be difficult to fix during the post-placement implementation flow and could be the result of non-optimal XDC constraints or non-optimal design architecture
Related violations: <none>

TIMING-16#338 Warning
Large setup violation  
There is a large setup violation of -1.845 ns between u_ex1_ex2/fwd_rs1_out_reg[0]/C (clocked by clk) and u_bp/btb_tag_reg[11][22]/CE (clocked by clk). Large setup violations at the end of those stages might be difficult to fix during the post-placement implementation flow and could be the result of non-optimal XDC constraints or non-optimal design architecture
Related violations: <none>

TIMING-16#339 Warning
Large setup violation  
There is a large setup violation of -1.845 ns between u_ex1_ex2/fwd_rs1_out_reg[0]/C (clocked by clk) and u_bp/btb_tag_reg[11][23]/CE (clocked by clk). Large setup violations at the end of those stages might be difficult to fix during the post-placement implementation flow and could be the result of non-optimal XDC constraints or non-optimal design architecture
Related violations: <none>

TIMING-16#340 Warning
Large setup violation  
There is a large setup violation of -1.845 ns between u_ex1_ex2/fwd_rs1_out_reg[0]/C (clocked by clk) and u_bp/btb_tag_reg[11][24]/CE (clocked by clk). Large setup violations at the end of those stages might be difficult to fix during the post-placement implementation flow and could be the result of non-optimal XDC constraints or non-optimal design architecture
Related violations: <none>

TIMING-16#341 Warning
Large setup violation  
There is a large setup violation of -1.845 ns between u_ex1_ex2/fwd_rs1_out_reg[0]/C (clocked by clk) and u_bp/btb_tag_reg[11][2]/CE (clocked by clk). Large setup violations at the end of those stages might be difficult to fix during the post-placement implementation flow and could be the result of non-optimal XDC constraints or non-optimal design architecture
Related violations: <none>

TIMING-16#342 Warning
Large setup violation  
There is a large setup violation of -1.845 ns between u_ex1_ex2/fwd_rs1_out_reg[0]/C (clocked by clk) and u_bp/btb_tag_reg[11][3]/CE (clocked by clk). Large setup violations at the end of those stages might be difficult to fix during the post-placement implementation flow and could be the result of non-optimal XDC constraints or non-optimal design architecture
Related violations: <none>

TIMING-16#343 Warning
Large setup violation  
There is a large setup violation of -1.845 ns between u_ex1_ex2/fwd_rs1_out_reg[0]/C (clocked by clk) and u_bp/btb_tag_reg[11][4]/CE (clocked by clk). Large setup violations at the end of those stages might be difficult to fix during the post-placement implementation flow and could be the result of non-optimal XDC constraints or non-optimal design architecture
Related violations: <none>

TIMING-16#344 Warning
Large setup violation  
There is a large setup violation of -1.845 ns between u_ex1_ex2/fwd_rs1_out_reg[0]/C (clocked by clk) and u_bp/btb_tag_reg[11][5]/CE (clocked by clk). Large setup violations at the end of those stages might be difficult to fix during the post-placement implementation flow and could be the result of non-optimal XDC constraints or non-optimal design architecture
Related violations: <none>

TIMING-16#345 Warning
Large setup violation  
There is a large setup violation of -1.845 ns between u_ex1_ex2/fwd_rs1_out_reg[0]/C (clocked by clk) and u_bp/btb_tag_reg[11][6]/CE (clocked by clk). Large setup violations at the end of those stages might be difficult to fix during the post-placement implementation flow and could be the result of non-optimal XDC constraints or non-optimal design architecture
Related violations: <none>

TIMING-16#346 Warning
Large setup violation  
There is a large setup violation of -1.845 ns between u_ex1_ex2/fwd_rs1_out_reg[0]/C (clocked by clk) and u_bp/btb_tag_reg[11][7]/CE (clocked by clk). Large setup violations at the end of those stages might be difficult to fix during the post-placement implementation flow and could be the result of non-optimal XDC constraints or non-optimal design architecture
Related violations: <none>

TIMING-16#347 Warning
Large setup violation  
There is a large setup violation of -1.845 ns between u_ex1_ex2/fwd_rs1_out_reg[0]/C (clocked by clk) and u_bp/btb_tag_reg[11][8]/CE (clocked by clk). Large setup violations at the end of those stages might be difficult to fix during the post-placement implementation flow and could be the result of non-optimal XDC constraints or non-optimal design architecture
Related violations: <none>

TIMING-16#348 Warning
Large setup violation  
There is a large setup violation of -1.845 ns between u_ex1_ex2/fwd_rs1_out_reg[0]/C (clocked by clk) and u_bp/btb_tag_reg[11][9]/CE (clocked by clk). Large setup violations at the end of those stages might be difficult to fix during the post-placement implementation flow and could be the result of non-optimal XDC constraints or non-optimal design architecture
Related violations: <none>

TIMING-16#349 Warning
Large setup violation  
There is a large setup violation of -1.845 ns between u_ex1_ex2/fwd_rs1_out_reg[0]/C (clocked by clk) and u_bp/btb_tag_reg[13][0]/CE (clocked by clk). Large setup violations at the end of those stages might be difficult to fix during the post-placement implementation flow and could be the result of non-optimal XDC constraints or non-optimal design architecture
Related violations: <none>

TIMING-16#350 Warning
Large setup violation  
There is a large setup violation of -1.845 ns between u_ex1_ex2/fwd_rs1_out_reg[0]/C (clocked by clk) and u_bp/btb_tag_reg[13][10]/CE (clocked by clk). Large setup violations at the end of those stages might be difficult to fix during the post-placement implementation flow and could be the result of non-optimal XDC constraints or non-optimal design architecture
Related violations: <none>

TIMING-16#351 Warning
Large setup violation  
There is a large setup violation of -1.845 ns between u_ex1_ex2/fwd_rs1_out_reg[0]/C (clocked by clk) and u_bp/btb_tag_reg[13][11]/CE (clocked by clk). Large setup violations at the end of those stages might be difficult to fix during the post-placement implementation flow and could be the result of non-optimal XDC constraints or non-optimal design architecture
Related violations: <none>

TIMING-16#352 Warning
Large setup violation  
There is a large setup violation of -1.845 ns between u_ex1_ex2/fwd_rs1_out_reg[0]/C (clocked by clk) and u_bp/btb_tag_reg[13][12]/CE (clocked by clk). Large setup violations at the end of those stages might be difficult to fix during the post-placement implementation flow and could be the result of non-optimal XDC constraints or non-optimal design architecture
Related violations: <none>

TIMING-16#353 Warning
Large setup violation  
There is a large setup violation of -1.845 ns between u_ex1_ex2/fwd_rs1_out_reg[0]/C (clocked by clk) and u_bp/btb_tag_reg[13][13]/CE (clocked by clk). Large setup violations at the end of those stages might be difficult to fix during the post-placement implementation flow and could be the result of non-optimal XDC constraints or non-optimal design architecture
Related violations: <none>

TIMING-16#354 Warning
Large setup violation  
There is a large setup violation of -1.845 ns between u_ex1_ex2/fwd_rs1_out_reg[0]/C (clocked by clk) and u_bp/btb_tag_reg[13][14]/CE (clocked by clk). Large setup violations at the end of those stages might be difficult to fix during the post-placement implementation flow and could be the result of non-optimal XDC constraints or non-optimal design architecture
Related violations: <none>

TIMING-16#355 Warning
Large setup violation  
There is a large setup violation of -1.845 ns between u_ex1_ex2/fwd_rs1_out_reg[0]/C (clocked by clk) and u_bp/btb_tag_reg[13][15]/CE (clocked by clk). Large setup violations at the end of those stages might be difficult to fix during the post-placement implementation flow and could be the result of non-optimal XDC constraints or non-optimal design architecture
Related violations: <none>

TIMING-16#356 Warning
Large setup violation  
There is a large setup violation of -1.845 ns between u_ex1_ex2/fwd_rs1_out_reg[0]/C (clocked by clk) and u_bp/btb_tag_reg[13][16]/CE (clocked by clk). Large setup violations at the end of those stages might be difficult to fix during the post-placement implementation flow and could be the result of non-optimal XDC constraints or non-optimal design architecture
Related violations: <none>

TIMING-16#357 Warning
Large setup violation  
There is a large setup violation of -1.845 ns between u_ex1_ex2/fwd_rs1_out_reg[0]/C (clocked by clk) and u_bp/btb_tag_reg[13][17]/CE (clocked by clk). Large setup violations at the end of those stages might be difficult to fix during the post-placement implementation flow and could be the result of non-optimal XDC constraints or non-optimal design architecture
Related violations: <none>

TIMING-16#358 Warning
Large setup violation  
There is a large setup violation of -1.845 ns between u_ex1_ex2/fwd_rs1_out_reg[0]/C (clocked by clk) and u_bp/btb_tag_reg[13][18]/CE (clocked by clk). Large setup violations at the end of those stages might be difficult to fix during the post-placement implementation flow and could be the result of non-optimal XDC constraints or non-optimal design architecture
Related violations: <none>

TIMING-16#359 Warning
Large setup violation  
There is a large setup violation of -1.845 ns between u_ex1_ex2/fwd_rs1_out_reg[0]/C (clocked by clk) and u_bp/btb_tag_reg[13][19]/CE (clocked by clk). Large setup violations at the end of those stages might be difficult to fix during the post-placement implementation flow and could be the result of non-optimal XDC constraints or non-optimal design architecture
Related violations: <none>

TIMING-16#360 Warning
Large setup violation  
There is a large setup violation of -1.845 ns between u_ex1_ex2/fwd_rs1_out_reg[0]/C (clocked by clk) and u_bp/btb_tag_reg[13][1]/CE (clocked by clk). Large setup violations at the end of those stages might be difficult to fix during the post-placement implementation flow and could be the result of non-optimal XDC constraints or non-optimal design architecture
Related violations: <none>

TIMING-16#361 Warning
Large setup violation  
There is a large setup violation of -1.845 ns between u_ex1_ex2/fwd_rs1_out_reg[0]/C (clocked by clk) and u_bp/btb_tag_reg[13][20]/CE (clocked by clk). Large setup violations at the end of those stages might be difficult to fix during the post-placement implementation flow and could be the result of non-optimal XDC constraints or non-optimal design architecture
Related violations: <none>

TIMING-16#362 Warning
Large setup violation  
There is a large setup violation of -1.845 ns between u_ex1_ex2/fwd_rs1_out_reg[0]/C (clocked by clk) and u_bp/btb_tag_reg[13][21]/CE (clocked by clk). Large setup violations at the end of those stages might be difficult to fix during the post-placement implementation flow and could be the result of non-optimal XDC constraints or non-optimal design architecture
Related violations: <none>

TIMING-16#363 Warning
Large setup violation  
There is a large setup violation of -1.845 ns between u_ex1_ex2/fwd_rs1_out_reg[0]/C (clocked by clk) and u_bp/btb_tag_reg[13][22]/CE (clocked by clk). Large setup violations at the end of those stages might be difficult to fix during the post-placement implementation flow and could be the result of non-optimal XDC constraints or non-optimal design architecture
Related violations: <none>

TIMING-16#364 Warning
Large setup violation  
There is a large setup violation of -1.845 ns between u_ex1_ex2/fwd_rs1_out_reg[0]/C (clocked by clk) and u_bp/btb_tag_reg[13][23]/CE (clocked by clk). Large setup violations at the end of those stages might be difficult to fix during the post-placement implementation flow and could be the result of non-optimal XDC constraints or non-optimal design architecture
Related violations: <none>

TIMING-16#365 Warning
Large setup violation  
There is a large setup violation of -1.845 ns between u_ex1_ex2/fwd_rs1_out_reg[0]/C (clocked by clk) and u_bp/btb_tag_reg[13][24]/CE (clocked by clk). Large setup violations at the end of those stages might be difficult to fix during the post-placement implementation flow and could be the result of non-optimal XDC constraints or non-optimal design architecture
Related violations: <none>

TIMING-16#366 Warning
Large setup violation  
There is a large setup violation of -1.845 ns between u_ex1_ex2/fwd_rs1_out_reg[0]/C (clocked by clk) and u_bp/btb_tag_reg[13][2]/CE (clocked by clk). Large setup violations at the end of those stages might be difficult to fix during the post-placement implementation flow and could be the result of non-optimal XDC constraints or non-optimal design architecture
Related violations: <none>

TIMING-16#367 Warning
Large setup violation  
There is a large setup violation of -1.845 ns between u_ex1_ex2/fwd_rs1_out_reg[0]/C (clocked by clk) and u_bp/btb_tag_reg[13][3]/CE (clocked by clk). Large setup violations at the end of those stages might be difficult to fix during the post-placement implementation flow and could be the result of non-optimal XDC constraints or non-optimal design architecture
Related violations: <none>

TIMING-16#368 Warning
Large setup violation  
There is a large setup violation of -1.845 ns between u_ex1_ex2/fwd_rs1_out_reg[0]/C (clocked by clk) and u_bp/btb_tag_reg[13][4]/CE (clocked by clk). Large setup violations at the end of those stages might be difficult to fix during the post-placement implementation flow and could be the result of non-optimal XDC constraints or non-optimal design architecture
Related violations: <none>

TIMING-16#369 Warning
Large setup violation  
There is a large setup violation of -1.845 ns between u_ex1_ex2/fwd_rs1_out_reg[0]/C (clocked by clk) and u_bp/btb_tag_reg[13][5]/CE (clocked by clk). Large setup violations at the end of those stages might be difficult to fix during the post-placement implementation flow and could be the result of non-optimal XDC constraints or non-optimal design architecture
Related violations: <none>

TIMING-16#370 Warning
Large setup violation  
There is a large setup violation of -1.845 ns between u_ex1_ex2/fwd_rs1_out_reg[0]/C (clocked by clk) and u_bp/btb_tag_reg[13][6]/CE (clocked by clk). Large setup violations at the end of those stages might be difficult to fix during the post-placement implementation flow and could be the result of non-optimal XDC constraints or non-optimal design architecture
Related violations: <none>

TIMING-16#371 Warning
Large setup violation  
There is a large setup violation of -1.845 ns between u_ex1_ex2/fwd_rs1_out_reg[0]/C (clocked by clk) and u_bp/btb_tag_reg[13][7]/CE (clocked by clk). Large setup violations at the end of those stages might be difficult to fix during the post-placement implementation flow and could be the result of non-optimal XDC constraints or non-optimal design architecture
Related violations: <none>

TIMING-16#372 Warning
Large setup violation  
There is a large setup violation of -1.845 ns between u_ex1_ex2/fwd_rs1_out_reg[0]/C (clocked by clk) and u_bp/btb_tag_reg[13][8]/CE (clocked by clk). Large setup violations at the end of those stages might be difficult to fix during the post-placement implementation flow and could be the result of non-optimal XDC constraints or non-optimal design architecture
Related violations: <none>

TIMING-16#373 Warning
Large setup violation  
There is a large setup violation of -1.845 ns between u_ex1_ex2/fwd_rs1_out_reg[0]/C (clocked by clk) and u_bp/btb_tag_reg[13][9]/CE (clocked by clk). Large setup violations at the end of those stages might be difficult to fix during the post-placement implementation flow and could be the result of non-optimal XDC constraints or non-optimal design architecture
Related violations: <none>

TIMING-16#374 Warning
Large setup violation  
There is a large setup violation of -1.845 ns between u_ex1_ex2/fwd_rs1_out_reg[0]/C (clocked by clk) and u_bp/btb_tag_reg[15][0]/CE (clocked by clk). Large setup violations at the end of those stages might be difficult to fix during the post-placement implementation flow and could be the result of non-optimal XDC constraints or non-optimal design architecture
Related violations: <none>

TIMING-16#375 Warning
Large setup violation  
There is a large setup violation of -1.845 ns between u_ex1_ex2/fwd_rs1_out_reg[0]/C (clocked by clk) and u_bp/btb_tag_reg[15][10]/CE (clocked by clk). Large setup violations at the end of those stages might be difficult to fix during the post-placement implementation flow and could be the result of non-optimal XDC constraints or non-optimal design architecture
Related violations: <none>

TIMING-16#376 Warning
Large setup violation  
There is a large setup violation of -1.845 ns between u_ex1_ex2/fwd_rs1_out_reg[0]/C (clocked by clk) and u_bp/btb_tag_reg[15][11]/CE (clocked by clk). Large setup violations at the end of those stages might be difficult to fix during the post-placement implementation flow and could be the result of non-optimal XDC constraints or non-optimal design architecture
Related violations: <none>

TIMING-16#377 Warning
Large setup violation  
There is a large setup violation of -1.845 ns between u_ex1_ex2/fwd_rs1_out_reg[0]/C (clocked by clk) and u_bp/btb_tag_reg[15][12]/CE (clocked by clk). Large setup violations at the end of those stages might be difficult to fix during the post-placement implementation flow and could be the result of non-optimal XDC constraints or non-optimal design architecture
Related violations: <none>

TIMING-16#378 Warning
Large setup violation  
There is a large setup violation of -1.845 ns between u_ex1_ex2/fwd_rs1_out_reg[0]/C (clocked by clk) and u_bp/btb_tag_reg[15][13]/CE (clocked by clk). Large setup violations at the end of those stages might be difficult to fix during the post-placement implementation flow and could be the result of non-optimal XDC constraints or non-optimal design architecture
Related violations: <none>

TIMING-16#379 Warning
Large setup violation  
There is a large setup violation of -1.845 ns between u_ex1_ex2/fwd_rs1_out_reg[0]/C (clocked by clk) and u_bp/btb_tag_reg[15][14]/CE (clocked by clk). Large setup violations at the end of those stages might be difficult to fix during the post-placement implementation flow and could be the result of non-optimal XDC constraints or non-optimal design architecture
Related violations: <none>

TIMING-16#380 Warning
Large setup violation  
There is a large setup violation of -1.845 ns between u_ex1_ex2/fwd_rs1_out_reg[0]/C (clocked by clk) and u_bp/btb_tag_reg[15][15]/CE (clocked by clk). Large setup violations at the end of those stages might be difficult to fix during the post-placement implementation flow and could be the result of non-optimal XDC constraints or non-optimal design architecture
Related violations: <none>

TIMING-16#381 Warning
Large setup violation  
There is a large setup violation of -1.845 ns between u_ex1_ex2/fwd_rs1_out_reg[0]/C (clocked by clk) and u_bp/btb_tag_reg[15][16]/CE (clocked by clk). Large setup violations at the end of those stages might be difficult to fix during the post-placement implementation flow and could be the result of non-optimal XDC constraints or non-optimal design architecture
Related violations: <none>

TIMING-16#382 Warning
Large setup violation  
There is a large setup violation of -1.845 ns between u_ex1_ex2/fwd_rs1_out_reg[0]/C (clocked by clk) and u_bp/btb_tag_reg[15][17]/CE (clocked by clk). Large setup violations at the end of those stages might be difficult to fix during the post-placement implementation flow and could be the result of non-optimal XDC constraints or non-optimal design architecture
Related violations: <none>

TIMING-16#383 Warning
Large setup violation  
There is a large setup violation of -1.845 ns between u_ex1_ex2/fwd_rs1_out_reg[0]/C (clocked by clk) and u_bp/btb_tag_reg[15][18]/CE (clocked by clk). Large setup violations at the end of those stages might be difficult to fix during the post-placement implementation flow and could be the result of non-optimal XDC constraints or non-optimal design architecture
Related violations: <none>

TIMING-16#384 Warning
Large setup violation  
There is a large setup violation of -1.845 ns between u_ex1_ex2/fwd_rs1_out_reg[0]/C (clocked by clk) and u_bp/btb_tag_reg[15][19]/CE (clocked by clk). Large setup violations at the end of those stages might be difficult to fix during the post-placement implementation flow and could be the result of non-optimal XDC constraints or non-optimal design architecture
Related violations: <none>

TIMING-16#385 Warning
Large setup violation  
There is a large setup violation of -1.845 ns between u_ex1_ex2/fwd_rs1_out_reg[0]/C (clocked by clk) and u_bp/btb_tag_reg[15][1]/CE (clocked by clk). Large setup violations at the end of those stages might be difficult to fix during the post-placement implementation flow and could be the result of non-optimal XDC constraints or non-optimal design architecture
Related violations: <none>

TIMING-16#386 Warning
Large setup violation  
There is a large setup violation of -1.845 ns between u_ex1_ex2/fwd_rs1_out_reg[0]/C (clocked by clk) and u_bp/btb_tag_reg[15][20]/CE (clocked by clk). Large setup violations at the end of those stages might be difficult to fix during the post-placement implementation flow and could be the result of non-optimal XDC constraints or non-optimal design architecture
Related violations: <none>

TIMING-16#387 Warning
Large setup violation  
There is a large setup violation of -1.845 ns between u_ex1_ex2/fwd_rs1_out_reg[0]/C (clocked by clk) and u_bp/btb_tag_reg[15][21]/CE (clocked by clk). Large setup violations at the end of those stages might be difficult to fix during the post-placement implementation flow and could be the result of non-optimal XDC constraints or non-optimal design architecture
Related violations: <none>

TIMING-16#388 Warning
Large setup violation  
There is a large setup violation of -1.845 ns between u_ex1_ex2/fwd_rs1_out_reg[0]/C (clocked by clk) and u_bp/btb_tag_reg[15][22]/CE (clocked by clk). Large setup violations at the end of those stages might be difficult to fix during the post-placement implementation flow and could be the result of non-optimal XDC constraints or non-optimal design architecture
Related violations: <none>

TIMING-16#389 Warning
Large setup violation  
There is a large setup violation of -1.845 ns between u_ex1_ex2/fwd_rs1_out_reg[0]/C (clocked by clk) and u_bp/btb_tag_reg[15][23]/CE (clocked by clk). Large setup violations at the end of those stages might be difficult to fix during the post-placement implementation flow and could be the result of non-optimal XDC constraints or non-optimal design architecture
Related violations: <none>

TIMING-16#390 Warning
Large setup violation  
There is a large setup violation of -1.845 ns between u_ex1_ex2/fwd_rs1_out_reg[0]/C (clocked by clk) and u_bp/btb_tag_reg[15][24]/CE (clocked by clk). Large setup violations at the end of those stages might be difficult to fix during the post-placement implementation flow and could be the result of non-optimal XDC constraints or non-optimal design architecture
Related violations: <none>

TIMING-16#391 Warning
Large setup violation  
There is a large setup violation of -1.845 ns between u_ex1_ex2/fwd_rs1_out_reg[0]/C (clocked by clk) and u_bp/btb_tag_reg[15][2]/CE (clocked by clk). Large setup violations at the end of those stages might be difficult to fix during the post-placement implementation flow and could be the result of non-optimal XDC constraints or non-optimal design architecture
Related violations: <none>

TIMING-16#392 Warning
Large setup violation  
There is a large setup violation of -1.845 ns between u_ex1_ex2/fwd_rs1_out_reg[0]/C (clocked by clk) and u_bp/btb_tag_reg[15][3]/CE (clocked by clk). Large setup violations at the end of those stages might be difficult to fix during the post-placement implementation flow and could be the result of non-optimal XDC constraints or non-optimal design architecture
Related violations: <none>

TIMING-16#393 Warning
Large setup violation  
There is a large setup violation of -1.845 ns between u_ex1_ex2/fwd_rs1_out_reg[0]/C (clocked by clk) and u_bp/btb_tag_reg[15][4]/CE (clocked by clk). Large setup violations at the end of those stages might be difficult to fix during the post-placement implementation flow and could be the result of non-optimal XDC constraints or non-optimal design architecture
Related violations: <none>

TIMING-16#394 Warning
Large setup violation  
There is a large setup violation of -1.845 ns between u_ex1_ex2/fwd_rs1_out_reg[0]/C (clocked by clk) and u_bp/btb_tag_reg[15][5]/CE (clocked by clk). Large setup violations at the end of those stages might be difficult to fix during the post-placement implementation flow and could be the result of non-optimal XDC constraints or non-optimal design architecture
Related violations: <none>

TIMING-16#395 Warning
Large setup violation  
There is a large setup violation of -1.845 ns between u_ex1_ex2/fwd_rs1_out_reg[0]/C (clocked by clk) and u_bp/btb_tag_reg[15][6]/CE (clocked by clk). Large setup violations at the end of those stages might be difficult to fix during the post-placement implementation flow and could be the result of non-optimal XDC constraints or non-optimal design architecture
Related violations: <none>

TIMING-16#396 Warning
Large setup violation  
There is a large setup violation of -1.845 ns between u_ex1_ex2/fwd_rs1_out_reg[0]/C (clocked by clk) and u_bp/btb_tag_reg[15][7]/CE (clocked by clk). Large setup violations at the end of those stages might be difficult to fix during the post-placement implementation flow and could be the result of non-optimal XDC constraints or non-optimal design architecture
Related violations: <none>

TIMING-16#397 Warning
Large setup violation  
There is a large setup violation of -1.845 ns between u_ex1_ex2/fwd_rs1_out_reg[0]/C (clocked by clk) and u_bp/btb_tag_reg[15][8]/CE (clocked by clk). Large setup violations at the end of those stages might be difficult to fix during the post-placement implementation flow and could be the result of non-optimal XDC constraints or non-optimal design architecture
Related violations: <none>

TIMING-16#398 Warning
Large setup violation  
There is a large setup violation of -1.845 ns between u_ex1_ex2/fwd_rs1_out_reg[0]/C (clocked by clk) and u_bp/btb_tag_reg[15][9]/CE (clocked by clk). Large setup violations at the end of those stages might be difficult to fix during the post-placement implementation flow and could be the result of non-optimal XDC constraints or non-optimal design architecture
Related violations: <none>

TIMING-16#399 Warning
Large setup violation  
There is a large setup violation of -1.845 ns between u_ex1_ex2/fwd_rs1_out_reg[0]/C (clocked by clk) and u_bp/btb_tag_reg[16][0]/CE (clocked by clk). Large setup violations at the end of those stages might be difficult to fix during the post-placement implementation flow and could be the result of non-optimal XDC constraints or non-optimal design architecture
Related violations: <none>

TIMING-16#400 Warning
Large setup violation  
There is a large setup violation of -1.845 ns between u_ex1_ex2/fwd_rs1_out_reg[0]/C (clocked by clk) and u_bp/btb_tag_reg[16][10]/CE (clocked by clk). Large setup violations at the end of those stages might be difficult to fix during the post-placement implementation flow and could be the result of non-optimal XDC constraints or non-optimal design architecture
Related violations: <none>

TIMING-16#401 Warning
Large setup violation  
There is a large setup violation of -1.845 ns between u_ex1_ex2/fwd_rs1_out_reg[0]/C (clocked by clk) and u_bp/btb_tag_reg[16][11]/CE (clocked by clk). Large setup violations at the end of those stages might be difficult to fix during the post-placement implementation flow and could be the result of non-optimal XDC constraints or non-optimal design architecture
Related violations: <none>

TIMING-16#402 Warning
Large setup violation  
There is a large setup violation of -1.845 ns between u_ex1_ex2/fwd_rs1_out_reg[0]/C (clocked by clk) and u_bp/btb_tag_reg[16][12]/CE (clocked by clk). Large setup violations at the end of those stages might be difficult to fix during the post-placement implementation flow and could be the result of non-optimal XDC constraints or non-optimal design architecture
Related violations: <none>

TIMING-16#403 Warning
Large setup violation  
There is a large setup violation of -1.845 ns between u_ex1_ex2/fwd_rs1_out_reg[0]/C (clocked by clk) and u_bp/btb_tag_reg[16][13]/CE (clocked by clk). Large setup violations at the end of those stages might be difficult to fix during the post-placement implementation flow and could be the result of non-optimal XDC constraints or non-optimal design architecture
Related violations: <none>

TIMING-16#404 Warning
Large setup violation  
There is a large setup violation of -1.845 ns between u_ex1_ex2/fwd_rs1_out_reg[0]/C (clocked by clk) and u_bp/btb_tag_reg[16][14]/CE (clocked by clk). Large setup violations at the end of those stages might be difficult to fix during the post-placement implementation flow and could be the result of non-optimal XDC constraints or non-optimal design architecture
Related violations: <none>

TIMING-16#405 Warning
Large setup violation  
There is a large setup violation of -1.845 ns between u_ex1_ex2/fwd_rs1_out_reg[0]/C (clocked by clk) and u_bp/btb_tag_reg[16][15]/CE (clocked by clk). Large setup violations at the end of those stages might be difficult to fix during the post-placement implementation flow and could be the result of non-optimal XDC constraints or non-optimal design architecture
Related violations: <none>

TIMING-16#406 Warning
Large setup violation  
There is a large setup violation of -1.845 ns between u_ex1_ex2/fwd_rs1_out_reg[0]/C (clocked by clk) and u_bp/btb_tag_reg[16][16]/CE (clocked by clk). Large setup violations at the end of those stages might be difficult to fix during the post-placement implementation flow and could be the result of non-optimal XDC constraints or non-optimal design architecture
Related violations: <none>

TIMING-16#407 Warning
Large setup violation  
There is a large setup violation of -1.845 ns between u_ex1_ex2/fwd_rs1_out_reg[0]/C (clocked by clk) and u_bp/btb_tag_reg[16][17]/CE (clocked by clk). Large setup violations at the end of those stages might be difficult to fix during the post-placement implementation flow and could be the result of non-optimal XDC constraints or non-optimal design architecture
Related violations: <none>

TIMING-16#408 Warning
Large setup violation  
There is a large setup violation of -1.845 ns between u_ex1_ex2/fwd_rs1_out_reg[0]/C (clocked by clk) and u_bp/btb_tag_reg[16][18]/CE (clocked by clk). Large setup violations at the end of those stages might be difficult to fix during the post-placement implementation flow and could be the result of non-optimal XDC constraints or non-optimal design architecture
Related violations: <none>

TIMING-16#409 Warning
Large setup violation  
There is a large setup violation of -1.845 ns between u_ex1_ex2/fwd_rs1_out_reg[0]/C (clocked by clk) and u_bp/btb_tag_reg[16][19]/CE (clocked by clk). Large setup violations at the end of those stages might be difficult to fix during the post-placement implementation flow and could be the result of non-optimal XDC constraints or non-optimal design architecture
Related violations: <none>

TIMING-16#410 Warning
Large setup violation  
There is a large setup violation of -1.845 ns between u_ex1_ex2/fwd_rs1_out_reg[0]/C (clocked by clk) and u_bp/btb_tag_reg[16][1]/CE (clocked by clk). Large setup violations at the end of those stages might be difficult to fix during the post-placement implementation flow and could be the result of non-optimal XDC constraints or non-optimal design architecture
Related violations: <none>

TIMING-16#411 Warning
Large setup violation  
There is a large setup violation of -1.845 ns between u_ex1_ex2/fwd_rs1_out_reg[0]/C (clocked by clk) and u_bp/btb_tag_reg[16][20]/CE (clocked by clk). Large setup violations at the end of those stages might be difficult to fix during the post-placement implementation flow and could be the result of non-optimal XDC constraints or non-optimal design architecture
Related violations: <none>

TIMING-16#412 Warning
Large setup violation  
There is a large setup violation of -1.845 ns between u_ex1_ex2/fwd_rs1_out_reg[0]/C (clocked by clk) and u_bp/btb_tag_reg[16][21]/CE (clocked by clk). Large setup violations at the end of those stages might be difficult to fix during the post-placement implementation flow and could be the result of non-optimal XDC constraints or non-optimal design architecture
Related violations: <none>

TIMING-16#413 Warning
Large setup violation  
There is a large setup violation of -1.845 ns between u_ex1_ex2/fwd_rs1_out_reg[0]/C (clocked by clk) and u_bp/btb_tag_reg[16][22]/CE (clocked by clk). Large setup violations at the end of those stages might be difficult to fix during the post-placement implementation flow and could be the result of non-optimal XDC constraints or non-optimal design architecture
Related violations: <none>

TIMING-16#414 Warning
Large setup violation  
There is a large setup violation of -1.845 ns between u_ex1_ex2/fwd_rs1_out_reg[0]/C (clocked by clk) and u_bp/btb_tag_reg[16][23]/CE (clocked by clk). Large setup violations at the end of those stages might be difficult to fix during the post-placement implementation flow and could be the result of non-optimal XDC constraints or non-optimal design architecture
Related violations: <none>

TIMING-16#415 Warning
Large setup violation  
There is a large setup violation of -1.845 ns between u_ex1_ex2/fwd_rs1_out_reg[0]/C (clocked by clk) and u_bp/btb_tag_reg[16][24]/CE (clocked by clk). Large setup violations at the end of those stages might be difficult to fix during the post-placement implementation flow and could be the result of non-optimal XDC constraints or non-optimal design architecture
Related violations: <none>

TIMING-16#416 Warning
Large setup violation  
There is a large setup violation of -1.845 ns between u_ex1_ex2/fwd_rs1_out_reg[0]/C (clocked by clk) and u_bp/btb_tag_reg[16][2]/CE (clocked by clk). Large setup violations at the end of those stages might be difficult to fix during the post-placement implementation flow and could be the result of non-optimal XDC constraints or non-optimal design architecture
Related violations: <none>

TIMING-16#417 Warning
Large setup violation  
There is a large setup violation of -1.845 ns between u_ex1_ex2/fwd_rs1_out_reg[0]/C (clocked by clk) and u_bp/btb_tag_reg[16][3]/CE (clocked by clk). Large setup violations at the end of those stages might be difficult to fix during the post-placement implementation flow and could be the result of non-optimal XDC constraints or non-optimal design architecture
Related violations: <none>

TIMING-16#418 Warning
Large setup violation  
There is a large setup violation of -1.845 ns between u_ex1_ex2/fwd_rs1_out_reg[0]/C (clocked by clk) and u_bp/btb_tag_reg[16][4]/CE (clocked by clk). Large setup violations at the end of those stages might be difficult to fix during the post-placement implementation flow and could be the result of non-optimal XDC constraints or non-optimal design architecture
Related violations: <none>

TIMING-16#419 Warning
Large setup violation  
There is a large setup violation of -1.845 ns between u_ex1_ex2/fwd_rs1_out_reg[0]/C (clocked by clk) and u_bp/btb_tag_reg[16][5]/CE (clocked by clk). Large setup violations at the end of those stages might be difficult to fix during the post-placement implementation flow and could be the result of non-optimal XDC constraints or non-optimal design architecture
Related violations: <none>

TIMING-16#420 Warning
Large setup violation  
There is a large setup violation of -1.845 ns between u_ex1_ex2/fwd_rs1_out_reg[0]/C (clocked by clk) and u_bp/btb_tag_reg[16][6]/CE (clocked by clk). Large setup violations at the end of those stages might be difficult to fix during the post-placement implementation flow and could be the result of non-optimal XDC constraints or non-optimal design architecture
Related violations: <none>

TIMING-16#421 Warning
Large setup violation  
There is a large setup violation of -1.845 ns between u_ex1_ex2/fwd_rs1_out_reg[0]/C (clocked by clk) and u_bp/btb_tag_reg[16][7]/CE (clocked by clk). Large setup violations at the end of those stages might be difficult to fix during the post-placement implementation flow and could be the result of non-optimal XDC constraints or non-optimal design architecture
Related violations: <none>

TIMING-16#422 Warning
Large setup violation  
There is a large setup violation of -1.845 ns between u_ex1_ex2/fwd_rs1_out_reg[0]/C (clocked by clk) and u_bp/btb_tag_reg[16][8]/CE (clocked by clk). Large setup violations at the end of those stages might be difficult to fix during the post-placement implementation flow and could be the result of non-optimal XDC constraints or non-optimal design architecture
Related violations: <none>

TIMING-16#423 Warning
Large setup violation  
There is a large setup violation of -1.845 ns between u_ex1_ex2/fwd_rs1_out_reg[0]/C (clocked by clk) and u_bp/btb_tag_reg[16][9]/CE (clocked by clk). Large setup violations at the end of those stages might be difficult to fix during the post-placement implementation flow and could be the result of non-optimal XDC constraints or non-optimal design architecture
Related violations: <none>

TIMING-16#424 Warning
Large setup violation  
There is a large setup violation of -1.845 ns between u_ex1_ex2/fwd_rs1_out_reg[0]/C (clocked by clk) and u_bp/btb_tag_reg[17][0]/CE (clocked by clk). Large setup violations at the end of those stages might be difficult to fix during the post-placement implementation flow and could be the result of non-optimal XDC constraints or non-optimal design architecture
Related violations: <none>

TIMING-16#425 Warning
Large setup violation  
There is a large setup violation of -1.845 ns between u_ex1_ex2/fwd_rs1_out_reg[0]/C (clocked by clk) and u_bp/btb_tag_reg[17][10]/CE (clocked by clk). Large setup violations at the end of those stages might be difficult to fix during the post-placement implementation flow and could be the result of non-optimal XDC constraints or non-optimal design architecture
Related violations: <none>

TIMING-16#426 Warning
Large setup violation  
There is a large setup violation of -1.845 ns between u_ex1_ex2/fwd_rs1_out_reg[0]/C (clocked by clk) and u_bp/btb_tag_reg[17][11]/CE (clocked by clk). Large setup violations at the end of those stages might be difficult to fix during the post-placement implementation flow and could be the result of non-optimal XDC constraints or non-optimal design architecture
Related violations: <none>

TIMING-16#427 Warning
Large setup violation  
There is a large setup violation of -1.845 ns between u_ex1_ex2/fwd_rs1_out_reg[0]/C (clocked by clk) and u_bp/btb_tag_reg[17][12]/CE (clocked by clk). Large setup violations at the end of those stages might be difficult to fix during the post-placement implementation flow and could be the result of non-optimal XDC constraints or non-optimal design architecture
Related violations: <none>

TIMING-16#428 Warning
Large setup violation  
There is a large setup violation of -1.845 ns between u_ex1_ex2/fwd_rs1_out_reg[0]/C (clocked by clk) and u_bp/btb_tag_reg[17][13]/CE (clocked by clk). Large setup violations at the end of those stages might be difficult to fix during the post-placement implementation flow and could be the result of non-optimal XDC constraints or non-optimal design architecture
Related violations: <none>

TIMING-16#429 Warning
Large setup violation  
There is a large setup violation of -1.845 ns between u_ex1_ex2/fwd_rs1_out_reg[0]/C (clocked by clk) and u_bp/btb_tag_reg[17][14]/CE (clocked by clk). Large setup violations at the end of those stages might be difficult to fix during the post-placement implementation flow and could be the result of non-optimal XDC constraints or non-optimal design architecture
Related violations: <none>

TIMING-16#430 Warning
Large setup violation  
There is a large setup violation of -1.845 ns between u_ex1_ex2/fwd_rs1_out_reg[0]/C (clocked by clk) and u_bp/btb_tag_reg[17][15]/CE (clocked by clk). Large setup violations at the end of those stages might be difficult to fix during the post-placement implementation flow and could be the result of non-optimal XDC constraints or non-optimal design architecture
Related violations: <none>

TIMING-16#431 Warning
Large setup violation  
There is a large setup violation of -1.845 ns between u_ex1_ex2/fwd_rs1_out_reg[0]/C (clocked by clk) and u_bp/btb_tag_reg[17][16]/CE (clocked by clk). Large setup violations at the end of those stages might be difficult to fix during the post-placement implementation flow and could be the result of non-optimal XDC constraints or non-optimal design architecture
Related violations: <none>

TIMING-16#432 Warning
Large setup violation  
There is a large setup violation of -1.845 ns between u_ex1_ex2/fwd_rs1_out_reg[0]/C (clocked by clk) and u_bp/btb_tag_reg[17][17]/CE (clocked by clk). Large setup violations at the end of those stages might be difficult to fix during the post-placement implementation flow and could be the result of non-optimal XDC constraints or non-optimal design architecture
Related violations: <none>

TIMING-16#433 Warning
Large setup violation  
There is a large setup violation of -1.845 ns between u_ex1_ex2/fwd_rs1_out_reg[0]/C (clocked by clk) and u_bp/btb_tag_reg[17][18]/CE (clocked by clk). Large setup violations at the end of those stages might be difficult to fix during the post-placement implementation flow and could be the result of non-optimal XDC constraints or non-optimal design architecture
Related violations: <none>

TIMING-16#434 Warning
Large setup violation  
There is a large setup violation of -1.845 ns between u_ex1_ex2/fwd_rs1_out_reg[0]/C (clocked by clk) and u_bp/btb_tag_reg[17][19]/CE (clocked by clk). Large setup violations at the end of those stages might be difficult to fix during the post-placement implementation flow and could be the result of non-optimal XDC constraints or non-optimal design architecture
Related violations: <none>

TIMING-16#435 Warning
Large setup violation  
There is a large setup violation of -1.845 ns between u_ex1_ex2/fwd_rs1_out_reg[0]/C (clocked by clk) and u_bp/btb_tag_reg[17][1]/CE (clocked by clk). Large setup violations at the end of those stages might be difficult to fix during the post-placement implementation flow and could be the result of non-optimal XDC constraints or non-optimal design architecture
Related violations: <none>

TIMING-16#436 Warning
Large setup violation  
There is a large setup violation of -1.845 ns between u_ex1_ex2/fwd_rs1_out_reg[0]/C (clocked by clk) and u_bp/btb_tag_reg[17][20]/CE (clocked by clk). Large setup violations at the end of those stages might be difficult to fix during the post-placement implementation flow and could be the result of non-optimal XDC constraints or non-optimal design architecture
Related violations: <none>

TIMING-16#437 Warning
Large setup violation  
There is a large setup violation of -1.845 ns between u_ex1_ex2/fwd_rs1_out_reg[0]/C (clocked by clk) and u_bp/btb_tag_reg[17][21]/CE (clocked by clk). Large setup violations at the end of those stages might be difficult to fix during the post-placement implementation flow and could be the result of non-optimal XDC constraints or non-optimal design architecture
Related violations: <none>

TIMING-16#438 Warning
Large setup violation  
There is a large setup violation of -1.845 ns between u_ex1_ex2/fwd_rs1_out_reg[0]/C (clocked by clk) and u_bp/btb_tag_reg[17][22]/CE (clocked by clk). Large setup violations at the end of those stages might be difficult to fix during the post-placement implementation flow and could be the result of non-optimal XDC constraints or non-optimal design architecture
Related violations: <none>

TIMING-16#439 Warning
Large setup violation  
There is a large setup violation of -1.845 ns between u_ex1_ex2/fwd_rs1_out_reg[0]/C (clocked by clk) and u_bp/btb_tag_reg[17][23]/CE (clocked by clk). Large setup violations at the end of those stages might be difficult to fix during the post-placement implementation flow and could be the result of non-optimal XDC constraints or non-optimal design architecture
Related violations: <none>

TIMING-16#440 Warning
Large setup violation  
There is a large setup violation of -1.845 ns between u_ex1_ex2/fwd_rs1_out_reg[0]/C (clocked by clk) and u_bp/btb_tag_reg[17][24]/CE (clocked by clk). Large setup violations at the end of those stages might be difficult to fix during the post-placement implementation flow and could be the result of non-optimal XDC constraints or non-optimal design architecture
Related violations: <none>

TIMING-16#441 Warning
Large setup violation  
There is a large setup violation of -1.845 ns between u_ex1_ex2/fwd_rs1_out_reg[0]/C (clocked by clk) and u_bp/btb_tag_reg[17][2]/CE (clocked by clk). Large setup violations at the end of those stages might be difficult to fix during the post-placement implementation flow and could be the result of non-optimal XDC constraints or non-optimal design architecture
Related violations: <none>

TIMING-16#442 Warning
Large setup violation  
There is a large setup violation of -1.845 ns between u_ex1_ex2/fwd_rs1_out_reg[0]/C (clocked by clk) and u_bp/btb_tag_reg[17][3]/CE (clocked by clk). Large setup violations at the end of those stages might be difficult to fix during the post-placement implementation flow and could be the result of non-optimal XDC constraints or non-optimal design architecture
Related violations: <none>

TIMING-16#443 Warning
Large setup violation  
There is a large setup violation of -1.845 ns between u_ex1_ex2/fwd_rs1_out_reg[0]/C (clocked by clk) and u_bp/btb_tag_reg[17][4]/CE (clocked by clk). Large setup violations at the end of those stages might be difficult to fix during the post-placement implementation flow and could be the result of non-optimal XDC constraints or non-optimal design architecture
Related violations: <none>

TIMING-16#444 Warning
Large setup violation  
There is a large setup violation of -1.845 ns between u_ex1_ex2/fwd_rs1_out_reg[0]/C (clocked by clk) and u_bp/btb_tag_reg[17][5]/CE (clocked by clk). Large setup violations at the end of those stages might be difficult to fix during the post-placement implementation flow and could be the result of non-optimal XDC constraints or non-optimal design architecture
Related violations: <none>

TIMING-16#445 Warning
Large setup violation  
There is a large setup violation of -1.845 ns between u_ex1_ex2/fwd_rs1_out_reg[0]/C (clocked by clk) and u_bp/btb_tag_reg[17][6]/CE (clocked by clk). Large setup violations at the end of those stages might be difficult to fix during the post-placement implementation flow and could be the result of non-optimal XDC constraints or non-optimal design architecture
Related violations: <none>

TIMING-16#446 Warning
Large setup violation  
There is a large setup violation of -1.845 ns between u_ex1_ex2/fwd_rs1_out_reg[0]/C (clocked by clk) and u_bp/btb_tag_reg[17][7]/CE (clocked by clk). Large setup violations at the end of those stages might be difficult to fix during the post-placement implementation flow and could be the result of non-optimal XDC constraints or non-optimal design architecture
Related violations: <none>

TIMING-16#447 Warning
Large setup violation  
There is a large setup violation of -1.845 ns between u_ex1_ex2/fwd_rs1_out_reg[0]/C (clocked by clk) and u_bp/btb_tag_reg[17][8]/CE (clocked by clk). Large setup violations at the end of those stages might be difficult to fix during the post-placement implementation flow and could be the result of non-optimal XDC constraints or non-optimal design architecture
Related violations: <none>

TIMING-16#448 Warning
Large setup violation  
There is a large setup violation of -1.845 ns between u_ex1_ex2/fwd_rs1_out_reg[0]/C (clocked by clk) and u_bp/btb_tag_reg[17][9]/CE (clocked by clk). Large setup violations at the end of those stages might be difficult to fix during the post-placement implementation flow and could be the result of non-optimal XDC constraints or non-optimal design architecture
Related violations: <none>

TIMING-16#449 Warning
Large setup violation  
There is a large setup violation of -1.845 ns between u_ex1_ex2/fwd_rs1_out_reg[0]/C (clocked by clk) and u_bp/btb_tag_reg[19][0]/CE (clocked by clk). Large setup violations at the end of those stages might be difficult to fix during the post-placement implementation flow and could be the result of non-optimal XDC constraints or non-optimal design architecture
Related violations: <none>

TIMING-16#450 Warning
Large setup violation  
There is a large setup violation of -1.845 ns between u_ex1_ex2/fwd_rs1_out_reg[0]/C (clocked by clk) and u_bp/btb_tag_reg[19][10]/CE (clocked by clk). Large setup violations at the end of those stages might be difficult to fix during the post-placement implementation flow and could be the result of non-optimal XDC constraints or non-optimal design architecture
Related violations: <none>

TIMING-16#451 Warning
Large setup violation  
There is a large setup violation of -1.845 ns between u_ex1_ex2/fwd_rs1_out_reg[0]/C (clocked by clk) and u_bp/btb_tag_reg[19][11]/CE (clocked by clk). Large setup violations at the end of those stages might be difficult to fix during the post-placement implementation flow and could be the result of non-optimal XDC constraints or non-optimal design architecture
Related violations: <none>

TIMING-16#452 Warning
Large setup violation  
There is a large setup violation of -1.845 ns between u_ex1_ex2/fwd_rs1_out_reg[0]/C (clocked by clk) and u_bp/btb_tag_reg[19][12]/CE (clocked by clk). Large setup violations at the end of those stages might be difficult to fix during the post-placement implementation flow and could be the result of non-optimal XDC constraints or non-optimal design architecture
Related violations: <none>

TIMING-16#453 Warning
Large setup violation  
There is a large setup violation of -1.845 ns between u_ex1_ex2/fwd_rs1_out_reg[0]/C (clocked by clk) and u_bp/btb_tag_reg[19][13]/CE (clocked by clk). Large setup violations at the end of those stages might be difficult to fix during the post-placement implementation flow and could be the result of non-optimal XDC constraints or non-optimal design architecture
Related violations: <none>

TIMING-16#454 Warning
Large setup violation  
There is a large setup violation of -1.845 ns between u_ex1_ex2/fwd_rs1_out_reg[0]/C (clocked by clk) and u_bp/btb_tag_reg[19][14]/CE (clocked by clk). Large setup violations at the end of those stages might be difficult to fix during the post-placement implementation flow and could be the result of non-optimal XDC constraints or non-optimal design architecture
Related violations: <none>

TIMING-16#455 Warning
Large setup violation  
There is a large setup violation of -1.845 ns between u_ex1_ex2/fwd_rs1_out_reg[0]/C (clocked by clk) and u_bp/btb_tag_reg[19][15]/CE (clocked by clk). Large setup violations at the end of those stages might be difficult to fix during the post-placement implementation flow and could be the result of non-optimal XDC constraints or non-optimal design architecture
Related violations: <none>

TIMING-16#456 Warning
Large setup violation  
There is a large setup violation of -1.845 ns between u_ex1_ex2/fwd_rs1_out_reg[0]/C (clocked by clk) and u_bp/btb_tag_reg[19][16]/CE (clocked by clk). Large setup violations at the end of those stages might be difficult to fix during the post-placement implementation flow and could be the result of non-optimal XDC constraints or non-optimal design architecture
Related violations: <none>

TIMING-16#457 Warning
Large setup violation  
There is a large setup violation of -1.845 ns between u_ex1_ex2/fwd_rs1_out_reg[0]/C (clocked by clk) and u_bp/btb_tag_reg[19][17]/CE (clocked by clk). Large setup violations at the end of those stages might be difficult to fix during the post-placement implementation flow and could be the result of non-optimal XDC constraints or non-optimal design architecture
Related violations: <none>

TIMING-16#458 Warning
Large setup violation  
There is a large setup violation of -1.845 ns between u_ex1_ex2/fwd_rs1_out_reg[0]/C (clocked by clk) and u_bp/btb_tag_reg[19][18]/CE (clocked by clk). Large setup violations at the end of those stages might be difficult to fix during the post-placement implementation flow and could be the result of non-optimal XDC constraints or non-optimal design architecture
Related violations: <none>

TIMING-16#459 Warning
Large setup violation  
There is a large setup violation of -1.845 ns between u_ex1_ex2/fwd_rs1_out_reg[0]/C (clocked by clk) and u_bp/btb_tag_reg[19][19]/CE (clocked by clk). Large setup violations at the end of those stages might be difficult to fix during the post-placement implementation flow and could be the result of non-optimal XDC constraints or non-optimal design architecture
Related violations: <none>

TIMING-16#460 Warning
Large setup violation  
There is a large setup violation of -1.845 ns between u_ex1_ex2/fwd_rs1_out_reg[0]/C (clocked by clk) and u_bp/btb_tag_reg[19][1]/CE (clocked by clk). Large setup violations at the end of those stages might be difficult to fix during the post-placement implementation flow and could be the result of non-optimal XDC constraints or non-optimal design architecture
Related violations: <none>

TIMING-16#461 Warning
Large setup violation  
There is a large setup violation of -1.845 ns between u_ex1_ex2/fwd_rs1_out_reg[0]/C (clocked by clk) and u_bp/btb_tag_reg[19][20]/CE (clocked by clk). Large setup violations at the end of those stages might be difficult to fix during the post-placement implementation flow and could be the result of non-optimal XDC constraints or non-optimal design architecture
Related violations: <none>

TIMING-16#462 Warning
Large setup violation  
There is a large setup violation of -1.845 ns between u_ex1_ex2/fwd_rs1_out_reg[0]/C (clocked by clk) and u_bp/btb_tag_reg[19][21]/CE (clocked by clk). Large setup violations at the end of those stages might be difficult to fix during the post-placement implementation flow and could be the result of non-optimal XDC constraints or non-optimal design architecture
Related violations: <none>

TIMING-16#463 Warning
Large setup violation  
There is a large setup violation of -1.845 ns between u_ex1_ex2/fwd_rs1_out_reg[0]/C (clocked by clk) and u_bp/btb_tag_reg[19][22]/CE (clocked by clk). Large setup violations at the end of those stages might be difficult to fix during the post-placement implementation flow and could be the result of non-optimal XDC constraints or non-optimal design architecture
Related violations: <none>

TIMING-16#464 Warning
Large setup violation  
There is a large setup violation of -1.845 ns between u_ex1_ex2/fwd_rs1_out_reg[0]/C (clocked by clk) and u_bp/btb_tag_reg[19][23]/CE (clocked by clk). Large setup violations at the end of those stages might be difficult to fix during the post-placement implementation flow and could be the result of non-optimal XDC constraints or non-optimal design architecture
Related violations: <none>

TIMING-16#465 Warning
Large setup violation  
There is a large setup violation of -1.845 ns between u_ex1_ex2/fwd_rs1_out_reg[0]/C (clocked by clk) and u_bp/btb_tag_reg[19][24]/CE (clocked by clk). Large setup violations at the end of those stages might be difficult to fix during the post-placement implementation flow and could be the result of non-optimal XDC constraints or non-optimal design architecture
Related violations: <none>

TIMING-16#466 Warning
Large setup violation  
There is a large setup violation of -1.845 ns between u_ex1_ex2/fwd_rs1_out_reg[0]/C (clocked by clk) and u_bp/btb_tag_reg[19][2]/CE (clocked by clk). Large setup violations at the end of those stages might be difficult to fix during the post-placement implementation flow and could be the result of non-optimal XDC constraints or non-optimal design architecture
Related violations: <none>

TIMING-16#467 Warning
Large setup violation  
There is a large setup violation of -1.845 ns between u_ex1_ex2/fwd_rs1_out_reg[0]/C (clocked by clk) and u_bp/btb_tag_reg[19][3]/CE (clocked by clk). Large setup violations at the end of those stages might be difficult to fix during the post-placement implementation flow and could be the result of non-optimal XDC constraints or non-optimal design architecture
Related violations: <none>

TIMING-16#468 Warning
Large setup violation  
There is a large setup violation of -1.845 ns between u_ex1_ex2/fwd_rs1_out_reg[0]/C (clocked by clk) and u_bp/btb_tag_reg[19][4]/CE (clocked by clk). Large setup violations at the end of those stages might be difficult to fix during the post-placement implementation flow and could be the result of non-optimal XDC constraints or non-optimal design architecture
Related violations: <none>

TIMING-16#469 Warning
Large setup violation  
There is a large setup violation of -1.845 ns between u_ex1_ex2/fwd_rs1_out_reg[0]/C (clocked by clk) and u_bp/btb_tag_reg[19][5]/CE (clocked by clk). Large setup violations at the end of those stages might be difficult to fix during the post-placement implementation flow and could be the result of non-optimal XDC constraints or non-optimal design architecture
Related violations: <none>

TIMING-16#470 Warning
Large setup violation  
There is a large setup violation of -1.845 ns between u_ex1_ex2/fwd_rs1_out_reg[0]/C (clocked by clk) and u_bp/btb_tag_reg[19][6]/CE (clocked by clk). Large setup violations at the end of those stages might be difficult to fix during the post-placement implementation flow and could be the result of non-optimal XDC constraints or non-optimal design architecture
Related violations: <none>

TIMING-16#471 Warning
Large setup violation  
There is a large setup violation of -1.845 ns between u_ex1_ex2/fwd_rs1_out_reg[0]/C (clocked by clk) and u_bp/btb_tag_reg[19][7]/CE (clocked by clk). Large setup violations at the end of those stages might be difficult to fix during the post-placement implementation flow and could be the result of non-optimal XDC constraints or non-optimal design architecture
Related violations: <none>

TIMING-16#472 Warning
Large setup violation  
There is a large setup violation of -1.845 ns between u_ex1_ex2/fwd_rs1_out_reg[0]/C (clocked by clk) and u_bp/btb_tag_reg[19][8]/CE (clocked by clk). Large setup violations at the end of those stages might be difficult to fix during the post-placement implementation flow and could be the result of non-optimal XDC constraints or non-optimal design architecture
Related violations: <none>

TIMING-16#473 Warning
Large setup violation  
There is a large setup violation of -1.845 ns between u_ex1_ex2/fwd_rs1_out_reg[0]/C (clocked by clk) and u_bp/btb_tag_reg[19][9]/CE (clocked by clk). Large setup violations at the end of those stages might be difficult to fix during the post-placement implementation flow and could be the result of non-optimal XDC constraints or non-optimal design architecture
Related violations: <none>

TIMING-16#474 Warning
Large setup violation  
There is a large setup violation of -1.845 ns between u_ex1_ex2/fwd_rs1_out_reg[0]/C (clocked by clk) and u_bp/btb_tag_reg[1][0]/CE (clocked by clk). Large setup violations at the end of those stages might be difficult to fix during the post-placement implementation flow and could be the result of non-optimal XDC constraints or non-optimal design architecture
Related violations: <none>

TIMING-16#475 Warning
Large setup violation  
There is a large setup violation of -1.845 ns between u_ex1_ex2/fwd_rs1_out_reg[0]/C (clocked by clk) and u_bp/btb_tag_reg[1][10]/CE (clocked by clk). Large setup violations at the end of those stages might be difficult to fix during the post-placement implementation flow and could be the result of non-optimal XDC constraints or non-optimal design architecture
Related violations: <none>

TIMING-16#476 Warning
Large setup violation  
There is a large setup violation of -1.845 ns between u_ex1_ex2/fwd_rs1_out_reg[0]/C (clocked by clk) and u_bp/btb_tag_reg[1][11]/CE (clocked by clk). Large setup violations at the end of those stages might be difficult to fix during the post-placement implementation flow and could be the result of non-optimal XDC constraints or non-optimal design architecture
Related violations: <none>

TIMING-16#477 Warning
Large setup violation  
There is a large setup violation of -1.845 ns between u_ex1_ex2/fwd_rs1_out_reg[0]/C (clocked by clk) and u_bp/btb_tag_reg[1][12]/CE (clocked by clk). Large setup violations at the end of those stages might be difficult to fix during the post-placement implementation flow and could be the result of non-optimal XDC constraints or non-optimal design architecture
Related violations: <none>

TIMING-16#478 Warning
Large setup violation  
There is a large setup violation of -1.845 ns between u_ex1_ex2/fwd_rs1_out_reg[0]/C (clocked by clk) and u_bp/btb_tag_reg[1][13]/CE (clocked by clk). Large setup violations at the end of those stages might be difficult to fix during the post-placement implementation flow and could be the result of non-optimal XDC constraints or non-optimal design architecture
Related violations: <none>

TIMING-16#479 Warning
Large setup violation  
There is a large setup violation of -1.845 ns between u_ex1_ex2/fwd_rs1_out_reg[0]/C (clocked by clk) and u_bp/btb_tag_reg[1][14]/CE (clocked by clk). Large setup violations at the end of those stages might be difficult to fix during the post-placement implementation flow and could be the result of non-optimal XDC constraints or non-optimal design architecture
Related violations: <none>

TIMING-16#480 Warning
Large setup violation  
There is a large setup violation of -1.845 ns between u_ex1_ex2/fwd_rs1_out_reg[0]/C (clocked by clk) and u_bp/btb_tag_reg[1][15]/CE (clocked by clk). Large setup violations at the end of those stages might be difficult to fix during the post-placement implementation flow and could be the result of non-optimal XDC constraints or non-optimal design architecture
Related violations: <none>

TIMING-16#481 Warning
Large setup violation  
There is a large setup violation of -1.845 ns between u_ex1_ex2/fwd_rs1_out_reg[0]/C (clocked by clk) and u_bp/btb_tag_reg[1][16]/CE (clocked by clk). Large setup violations at the end of those stages might be difficult to fix during the post-placement implementation flow and could be the result of non-optimal XDC constraints or non-optimal design architecture
Related violations: <none>

TIMING-16#482 Warning
Large setup violation  
There is a large setup violation of -1.845 ns between u_ex1_ex2/fwd_rs1_out_reg[0]/C (clocked by clk) and u_bp/btb_tag_reg[1][17]/CE (clocked by clk). Large setup violations at the end of those stages might be difficult to fix during the post-placement implementation flow and could be the result of non-optimal XDC constraints or non-optimal design architecture
Related violations: <none>

TIMING-16#483 Warning
Large setup violation  
There is a large setup violation of -1.845 ns between u_ex1_ex2/fwd_rs1_out_reg[0]/C (clocked by clk) and u_bp/btb_tag_reg[1][18]/CE (clocked by clk). Large setup violations at the end of those stages might be difficult to fix during the post-placement implementation flow and could be the result of non-optimal XDC constraints or non-optimal design architecture
Related violations: <none>

TIMING-16#484 Warning
Large setup violation  
There is a large setup violation of -1.845 ns between u_ex1_ex2/fwd_rs1_out_reg[0]/C (clocked by clk) and u_bp/btb_tag_reg[1][19]/CE (clocked by clk). Large setup violations at the end of those stages might be difficult to fix during the post-placement implementation flow and could be the result of non-optimal XDC constraints or non-optimal design architecture
Related violations: <none>

TIMING-16#485 Warning
Large setup violation  
There is a large setup violation of -1.845 ns between u_ex1_ex2/fwd_rs1_out_reg[0]/C (clocked by clk) and u_bp/btb_tag_reg[1][1]/CE (clocked by clk). Large setup violations at the end of those stages might be difficult to fix during the post-placement implementation flow and could be the result of non-optimal XDC constraints or non-optimal design architecture
Related violations: <none>

TIMING-16#486 Warning
Large setup violation  
There is a large setup violation of -1.845 ns between u_ex1_ex2/fwd_rs1_out_reg[0]/C (clocked by clk) and u_bp/btb_tag_reg[1][20]/CE (clocked by clk). Large setup violations at the end of those stages might be difficult to fix during the post-placement implementation flow and could be the result of non-optimal XDC constraints or non-optimal design architecture
Related violations: <none>

TIMING-16#487 Warning
Large setup violation  
There is a large setup violation of -1.845 ns between u_ex1_ex2/fwd_rs1_out_reg[0]/C (clocked by clk) and u_bp/btb_tag_reg[1][21]/CE (clocked by clk). Large setup violations at the end of those stages might be difficult to fix during the post-placement implementation flow and could be the result of non-optimal XDC constraints or non-optimal design architecture
Related violations: <none>

TIMING-16#488 Warning
Large setup violation  
There is a large setup violation of -1.845 ns between u_ex1_ex2/fwd_rs1_out_reg[0]/C (clocked by clk) and u_bp/btb_tag_reg[1][22]/CE (clocked by clk). Large setup violations at the end of those stages might be difficult to fix during the post-placement implementation flow and could be the result of non-optimal XDC constraints or non-optimal design architecture
Related violations: <none>

TIMING-16#489 Warning
Large setup violation  
There is a large setup violation of -1.845 ns between u_ex1_ex2/fwd_rs1_out_reg[0]/C (clocked by clk) and u_bp/btb_tag_reg[1][23]/CE (clocked by clk). Large setup violations at the end of those stages might be difficult to fix during the post-placement implementation flow and could be the result of non-optimal XDC constraints or non-optimal design architecture
Related violations: <none>

TIMING-16#490 Warning
Large setup violation  
There is a large setup violation of -1.845 ns between u_ex1_ex2/fwd_rs1_out_reg[0]/C (clocked by clk) and u_bp/btb_tag_reg[1][24]/CE (clocked by clk). Large setup violations at the end of those stages might be difficult to fix during the post-placement implementation flow and could be the result of non-optimal XDC constraints or non-optimal design architecture
Related violations: <none>

TIMING-16#491 Warning
Large setup violation  
There is a large setup violation of -1.845 ns between u_ex1_ex2/fwd_rs1_out_reg[0]/C (clocked by clk) and u_bp/btb_tag_reg[1][2]/CE (clocked by clk). Large setup violations at the end of those stages might be difficult to fix during the post-placement implementation flow and could be the result of non-optimal XDC constraints or non-optimal design architecture
Related violations: <none>

TIMING-16#492 Warning
Large setup violation  
There is a large setup violation of -1.845 ns between u_ex1_ex2/fwd_rs1_out_reg[0]/C (clocked by clk) and u_bp/btb_tag_reg[1][3]/CE (clocked by clk). Large setup violations at the end of those stages might be difficult to fix during the post-placement implementation flow and could be the result of non-optimal XDC constraints or non-optimal design architecture
Related violations: <none>

TIMING-16#493 Warning
Large setup violation  
There is a large setup violation of -1.845 ns between u_ex1_ex2/fwd_rs1_out_reg[0]/C (clocked by clk) and u_bp/btb_tag_reg[1][4]/CE (clocked by clk). Large setup violations at the end of those stages might be difficult to fix during the post-placement implementation flow and could be the result of non-optimal XDC constraints or non-optimal design architecture
Related violations: <none>

TIMING-16#494 Warning
Large setup violation  
There is a large setup violation of -1.845 ns between u_ex1_ex2/fwd_rs1_out_reg[0]/C (clocked by clk) and u_bp/btb_tag_reg[1][5]/CE (clocked by clk). Large setup violations at the end of those stages might be difficult to fix during the post-placement implementation flow and could be the result of non-optimal XDC constraints or non-optimal design architecture
Related violations: <none>

TIMING-16#495 Warning
Large setup violation  
There is a large setup violation of -1.845 ns between u_ex1_ex2/fwd_rs1_out_reg[0]/C (clocked by clk) and u_bp/btb_tag_reg[1][6]/CE (clocked by clk). Large setup violations at the end of those stages might be difficult to fix during the post-placement implementation flow and could be the result of non-optimal XDC constraints or non-optimal design architecture
Related violations: <none>

TIMING-16#496 Warning
Large setup violation  
There is a large setup violation of -1.845 ns between u_ex1_ex2/fwd_rs1_out_reg[0]/C (clocked by clk) and u_bp/btb_tag_reg[1][7]/CE (clocked by clk). Large setup violations at the end of those stages might be difficult to fix during the post-placement implementation flow and could be the result of non-optimal XDC constraints or non-optimal design architecture
Related violations: <none>

TIMING-16#497 Warning
Large setup violation  
There is a large setup violation of -1.845 ns between u_ex1_ex2/fwd_rs1_out_reg[0]/C (clocked by clk) and u_bp/btb_tag_reg[1][8]/CE (clocked by clk). Large setup violations at the end of those stages might be difficult to fix during the post-placement implementation flow and could be the result of non-optimal XDC constraints or non-optimal design architecture
Related violations: <none>

TIMING-16#498 Warning
Large setup violation  
There is a large setup violation of -1.845 ns between u_ex1_ex2/fwd_rs1_out_reg[0]/C (clocked by clk) and u_bp/btb_tag_reg[1][9]/CE (clocked by clk). Large setup violations at the end of those stages might be difficult to fix during the post-placement implementation flow and could be the result of non-optimal XDC constraints or non-optimal design architecture
Related violations: <none>

TIMING-16#499 Warning
Large setup violation  
There is a large setup violation of -1.845 ns between u_ex1_ex2/fwd_rs1_out_reg[0]/C (clocked by clk) and u_bp/btb_tag_reg[20][0]/CE (clocked by clk). Large setup violations at the end of those stages might be difficult to fix during the post-placement implementation flow and could be the result of non-optimal XDC constraints or non-optimal design architecture
Related violations: <none>

TIMING-16#500 Warning
Large setup violation  
There is a large setup violation of -1.845 ns between u_ex1_ex2/fwd_rs1_out_reg[0]/C (clocked by clk) and u_bp/btb_tag_reg[20][10]/CE (clocked by clk). Large setup violations at the end of those stages might be difficult to fix during the post-placement implementation flow and could be the result of non-optimal XDC constraints or non-optimal design architecture
Related violations: <none>

TIMING-16#501 Warning
Large setup violation  
There is a large setup violation of -1.845 ns between u_ex1_ex2/fwd_rs1_out_reg[0]/C (clocked by clk) and u_bp/btb_tag_reg[20][11]/CE (clocked by clk). Large setup violations at the end of those stages might be difficult to fix during the post-placement implementation flow and could be the result of non-optimal XDC constraints or non-optimal design architecture
Related violations: <none>

TIMING-16#502 Warning
Large setup violation  
There is a large setup violation of -1.845 ns between u_ex1_ex2/fwd_rs1_out_reg[0]/C (clocked by clk) and u_bp/btb_tag_reg[20][12]/CE (clocked by clk). Large setup violations at the end of those stages might be difficult to fix during the post-placement implementation flow and could be the result of non-optimal XDC constraints or non-optimal design architecture
Related violations: <none>

TIMING-16#503 Warning
Large setup violation  
There is a large setup violation of -1.845 ns between u_ex1_ex2/fwd_rs1_out_reg[0]/C (clocked by clk) and u_bp/btb_tag_reg[20][13]/CE (clocked by clk). Large setup violations at the end of those stages might be difficult to fix during the post-placement implementation flow and could be the result of non-optimal XDC constraints or non-optimal design architecture
Related violations: <none>

TIMING-16#504 Warning
Large setup violation  
There is a large setup violation of -1.845 ns between u_ex1_ex2/fwd_rs1_out_reg[0]/C (clocked by clk) and u_bp/btb_tag_reg[20][14]/CE (clocked by clk). Large setup violations at the end of those stages might be difficult to fix during the post-placement implementation flow and could be the result of non-optimal XDC constraints or non-optimal design architecture
Related violations: <none>

TIMING-16#505 Warning
Large setup violation  
There is a large setup violation of -1.845 ns between u_ex1_ex2/fwd_rs1_out_reg[0]/C (clocked by clk) and u_bp/btb_tag_reg[20][15]/CE (clocked by clk). Large setup violations at the end of those stages might be difficult to fix during the post-placement implementation flow and could be the result of non-optimal XDC constraints or non-optimal design architecture
Related violations: <none>

TIMING-16#506 Warning
Large setup violation  
There is a large setup violation of -1.845 ns between u_ex1_ex2/fwd_rs1_out_reg[0]/C (clocked by clk) and u_bp/btb_tag_reg[20][16]/CE (clocked by clk). Large setup violations at the end of those stages might be difficult to fix during the post-placement implementation flow and could be the result of non-optimal XDC constraints or non-optimal design architecture
Related violations: <none>

TIMING-16#507 Warning
Large setup violation  
There is a large setup violation of -1.845 ns between u_ex1_ex2/fwd_rs1_out_reg[0]/C (clocked by clk) and u_bp/btb_tag_reg[20][17]/CE (clocked by clk). Large setup violations at the end of those stages might be difficult to fix during the post-placement implementation flow and could be the result of non-optimal XDC constraints or non-optimal design architecture
Related violations: <none>

TIMING-16#508 Warning
Large setup violation  
There is a large setup violation of -1.845 ns between u_ex1_ex2/fwd_rs1_out_reg[0]/C (clocked by clk) and u_bp/btb_tag_reg[20][18]/CE (clocked by clk). Large setup violations at the end of those stages might be difficult to fix during the post-placement implementation flow and could be the result of non-optimal XDC constraints or non-optimal design architecture
Related violations: <none>

TIMING-16#509 Warning
Large setup violation  
There is a large setup violation of -1.845 ns between u_ex1_ex2/fwd_rs1_out_reg[0]/C (clocked by clk) and u_bp/btb_tag_reg[20][19]/CE (clocked by clk). Large setup violations at the end of those stages might be difficult to fix during the post-placement implementation flow and could be the result of non-optimal XDC constraints or non-optimal design architecture
Related violations: <none>

TIMING-16#510 Warning
Large setup violation  
There is a large setup violation of -1.845 ns between u_ex1_ex2/fwd_rs1_out_reg[0]/C (clocked by clk) and u_bp/btb_tag_reg[20][1]/CE (clocked by clk). Large setup violations at the end of those stages might be difficult to fix during the post-placement implementation flow and could be the result of non-optimal XDC constraints or non-optimal design architecture
Related violations: <none>

TIMING-16#511 Warning
Large setup violation  
There is a large setup violation of -1.845 ns between u_ex1_ex2/fwd_rs1_out_reg[0]/C (clocked by clk) and u_bp/btb_tag_reg[20][20]/CE (clocked by clk). Large setup violations at the end of those stages might be difficult to fix during the post-placement implementation flow and could be the result of non-optimal XDC constraints or non-optimal design architecture
Related violations: <none>

TIMING-16#512 Warning
Large setup violation  
There is a large setup violation of -1.845 ns between u_ex1_ex2/fwd_rs1_out_reg[0]/C (clocked by clk) and u_bp/btb_tag_reg[20][21]/CE (clocked by clk). Large setup violations at the end of those stages might be difficult to fix during the post-placement implementation flow and could be the result of non-optimal XDC constraints or non-optimal design architecture
Related violations: <none>

TIMING-16#513 Warning
Large setup violation  
There is a large setup violation of -1.845 ns between u_ex1_ex2/fwd_rs1_out_reg[0]/C (clocked by clk) and u_bp/btb_tag_reg[20][22]/CE (clocked by clk). Large setup violations at the end of those stages might be difficult to fix during the post-placement implementation flow and could be the result of non-optimal XDC constraints or non-optimal design architecture
Related violations: <none>

TIMING-16#514 Warning
Large setup violation  
There is a large setup violation of -1.845 ns between u_ex1_ex2/fwd_rs1_out_reg[0]/C (clocked by clk) and u_bp/btb_tag_reg[20][23]/CE (clocked by clk). Large setup violations at the end of those stages might be difficult to fix during the post-placement implementation flow and could be the result of non-optimal XDC constraints or non-optimal design architecture
Related violations: <none>

TIMING-16#515 Warning
Large setup violation  
There is a large setup violation of -1.845 ns between u_ex1_ex2/fwd_rs1_out_reg[0]/C (clocked by clk) and u_bp/btb_tag_reg[20][24]/CE (clocked by clk). Large setup violations at the end of those stages might be difficult to fix during the post-placement implementation flow and could be the result of non-optimal XDC constraints or non-optimal design architecture
Related violations: <none>

TIMING-16#516 Warning
Large setup violation  
There is a large setup violation of -1.845 ns between u_ex1_ex2/fwd_rs1_out_reg[0]/C (clocked by clk) and u_bp/btb_tag_reg[20][2]/CE (clocked by clk). Large setup violations at the end of those stages might be difficult to fix during the post-placement implementation flow and could be the result of non-optimal XDC constraints or non-optimal design architecture
Related violations: <none>

TIMING-16#517 Warning
Large setup violation  
There is a large setup violation of -1.845 ns between u_ex1_ex2/fwd_rs1_out_reg[0]/C (clocked by clk) and u_bp/btb_tag_reg[20][3]/CE (clocked by clk). Large setup violations at the end of those stages might be difficult to fix during the post-placement implementation flow and could be the result of non-optimal XDC constraints or non-optimal design architecture
Related violations: <none>

TIMING-16#518 Warning
Large setup violation  
There is a large setup violation of -1.845 ns between u_ex1_ex2/fwd_rs1_out_reg[0]/C (clocked by clk) and u_bp/btb_tag_reg[20][4]/CE (clocked by clk). Large setup violations at the end of those stages might be difficult to fix during the post-placement implementation flow and could be the result of non-optimal XDC constraints or non-optimal design architecture
Related violations: <none>

TIMING-16#519 Warning
Large setup violation  
There is a large setup violation of -1.845 ns between u_ex1_ex2/fwd_rs1_out_reg[0]/C (clocked by clk) and u_bp/btb_tag_reg[20][5]/CE (clocked by clk). Large setup violations at the end of those stages might be difficult to fix during the post-placement implementation flow and could be the result of non-optimal XDC constraints or non-optimal design architecture
Related violations: <none>

TIMING-16#520 Warning
Large setup violation  
There is a large setup violation of -1.845 ns between u_ex1_ex2/fwd_rs1_out_reg[0]/C (clocked by clk) and u_bp/btb_tag_reg[20][6]/CE (clocked by clk). Large setup violations at the end of those stages might be difficult to fix during the post-placement implementation flow and could be the result of non-optimal XDC constraints or non-optimal design architecture
Related violations: <none>

TIMING-16#521 Warning
Large setup violation  
There is a large setup violation of -1.845 ns between u_ex1_ex2/fwd_rs1_out_reg[0]/C (clocked by clk) and u_bp/btb_tag_reg[20][7]/CE (clocked by clk). Large setup violations at the end of those stages might be difficult to fix during the post-placement implementation flow and could be the result of non-optimal XDC constraints or non-optimal design architecture
Related violations: <none>

TIMING-16#522 Warning
Large setup violation  
There is a large setup violation of -1.845 ns between u_ex1_ex2/fwd_rs1_out_reg[0]/C (clocked by clk) and u_bp/btb_tag_reg[20][8]/CE (clocked by clk). Large setup violations at the end of those stages might be difficult to fix during the post-placement implementation flow and could be the result of non-optimal XDC constraints or non-optimal design architecture
Related violations: <none>

TIMING-16#523 Warning
Large setup violation  
There is a large setup violation of -1.845 ns between u_ex1_ex2/fwd_rs1_out_reg[0]/C (clocked by clk) and u_bp/btb_tag_reg[20][9]/CE (clocked by clk). Large setup violations at the end of those stages might be difficult to fix during the post-placement implementation flow and could be the result of non-optimal XDC constraints or non-optimal design architecture
Related violations: <none>

TIMING-16#524 Warning
Large setup violation  
There is a large setup violation of -1.845 ns between u_ex1_ex2/fwd_rs1_out_reg[0]/C (clocked by clk) and u_bp/btb_tag_reg[21][0]/CE (clocked by clk). Large setup violations at the end of those stages might be difficult to fix during the post-placement implementation flow and could be the result of non-optimal XDC constraints or non-optimal design architecture
Related violations: <none>

TIMING-16#525 Warning
Large setup violation  
There is a large setup violation of -1.845 ns between u_ex1_ex2/fwd_rs1_out_reg[0]/C (clocked by clk) and u_bp/btb_tag_reg[21][10]/CE (clocked by clk). Large setup violations at the end of those stages might be difficult to fix during the post-placement implementation flow and could be the result of non-optimal XDC constraints or non-optimal design architecture
Related violations: <none>

TIMING-16#526 Warning
Large setup violation  
There is a large setup violation of -1.845 ns between u_ex1_ex2/fwd_rs1_out_reg[0]/C (clocked by clk) and u_bp/btb_tag_reg[21][11]/CE (clocked by clk). Large setup violations at the end of those stages might be difficult to fix during the post-placement implementation flow and could be the result of non-optimal XDC constraints or non-optimal design architecture
Related violations: <none>

TIMING-16#527 Warning
Large setup violation  
There is a large setup violation of -1.845 ns between u_ex1_ex2/fwd_rs1_out_reg[0]/C (clocked by clk) and u_bp/btb_tag_reg[21][12]/CE (clocked by clk). Large setup violations at the end of those stages might be difficult to fix during the post-placement implementation flow and could be the result of non-optimal XDC constraints or non-optimal design architecture
Related violations: <none>

TIMING-16#528 Warning
Large setup violation  
There is a large setup violation of -1.845 ns between u_ex1_ex2/fwd_rs1_out_reg[0]/C (clocked by clk) and u_bp/btb_tag_reg[21][13]/CE (clocked by clk). Large setup violations at the end of those stages might be difficult to fix during the post-placement implementation flow and could be the result of non-optimal XDC constraints or non-optimal design architecture
Related violations: <none>

TIMING-16#529 Warning
Large setup violation  
There is a large setup violation of -1.845 ns between u_ex1_ex2/fwd_rs1_out_reg[0]/C (clocked by clk) and u_bp/btb_tag_reg[21][14]/CE (clocked by clk). Large setup violations at the end of those stages might be difficult to fix during the post-placement implementation flow and could be the result of non-optimal XDC constraints or non-optimal design architecture
Related violations: <none>

TIMING-16#530 Warning
Large setup violation  
There is a large setup violation of -1.845 ns between u_ex1_ex2/fwd_rs1_out_reg[0]/C (clocked by clk) and u_bp/btb_tag_reg[21][15]/CE (clocked by clk). Large setup violations at the end of those stages might be difficult to fix during the post-placement implementation flow and could be the result of non-optimal XDC constraints or non-optimal design architecture
Related violations: <none>

TIMING-16#531 Warning
Large setup violation  
There is a large setup violation of -1.845 ns between u_ex1_ex2/fwd_rs1_out_reg[0]/C (clocked by clk) and u_bp/btb_tag_reg[21][16]/CE (clocked by clk). Large setup violations at the end of those stages might be difficult to fix during the post-placement implementation flow and could be the result of non-optimal XDC constraints or non-optimal design architecture
Related violations: <none>

TIMING-16#532 Warning
Large setup violation  
There is a large setup violation of -1.845 ns between u_ex1_ex2/fwd_rs1_out_reg[0]/C (clocked by clk) and u_bp/btb_tag_reg[21][17]/CE (clocked by clk). Large setup violations at the end of those stages might be difficult to fix during the post-placement implementation flow and could be the result of non-optimal XDC constraints or non-optimal design architecture
Related violations: <none>

TIMING-16#533 Warning
Large setup violation  
There is a large setup violation of -1.845 ns between u_ex1_ex2/fwd_rs1_out_reg[0]/C (clocked by clk) and u_bp/btb_tag_reg[21][18]/CE (clocked by clk). Large setup violations at the end of those stages might be difficult to fix during the post-placement implementation flow and could be the result of non-optimal XDC constraints or non-optimal design architecture
Related violations: <none>

TIMING-16#534 Warning
Large setup violation  
There is a large setup violation of -1.845 ns between u_ex1_ex2/fwd_rs1_out_reg[0]/C (clocked by clk) and u_bp/btb_tag_reg[21][19]/CE (clocked by clk). Large setup violations at the end of those stages might be difficult to fix during the post-placement implementation flow and could be the result of non-optimal XDC constraints or non-optimal design architecture
Related violations: <none>

TIMING-16#535 Warning
Large setup violation  
There is a large setup violation of -1.845 ns between u_ex1_ex2/fwd_rs1_out_reg[0]/C (clocked by clk) and u_bp/btb_tag_reg[21][1]/CE (clocked by clk). Large setup violations at the end of those stages might be difficult to fix during the post-placement implementation flow and could be the result of non-optimal XDC constraints or non-optimal design architecture
Related violations: <none>

TIMING-16#536 Warning
Large setup violation  
There is a large setup violation of -1.845 ns between u_ex1_ex2/fwd_rs1_out_reg[0]/C (clocked by clk) and u_bp/btb_tag_reg[21][20]/CE (clocked by clk). Large setup violations at the end of those stages might be difficult to fix during the post-placement implementation flow and could be the result of non-optimal XDC constraints or non-optimal design architecture
Related violations: <none>

TIMING-16#537 Warning
Large setup violation  
There is a large setup violation of -1.845 ns between u_ex1_ex2/fwd_rs1_out_reg[0]/C (clocked by clk) and u_bp/btb_tag_reg[21][21]/CE (clocked by clk). Large setup violations at the end of those stages might be difficult to fix during the post-placement implementation flow and could be the result of non-optimal XDC constraints or non-optimal design architecture
Related violations: <none>

TIMING-16#538 Warning
Large setup violation  
There is a large setup violation of -1.845 ns between u_ex1_ex2/fwd_rs1_out_reg[0]/C (clocked by clk) and u_bp/btb_tag_reg[21][22]/CE (clocked by clk). Large setup violations at the end of those stages might be difficult to fix during the post-placement implementation flow and could be the result of non-optimal XDC constraints or non-optimal design architecture
Related violations: <none>

TIMING-16#539 Warning
Large setup violation  
There is a large setup violation of -1.845 ns between u_ex1_ex2/fwd_rs1_out_reg[0]/C (clocked by clk) and u_bp/btb_tag_reg[21][23]/CE (clocked by clk). Large setup violations at the end of those stages might be difficult to fix during the post-placement implementation flow and could be the result of non-optimal XDC constraints or non-optimal design architecture
Related violations: <none>

TIMING-16#540 Warning
Large setup violation  
There is a large setup violation of -1.845 ns between u_ex1_ex2/fwd_rs1_out_reg[0]/C (clocked by clk) and u_bp/btb_tag_reg[21][24]/CE (clocked by clk). Large setup violations at the end of those stages might be difficult to fix during the post-placement implementation flow and could be the result of non-optimal XDC constraints or non-optimal design architecture
Related violations: <none>

TIMING-16#541 Warning
Large setup violation  
There is a large setup violation of -1.845 ns between u_ex1_ex2/fwd_rs1_out_reg[0]/C (clocked by clk) and u_bp/btb_tag_reg[21][2]/CE (clocked by clk). Large setup violations at the end of those stages might be difficult to fix during the post-placement implementation flow and could be the result of non-optimal XDC constraints or non-optimal design architecture
Related violations: <none>

TIMING-16#542 Warning
Large setup violation  
There is a large setup violation of -1.845 ns between u_ex1_ex2/fwd_rs1_out_reg[0]/C (clocked by clk) and u_bp/btb_tag_reg[21][3]/CE (clocked by clk). Large setup violations at the end of those stages might be difficult to fix during the post-placement implementation flow and could be the result of non-optimal XDC constraints or non-optimal design architecture
Related violations: <none>

TIMING-16#543 Warning
Large setup violation  
There is a large setup violation of -1.845 ns between u_ex1_ex2/fwd_rs1_out_reg[0]/C (clocked by clk) and u_bp/btb_tag_reg[21][4]/CE (clocked by clk). Large setup violations at the end of those stages might be difficult to fix during the post-placement implementation flow and could be the result of non-optimal XDC constraints or non-optimal design architecture
Related violations: <none>

TIMING-16#544 Warning
Large setup violation  
There is a large setup violation of -1.845 ns between u_ex1_ex2/fwd_rs1_out_reg[0]/C (clocked by clk) and u_bp/btb_tag_reg[21][5]/CE (clocked by clk). Large setup violations at the end of those stages might be difficult to fix during the post-placement implementation flow and could be the result of non-optimal XDC constraints or non-optimal design architecture
Related violations: <none>

TIMING-16#545 Warning
Large setup violation  
There is a large setup violation of -1.845 ns between u_ex1_ex2/fwd_rs1_out_reg[0]/C (clocked by clk) and u_bp/btb_tag_reg[21][6]/CE (clocked by clk). Large setup violations at the end of those stages might be difficult to fix during the post-placement implementation flow and could be the result of non-optimal XDC constraints or non-optimal design architecture
Related violations: <none>

TIMING-16#546 Warning
Large setup violation  
There is a large setup violation of -1.845 ns between u_ex1_ex2/fwd_rs1_out_reg[0]/C (clocked by clk) and u_bp/btb_tag_reg[21][7]/CE (clocked by clk). Large setup violations at the end of those stages might be difficult to fix during the post-placement implementation flow and could be the result of non-optimal XDC constraints or non-optimal design architecture
Related violations: <none>

TIMING-16#547 Warning
Large setup violation  
There is a large setup violation of -1.845 ns between u_ex1_ex2/fwd_rs1_out_reg[0]/C (clocked by clk) and u_bp/btb_tag_reg[21][8]/CE (clocked by clk). Large setup violations at the end of those stages might be difficult to fix during the post-placement implementation flow and could be the result of non-optimal XDC constraints or non-optimal design architecture
Related violations: <none>

TIMING-16#548 Warning
Large setup violation  
There is a large setup violation of -1.845 ns between u_ex1_ex2/fwd_rs1_out_reg[0]/C (clocked by clk) and u_bp/btb_tag_reg[21][9]/CE (clocked by clk). Large setup violations at the end of those stages might be difficult to fix during the post-placement implementation flow and could be the result of non-optimal XDC constraints or non-optimal design architecture
Related violations: <none>

TIMING-16#549 Warning
Large setup violation  
There is a large setup violation of -1.845 ns between u_ex1_ex2/fwd_rs1_out_reg[0]/C (clocked by clk) and u_bp/btb_tag_reg[22][0]/CE (clocked by clk). Large setup violations at the end of those stages might be difficult to fix during the post-placement implementation flow and could be the result of non-optimal XDC constraints or non-optimal design architecture
Related violations: <none>

TIMING-16#550 Warning
Large setup violation  
There is a large setup violation of -1.845 ns between u_ex1_ex2/fwd_rs1_out_reg[0]/C (clocked by clk) and u_bp/btb_tag_reg[22][10]/CE (clocked by clk). Large setup violations at the end of those stages might be difficult to fix during the post-placement implementation flow and could be the result of non-optimal XDC constraints or non-optimal design architecture
Related violations: <none>

TIMING-16#551 Warning
Large setup violation  
There is a large setup violation of -1.845 ns between u_ex1_ex2/fwd_rs1_out_reg[0]/C (clocked by clk) and u_bp/btb_tag_reg[22][11]/CE (clocked by clk). Large setup violations at the end of those stages might be difficult to fix during the post-placement implementation flow and could be the result of non-optimal XDC constraints or non-optimal design architecture
Related violations: <none>

TIMING-16#552 Warning
Large setup violation  
There is a large setup violation of -1.845 ns between u_ex1_ex2/fwd_rs1_out_reg[0]/C (clocked by clk) and u_bp/btb_tag_reg[22][12]/CE (clocked by clk). Large setup violations at the end of those stages might be difficult to fix during the post-placement implementation flow and could be the result of non-optimal XDC constraints or non-optimal design architecture
Related violations: <none>

TIMING-16#553 Warning
Large setup violation  
There is a large setup violation of -1.845 ns between u_ex1_ex2/fwd_rs1_out_reg[0]/C (clocked by clk) and u_bp/btb_tag_reg[22][13]/CE (clocked by clk). Large setup violations at the end of those stages might be difficult to fix during the post-placement implementation flow and could be the result of non-optimal XDC constraints or non-optimal design architecture
Related violations: <none>

TIMING-16#554 Warning
Large setup violation  
There is a large setup violation of -1.845 ns between u_ex1_ex2/fwd_rs1_out_reg[0]/C (clocked by clk) and u_bp/btb_tag_reg[22][14]/CE (clocked by clk). Large setup violations at the end of those stages might be difficult to fix during the post-placement implementation flow and could be the result of non-optimal XDC constraints or non-optimal design architecture
Related violations: <none>

TIMING-16#555 Warning
Large setup violation  
There is a large setup violation of -1.845 ns between u_ex1_ex2/fwd_rs1_out_reg[0]/C (clocked by clk) and u_bp/btb_tag_reg[22][15]/CE (clocked by clk). Large setup violations at the end of those stages might be difficult to fix during the post-placement implementation flow and could be the result of non-optimal XDC constraints or non-optimal design architecture
Related violations: <none>

TIMING-16#556 Warning
Large setup violation  
There is a large setup violation of -1.845 ns between u_ex1_ex2/fwd_rs1_out_reg[0]/C (clocked by clk) and u_bp/btb_tag_reg[22][16]/CE (clocked by clk). Large setup violations at the end of those stages might be difficult to fix during the post-placement implementation flow and could be the result of non-optimal XDC constraints or non-optimal design architecture
Related violations: <none>

TIMING-16#557 Warning
Large setup violation  
There is a large setup violation of -1.845 ns between u_ex1_ex2/fwd_rs1_out_reg[0]/C (clocked by clk) and u_bp/btb_tag_reg[22][17]/CE (clocked by clk). Large setup violations at the end of those stages might be difficult to fix during the post-placement implementation flow and could be the result of non-optimal XDC constraints or non-optimal design architecture
Related violations: <none>

TIMING-16#558 Warning
Large setup violation  
There is a large setup violation of -1.845 ns between u_ex1_ex2/fwd_rs1_out_reg[0]/C (clocked by clk) and u_bp/btb_tag_reg[22][18]/CE (clocked by clk). Large setup violations at the end of those stages might be difficult to fix during the post-placement implementation flow and could be the result of non-optimal XDC constraints or non-optimal design architecture
Related violations: <none>

TIMING-16#559 Warning
Large setup violation  
There is a large setup violation of -1.845 ns between u_ex1_ex2/fwd_rs1_out_reg[0]/C (clocked by clk) and u_bp/btb_tag_reg[22][19]/CE (clocked by clk). Large setup violations at the end of those stages might be difficult to fix during the post-placement implementation flow and could be the result of non-optimal XDC constraints or non-optimal design architecture
Related violations: <none>

TIMING-16#560 Warning
Large setup violation  
There is a large setup violation of -1.845 ns between u_ex1_ex2/fwd_rs1_out_reg[0]/C (clocked by clk) and u_bp/btb_tag_reg[22][1]/CE (clocked by clk). Large setup violations at the end of those stages might be difficult to fix during the post-placement implementation flow and could be the result of non-optimal XDC constraints or non-optimal design architecture
Related violations: <none>

TIMING-16#561 Warning
Large setup violation  
There is a large setup violation of -1.845 ns between u_ex1_ex2/fwd_rs1_out_reg[0]/C (clocked by clk) and u_bp/btb_tag_reg[22][20]/CE (clocked by clk). Large setup violations at the end of those stages might be difficult to fix during the post-placement implementation flow and could be the result of non-optimal XDC constraints or non-optimal design architecture
Related violations: <none>

TIMING-16#562 Warning
Large setup violation  
There is a large setup violation of -1.845 ns between u_ex1_ex2/fwd_rs1_out_reg[0]/C (clocked by clk) and u_bp/btb_tag_reg[22][21]/CE (clocked by clk). Large setup violations at the end of those stages might be difficult to fix during the post-placement implementation flow and could be the result of non-optimal XDC constraints or non-optimal design architecture
Related violations: <none>

TIMING-16#563 Warning
Large setup violation  
There is a large setup violation of -1.845 ns between u_ex1_ex2/fwd_rs1_out_reg[0]/C (clocked by clk) and u_bp/btb_tag_reg[22][22]/CE (clocked by clk). Large setup violations at the end of those stages might be difficult to fix during the post-placement implementation flow and could be the result of non-optimal XDC constraints or non-optimal design architecture
Related violations: <none>

TIMING-16#564 Warning
Large setup violation  
There is a large setup violation of -1.845 ns between u_ex1_ex2/fwd_rs1_out_reg[0]/C (clocked by clk) and u_bp/btb_tag_reg[22][23]/CE (clocked by clk). Large setup violations at the end of those stages might be difficult to fix during the post-placement implementation flow and could be the result of non-optimal XDC constraints or non-optimal design architecture
Related violations: <none>

TIMING-16#565 Warning
Large setup violation  
There is a large setup violation of -1.845 ns between u_ex1_ex2/fwd_rs1_out_reg[0]/C (clocked by clk) and u_bp/btb_tag_reg[22][24]/CE (clocked by clk). Large setup violations at the end of those stages might be difficult to fix during the post-placement implementation flow and could be the result of non-optimal XDC constraints or non-optimal design architecture
Related violations: <none>

TIMING-16#566 Warning
Large setup violation  
There is a large setup violation of -1.845 ns between u_ex1_ex2/fwd_rs1_out_reg[0]/C (clocked by clk) and u_bp/btb_tag_reg[22][2]/CE (clocked by clk). Large setup violations at the end of those stages might be difficult to fix during the post-placement implementation flow and could be the result of non-optimal XDC constraints or non-optimal design architecture
Related violations: <none>

TIMING-16#567 Warning
Large setup violation  
There is a large setup violation of -1.845 ns between u_ex1_ex2/fwd_rs1_out_reg[0]/C (clocked by clk) and u_bp/btb_tag_reg[22][3]/CE (clocked by clk). Large setup violations at the end of those stages might be difficult to fix during the post-placement implementation flow and could be the result of non-optimal XDC constraints or non-optimal design architecture
Related violations: <none>

TIMING-16#568 Warning
Large setup violation  
There is a large setup violation of -1.845 ns between u_ex1_ex2/fwd_rs1_out_reg[0]/C (clocked by clk) and u_bp/btb_tag_reg[22][4]/CE (clocked by clk). Large setup violations at the end of those stages might be difficult to fix during the post-placement implementation flow and could be the result of non-optimal XDC constraints or non-optimal design architecture
Related violations: <none>

TIMING-16#569 Warning
Large setup violation  
There is a large setup violation of -1.845 ns between u_ex1_ex2/fwd_rs1_out_reg[0]/C (clocked by clk) and u_bp/btb_tag_reg[22][5]/CE (clocked by clk). Large setup violations at the end of those stages might be difficult to fix during the post-placement implementation flow and could be the result of non-optimal XDC constraints or non-optimal design architecture
Related violations: <none>

TIMING-16#570 Warning
Large setup violation  
There is a large setup violation of -1.845 ns between u_ex1_ex2/fwd_rs1_out_reg[0]/C (clocked by clk) and u_bp/btb_tag_reg[22][6]/CE (clocked by clk). Large setup violations at the end of those stages might be difficult to fix during the post-placement implementation flow and could be the result of non-optimal XDC constraints or non-optimal design architecture
Related violations: <none>

TIMING-16#571 Warning
Large setup violation  
There is a large setup violation of -1.845 ns between u_ex1_ex2/fwd_rs1_out_reg[0]/C (clocked by clk) and u_bp/btb_tag_reg[22][7]/CE (clocked by clk). Large setup violations at the end of those stages might be difficult to fix during the post-placement implementation flow and could be the result of non-optimal XDC constraints or non-optimal design architecture
Related violations: <none>

TIMING-16#572 Warning
Large setup violation  
There is a large setup violation of -1.845 ns between u_ex1_ex2/fwd_rs1_out_reg[0]/C (clocked by clk) and u_bp/btb_tag_reg[22][8]/CE (clocked by clk). Large setup violations at the end of those stages might be difficult to fix during the post-placement implementation flow and could be the result of non-optimal XDC constraints or non-optimal design architecture
Related violations: <none>

TIMING-16#573 Warning
Large setup violation  
There is a large setup violation of -1.845 ns between u_ex1_ex2/fwd_rs1_out_reg[0]/C (clocked by clk) and u_bp/btb_tag_reg[22][9]/CE (clocked by clk). Large setup violations at the end of those stages might be difficult to fix during the post-placement implementation flow and could be the result of non-optimal XDC constraints or non-optimal design architecture
Related violations: <none>

TIMING-16#574 Warning
Large setup violation  
There is a large setup violation of -1.845 ns between u_ex1_ex2/fwd_rs1_out_reg[0]/C (clocked by clk) and u_bp/btb_tag_reg[23][0]/CE (clocked by clk). Large setup violations at the end of those stages might be difficult to fix during the post-placement implementation flow and could be the result of non-optimal XDC constraints or non-optimal design architecture
Related violations: <none>

TIMING-16#575 Warning
Large setup violation  
There is a large setup violation of -1.845 ns between u_ex1_ex2/fwd_rs1_out_reg[0]/C (clocked by clk) and u_bp/btb_tag_reg[23][10]/CE (clocked by clk). Large setup violations at the end of those stages might be difficult to fix during the post-placement implementation flow and could be the result of non-optimal XDC constraints or non-optimal design architecture
Related violations: <none>

TIMING-16#576 Warning
Large setup violation  
There is a large setup violation of -1.845 ns between u_ex1_ex2/fwd_rs1_out_reg[0]/C (clocked by clk) and u_bp/btb_tag_reg[23][11]/CE (clocked by clk). Large setup violations at the end of those stages might be difficult to fix during the post-placement implementation flow and could be the result of non-optimal XDC constraints or non-optimal design architecture
Related violations: <none>

TIMING-16#577 Warning
Large setup violation  
There is a large setup violation of -1.845 ns between u_ex1_ex2/fwd_rs1_out_reg[0]/C (clocked by clk) and u_bp/btb_tag_reg[23][12]/CE (clocked by clk). Large setup violations at the end of those stages might be difficult to fix during the post-placement implementation flow and could be the result of non-optimal XDC constraints or non-optimal design architecture
Related violations: <none>

TIMING-16#578 Warning
Large setup violation  
There is a large setup violation of -1.845 ns between u_ex1_ex2/fwd_rs1_out_reg[0]/C (clocked by clk) and u_bp/btb_tag_reg[23][13]/CE (clocked by clk). Large setup violations at the end of those stages might be difficult to fix during the post-placement implementation flow and could be the result of non-optimal XDC constraints or non-optimal design architecture
Related violations: <none>

TIMING-16#579 Warning
Large setup violation  
There is a large setup violation of -1.845 ns between u_ex1_ex2/fwd_rs1_out_reg[0]/C (clocked by clk) and u_bp/btb_tag_reg[23][14]/CE (clocked by clk). Large setup violations at the end of those stages might be difficult to fix during the post-placement implementation flow and could be the result of non-optimal XDC constraints or non-optimal design architecture
Related violations: <none>

TIMING-16#580 Warning
Large setup violation  
There is a large setup violation of -1.845 ns between u_ex1_ex2/fwd_rs1_out_reg[0]/C (clocked by clk) and u_bp/btb_tag_reg[23][15]/CE (clocked by clk). Large setup violations at the end of those stages might be difficult to fix during the post-placement implementation flow and could be the result of non-optimal XDC constraints or non-optimal design architecture
Related violations: <none>

TIMING-16#581 Warning
Large setup violation  
There is a large setup violation of -1.845 ns between u_ex1_ex2/fwd_rs1_out_reg[0]/C (clocked by clk) and u_bp/btb_tag_reg[23][16]/CE (clocked by clk). Large setup violations at the end of those stages might be difficult to fix during the post-placement implementation flow and could be the result of non-optimal XDC constraints or non-optimal design architecture
Related violations: <none>

TIMING-16#582 Warning
Large setup violation  
There is a large setup violation of -1.845 ns between u_ex1_ex2/fwd_rs1_out_reg[0]/C (clocked by clk) and u_bp/btb_tag_reg[23][17]/CE (clocked by clk). Large setup violations at the end of those stages might be difficult to fix during the post-placement implementation flow and could be the result of non-optimal XDC constraints or non-optimal design architecture
Related violations: <none>

TIMING-16#583 Warning
Large setup violation  
There is a large setup violation of -1.845 ns between u_ex1_ex2/fwd_rs1_out_reg[0]/C (clocked by clk) and u_bp/btb_tag_reg[23][18]/CE (clocked by clk). Large setup violations at the end of those stages might be difficult to fix during the post-placement implementation flow and could be the result of non-optimal XDC constraints or non-optimal design architecture
Related violations: <none>

TIMING-16#584 Warning
Large setup violation  
There is a large setup violation of -1.845 ns between u_ex1_ex2/fwd_rs1_out_reg[0]/C (clocked by clk) and u_bp/btb_tag_reg[23][19]/CE (clocked by clk). Large setup violations at the end of those stages might be difficult to fix during the post-placement implementation flow and could be the result of non-optimal XDC constraints or non-optimal design architecture
Related violations: <none>

TIMING-16#585 Warning
Large setup violation  
There is a large setup violation of -1.845 ns between u_ex1_ex2/fwd_rs1_out_reg[0]/C (clocked by clk) and u_bp/btb_tag_reg[23][1]/CE (clocked by clk). Large setup violations at the end of those stages might be difficult to fix during the post-placement implementation flow and could be the result of non-optimal XDC constraints or non-optimal design architecture
Related violations: <none>

TIMING-16#586 Warning
Large setup violation  
There is a large setup violation of -1.845 ns between u_ex1_ex2/fwd_rs1_out_reg[0]/C (clocked by clk) and u_bp/btb_tag_reg[23][20]/CE (clocked by clk). Large setup violations at the end of those stages might be difficult to fix during the post-placement implementation flow and could be the result of non-optimal XDC constraints or non-optimal design architecture
Related violations: <none>

TIMING-16#587 Warning
Large setup violation  
There is a large setup violation of -1.845 ns between u_ex1_ex2/fwd_rs1_out_reg[0]/C (clocked by clk) and u_bp/btb_tag_reg[23][21]/CE (clocked by clk). Large setup violations at the end of those stages might be difficult to fix during the post-placement implementation flow and could be the result of non-optimal XDC constraints or non-optimal design architecture
Related violations: <none>

TIMING-16#588 Warning
Large setup violation  
There is a large setup violation of -1.845 ns between u_ex1_ex2/fwd_rs1_out_reg[0]/C (clocked by clk) and u_bp/btb_tag_reg[23][22]/CE (clocked by clk). Large setup violations at the end of those stages might be difficult to fix during the post-placement implementation flow and could be the result of non-optimal XDC constraints or non-optimal design architecture
Related violations: <none>

TIMING-16#589 Warning
Large setup violation  
There is a large setup violation of -1.845 ns between u_ex1_ex2/fwd_rs1_out_reg[0]/C (clocked by clk) and u_bp/btb_tag_reg[23][23]/CE (clocked by clk). Large setup violations at the end of those stages might be difficult to fix during the post-placement implementation flow and could be the result of non-optimal XDC constraints or non-optimal design architecture
Related violations: <none>

TIMING-16#590 Warning
Large setup violation  
There is a large setup violation of -1.845 ns between u_ex1_ex2/fwd_rs1_out_reg[0]/C (clocked by clk) and u_bp/btb_tag_reg[23][24]/CE (clocked by clk). Large setup violations at the end of those stages might be difficult to fix during the post-placement implementation flow and could be the result of non-optimal XDC constraints or non-optimal design architecture
Related violations: <none>

TIMING-16#591 Warning
Large setup violation  
There is a large setup violation of -1.845 ns between u_ex1_ex2/fwd_rs1_out_reg[0]/C (clocked by clk) and u_bp/btb_tag_reg[23][2]/CE (clocked by clk). Large setup violations at the end of those stages might be difficult to fix during the post-placement implementation flow and could be the result of non-optimal XDC constraints or non-optimal design architecture
Related violations: <none>

TIMING-16#592 Warning
Large setup violation  
There is a large setup violation of -1.845 ns between u_ex1_ex2/fwd_rs1_out_reg[0]/C (clocked by clk) and u_bp/btb_tag_reg[23][3]/CE (clocked by clk). Large setup violations at the end of those stages might be difficult to fix during the post-placement implementation flow and could be the result of non-optimal XDC constraints or non-optimal design architecture
Related violations: <none>

TIMING-16#593 Warning
Large setup violation  
There is a large setup violation of -1.845 ns between u_ex1_ex2/fwd_rs1_out_reg[0]/C (clocked by clk) and u_bp/btb_tag_reg[23][4]/CE (clocked by clk). Large setup violations at the end of those stages might be difficult to fix during the post-placement implementation flow and could be the result of non-optimal XDC constraints or non-optimal design architecture
Related violations: <none>

TIMING-16#594 Warning
Large setup violation  
There is a large setup violation of -1.845 ns between u_ex1_ex2/fwd_rs1_out_reg[0]/C (clocked by clk) and u_bp/btb_tag_reg[23][5]/CE (clocked by clk). Large setup violations at the end of those stages might be difficult to fix during the post-placement implementation flow and could be the result of non-optimal XDC constraints or non-optimal design architecture
Related violations: <none>

TIMING-16#595 Warning
Large setup violation  
There is a large setup violation of -1.845 ns between u_ex1_ex2/fwd_rs1_out_reg[0]/C (clocked by clk) and u_bp/btb_tag_reg[23][6]/CE (clocked by clk). Large setup violations at the end of those stages might be difficult to fix during the post-placement implementation flow and could be the result of non-optimal XDC constraints or non-optimal design architecture
Related violations: <none>

TIMING-16#596 Warning
Large setup violation  
There is a large setup violation of -1.845 ns between u_ex1_ex2/fwd_rs1_out_reg[0]/C (clocked by clk) and u_bp/btb_tag_reg[23][7]/CE (clocked by clk). Large setup violations at the end of those stages might be difficult to fix during the post-placement implementation flow and could be the result of non-optimal XDC constraints or non-optimal design architecture
Related violations: <none>

TIMING-16#597 Warning
Large setup violation  
There is a large setup violation of -1.845 ns between u_ex1_ex2/fwd_rs1_out_reg[0]/C (clocked by clk) and u_bp/btb_tag_reg[23][8]/CE (clocked by clk). Large setup violations at the end of those stages might be difficult to fix during the post-placement implementation flow and could be the result of non-optimal XDC constraints or non-optimal design architecture
Related violations: <none>

TIMING-16#598 Warning
Large setup violation  
There is a large setup violation of -1.845 ns between u_ex1_ex2/fwd_rs1_out_reg[0]/C (clocked by clk) and u_bp/btb_tag_reg[23][9]/CE (clocked by clk). Large setup violations at the end of those stages might be difficult to fix during the post-placement implementation flow and could be the result of non-optimal XDC constraints or non-optimal design architecture
Related violations: <none>

TIMING-16#599 Warning
Large setup violation  
There is a large setup violation of -1.845 ns between u_ex1_ex2/fwd_rs1_out_reg[0]/C (clocked by clk) and u_bp/btb_tag_reg[24][0]/CE (clocked by clk). Large setup violations at the end of those stages might be difficult to fix during the post-placement implementation flow and could be the result of non-optimal XDC constraints or non-optimal design architecture
Related violations: <none>

TIMING-16#600 Warning
Large setup violation  
There is a large setup violation of -1.845 ns between u_ex1_ex2/fwd_rs1_out_reg[0]/C (clocked by clk) and u_bp/btb_tag_reg[24][10]/CE (clocked by clk). Large setup violations at the end of those stages might be difficult to fix during the post-placement implementation flow and could be the result of non-optimal XDC constraints or non-optimal design architecture
Related violations: <none>

TIMING-16#601 Warning
Large setup violation  
There is a large setup violation of -1.845 ns between u_ex1_ex2/fwd_rs1_out_reg[0]/C (clocked by clk) and u_bp/btb_tag_reg[24][11]/CE (clocked by clk). Large setup violations at the end of those stages might be difficult to fix during the post-placement implementation flow and could be the result of non-optimal XDC constraints or non-optimal design architecture
Related violations: <none>

TIMING-16#602 Warning
Large setup violation  
There is a large setup violation of -1.845 ns between u_ex1_ex2/fwd_rs1_out_reg[0]/C (clocked by clk) and u_bp/btb_tag_reg[24][12]/CE (clocked by clk). Large setup violations at the end of those stages might be difficult to fix during the post-placement implementation flow and could be the result of non-optimal XDC constraints or non-optimal design architecture
Related violations: <none>

TIMING-16#603 Warning
Large setup violation  
There is a large setup violation of -1.845 ns between u_ex1_ex2/fwd_rs1_out_reg[0]/C (clocked by clk) and u_bp/btb_tag_reg[24][13]/CE (clocked by clk). Large setup violations at the end of those stages might be difficult to fix during the post-placement implementation flow and could be the result of non-optimal XDC constraints or non-optimal design architecture
Related violations: <none>

TIMING-16#604 Warning
Large setup violation  
There is a large setup violation of -1.845 ns between u_ex1_ex2/fwd_rs1_out_reg[0]/C (clocked by clk) and u_bp/btb_tag_reg[24][14]/CE (clocked by clk). Large setup violations at the end of those stages might be difficult to fix during the post-placement implementation flow and could be the result of non-optimal XDC constraints or non-optimal design architecture
Related violations: <none>

TIMING-16#605 Warning
Large setup violation  
There is a large setup violation of -1.845 ns between u_ex1_ex2/fwd_rs1_out_reg[0]/C (clocked by clk) and u_bp/btb_tag_reg[24][15]/CE (clocked by clk). Large setup violations at the end of those stages might be difficult to fix during the post-placement implementation flow and could be the result of non-optimal XDC constraints or non-optimal design architecture
Related violations: <none>

TIMING-16#606 Warning
Large setup violation  
There is a large setup violation of -1.845 ns between u_ex1_ex2/fwd_rs1_out_reg[0]/C (clocked by clk) and u_bp/btb_tag_reg[24][16]/CE (clocked by clk). Large setup violations at the end of those stages might be difficult to fix during the post-placement implementation flow and could be the result of non-optimal XDC constraints or non-optimal design architecture
Related violations: <none>

TIMING-16#607 Warning
Large setup violation  
There is a large setup violation of -1.845 ns between u_ex1_ex2/fwd_rs1_out_reg[0]/C (clocked by clk) and u_bp/btb_tag_reg[24][17]/CE (clocked by clk). Large setup violations at the end of those stages might be difficult to fix during the post-placement implementation flow and could be the result of non-optimal XDC constraints or non-optimal design architecture
Related violations: <none>

TIMING-16#608 Warning
Large setup violation  
There is a large setup violation of -1.845 ns between u_ex1_ex2/fwd_rs1_out_reg[0]/C (clocked by clk) and u_bp/btb_tag_reg[24][18]/CE (clocked by clk). Large setup violations at the end of those stages might be difficult to fix during the post-placement implementation flow and could be the result of non-optimal XDC constraints or non-optimal design architecture
Related violations: <none>

TIMING-16#609 Warning
Large setup violation  
There is a large setup violation of -1.845 ns between u_ex1_ex2/fwd_rs1_out_reg[0]/C (clocked by clk) and u_bp/btb_tag_reg[24][19]/CE (clocked by clk). Large setup violations at the end of those stages might be difficult to fix during the post-placement implementation flow and could be the result of non-optimal XDC constraints or non-optimal design architecture
Related violations: <none>

TIMING-16#610 Warning
Large setup violation  
There is a large setup violation of -1.845 ns between u_ex1_ex2/fwd_rs1_out_reg[0]/C (clocked by clk) and u_bp/btb_tag_reg[24][1]/CE (clocked by clk). Large setup violations at the end of those stages might be difficult to fix during the post-placement implementation flow and could be the result of non-optimal XDC constraints or non-optimal design architecture
Related violations: <none>

TIMING-16#611 Warning
Large setup violation  
There is a large setup violation of -1.845 ns between u_ex1_ex2/fwd_rs1_out_reg[0]/C (clocked by clk) and u_bp/btb_tag_reg[24][20]/CE (clocked by clk). Large setup violations at the end of those stages might be difficult to fix during the post-placement implementation flow and could be the result of non-optimal XDC constraints or non-optimal design architecture
Related violations: <none>

TIMING-16#612 Warning
Large setup violation  
There is a large setup violation of -1.845 ns between u_ex1_ex2/fwd_rs1_out_reg[0]/C (clocked by clk) and u_bp/btb_tag_reg[24][21]/CE (clocked by clk). Large setup violations at the end of those stages might be difficult to fix during the post-placement implementation flow and could be the result of non-optimal XDC constraints or non-optimal design architecture
Related violations: <none>

TIMING-16#613 Warning
Large setup violation  
There is a large setup violation of -1.845 ns between u_ex1_ex2/fwd_rs1_out_reg[0]/C (clocked by clk) and u_bp/btb_tag_reg[24][22]/CE (clocked by clk). Large setup violations at the end of those stages might be difficult to fix during the post-placement implementation flow and could be the result of non-optimal XDC constraints or non-optimal design architecture
Related violations: <none>

TIMING-16#614 Warning
Large setup violation  
There is a large setup violation of -1.845 ns between u_ex1_ex2/fwd_rs1_out_reg[0]/C (clocked by clk) and u_bp/btb_tag_reg[24][23]/CE (clocked by clk). Large setup violations at the end of those stages might be difficult to fix during the post-placement implementation flow and could be the result of non-optimal XDC constraints or non-optimal design architecture
Related violations: <none>

TIMING-16#615 Warning
Large setup violation  
There is a large setup violation of -1.845 ns between u_ex1_ex2/fwd_rs1_out_reg[0]/C (clocked by clk) and u_bp/btb_tag_reg[24][24]/CE (clocked by clk). Large setup violations at the end of those stages might be difficult to fix during the post-placement implementation flow and could be the result of non-optimal XDC constraints or non-optimal design architecture
Related violations: <none>

TIMING-16#616 Warning
Large setup violation  
There is a large setup violation of -1.845 ns between u_ex1_ex2/fwd_rs1_out_reg[0]/C (clocked by clk) and u_bp/btb_tag_reg[24][2]/CE (clocked by clk). Large setup violations at the end of those stages might be difficult to fix during the post-placement implementation flow and could be the result of non-optimal XDC constraints or non-optimal design architecture
Related violations: <none>

TIMING-16#617 Warning
Large setup violation  
There is a large setup violation of -1.845 ns between u_ex1_ex2/fwd_rs1_out_reg[0]/C (clocked by clk) and u_bp/btb_tag_reg[24][3]/CE (clocked by clk). Large setup violations at the end of those stages might be difficult to fix during the post-placement implementation flow and could be the result of non-optimal XDC constraints or non-optimal design architecture
Related violations: <none>

TIMING-16#618 Warning
Large setup violation  
There is a large setup violation of -1.845 ns between u_ex1_ex2/fwd_rs1_out_reg[0]/C (clocked by clk) and u_bp/btb_tag_reg[24][4]/CE (clocked by clk). Large setup violations at the end of those stages might be difficult to fix during the post-placement implementation flow and could be the result of non-optimal XDC constraints or non-optimal design architecture
Related violations: <none>

TIMING-16#619 Warning
Large setup violation  
There is a large setup violation of -1.845 ns between u_ex1_ex2/fwd_rs1_out_reg[0]/C (clocked by clk) and u_bp/btb_tag_reg[24][5]/CE (clocked by clk). Large setup violations at the end of those stages might be difficult to fix during the post-placement implementation flow and could be the result of non-optimal XDC constraints or non-optimal design architecture
Related violations: <none>

TIMING-16#620 Warning
Large setup violation  
There is a large setup violation of -1.845 ns between u_ex1_ex2/fwd_rs1_out_reg[0]/C (clocked by clk) and u_bp/btb_tag_reg[24][6]/CE (clocked by clk). Large setup violations at the end of those stages might be difficult to fix during the post-placement implementation flow and could be the result of non-optimal XDC constraints or non-optimal design architecture
Related violations: <none>

TIMING-16#621 Warning
Large setup violation  
There is a large setup violation of -1.845 ns between u_ex1_ex2/fwd_rs1_out_reg[0]/C (clocked by clk) and u_bp/btb_tag_reg[24][7]/CE (clocked by clk). Large setup violations at the end of those stages might be difficult to fix during the post-placement implementation flow and could be the result of non-optimal XDC constraints or non-optimal design architecture
Related violations: <none>

TIMING-16#622 Warning
Large setup violation  
There is a large setup violation of -1.845 ns between u_ex1_ex2/fwd_rs1_out_reg[0]/C (clocked by clk) and u_bp/btb_tag_reg[24][8]/CE (clocked by clk). Large setup violations at the end of those stages might be difficult to fix during the post-placement implementation flow and could be the result of non-optimal XDC constraints or non-optimal design architecture
Related violations: <none>

TIMING-16#623 Warning
Large setup violation  
There is a large setup violation of -1.845 ns between u_ex1_ex2/fwd_rs1_out_reg[0]/C (clocked by clk) and u_bp/btb_tag_reg[24][9]/CE (clocked by clk). Large setup violations at the end of those stages might be difficult to fix during the post-placement implementation flow and could be the result of non-optimal XDC constraints or non-optimal design architecture
Related violations: <none>

TIMING-16#624 Warning
Large setup violation  
There is a large setup violation of -1.845 ns between u_ex1_ex2/fwd_rs1_out_reg[0]/C (clocked by clk) and u_bp/btb_tag_reg[25][0]/CE (clocked by clk). Large setup violations at the end of those stages might be difficult to fix during the post-placement implementation flow and could be the result of non-optimal XDC constraints or non-optimal design architecture
Related violations: <none>

TIMING-16#625 Warning
Large setup violation  
There is a large setup violation of -1.845 ns between u_ex1_ex2/fwd_rs1_out_reg[0]/C (clocked by clk) and u_bp/btb_tag_reg[25][10]/CE (clocked by clk). Large setup violations at the end of those stages might be difficult to fix during the post-placement implementation flow and could be the result of non-optimal XDC constraints or non-optimal design architecture
Related violations: <none>

TIMING-16#626 Warning
Large setup violation  
There is a large setup violation of -1.845 ns between u_ex1_ex2/fwd_rs1_out_reg[0]/C (clocked by clk) and u_bp/btb_tag_reg[25][11]/CE (clocked by clk). Large setup violations at the end of those stages might be difficult to fix during the post-placement implementation flow and could be the result of non-optimal XDC constraints or non-optimal design architecture
Related violations: <none>

TIMING-16#627 Warning
Large setup violation  
There is a large setup violation of -1.845 ns between u_ex1_ex2/fwd_rs1_out_reg[0]/C (clocked by clk) and u_bp/btb_tag_reg[25][12]/CE (clocked by clk). Large setup violations at the end of those stages might be difficult to fix during the post-placement implementation flow and could be the result of non-optimal XDC constraints or non-optimal design architecture
Related violations: <none>

TIMING-16#628 Warning
Large setup violation  
There is a large setup violation of -1.845 ns between u_ex1_ex2/fwd_rs1_out_reg[0]/C (clocked by clk) and u_bp/btb_tag_reg[25][13]/CE (clocked by clk). Large setup violations at the end of those stages might be difficult to fix during the post-placement implementation flow and could be the result of non-optimal XDC constraints or non-optimal design architecture
Related violations: <none>

TIMING-16#629 Warning
Large setup violation  
There is a large setup violation of -1.845 ns between u_ex1_ex2/fwd_rs1_out_reg[0]/C (clocked by clk) and u_bp/btb_tag_reg[25][14]/CE (clocked by clk). Large setup violations at the end of those stages might be difficult to fix during the post-placement implementation flow and could be the result of non-optimal XDC constraints or non-optimal design architecture
Related violations: <none>

TIMING-16#630 Warning
Large setup violation  
There is a large setup violation of -1.845 ns between u_ex1_ex2/fwd_rs1_out_reg[0]/C (clocked by clk) and u_bp/btb_tag_reg[25][15]/CE (clocked by clk). Large setup violations at the end of those stages might be difficult to fix during the post-placement implementation flow and could be the result of non-optimal XDC constraints or non-optimal design architecture
Related violations: <none>

TIMING-16#631 Warning
Large setup violation  
There is a large setup violation of -1.845 ns between u_ex1_ex2/fwd_rs1_out_reg[0]/C (clocked by clk) and u_bp/btb_tag_reg[25][16]/CE (clocked by clk). Large setup violations at the end of those stages might be difficult to fix during the post-placement implementation flow and could be the result of non-optimal XDC constraints or non-optimal design architecture
Related violations: <none>

TIMING-16#632 Warning
Large setup violation  
There is a large setup violation of -1.845 ns between u_ex1_ex2/fwd_rs1_out_reg[0]/C (clocked by clk) and u_bp/btb_tag_reg[25][17]/CE (clocked by clk). Large setup violations at the end of those stages might be difficult to fix during the post-placement implementation flow and could be the result of non-optimal XDC constraints or non-optimal design architecture
Related violations: <none>

TIMING-16#633 Warning
Large setup violation  
There is a large setup violation of -1.845 ns between u_ex1_ex2/fwd_rs1_out_reg[0]/C (clocked by clk) and u_bp/btb_tag_reg[25][18]/CE (clocked by clk). Large setup violations at the end of those stages might be difficult to fix during the post-placement implementation flow and could be the result of non-optimal XDC constraints or non-optimal design architecture
Related violations: <none>

TIMING-16#634 Warning
Large setup violation  
There is a large setup violation of -1.845 ns between u_ex1_ex2/fwd_rs1_out_reg[0]/C (clocked by clk) and u_bp/btb_tag_reg[25][19]/CE (clocked by clk). Large setup violations at the end of those stages might be difficult to fix during the post-placement implementation flow and could be the result of non-optimal XDC constraints or non-optimal design architecture
Related violations: <none>

TIMING-16#635 Warning
Large setup violation  
There is a large setup violation of -1.845 ns between u_ex1_ex2/fwd_rs1_out_reg[0]/C (clocked by clk) and u_bp/btb_tag_reg[25][1]/CE (clocked by clk). Large setup violations at the end of those stages might be difficult to fix during the post-placement implementation flow and could be the result of non-optimal XDC constraints or non-optimal design architecture
Related violations: <none>

TIMING-16#636 Warning
Large setup violation  
There is a large setup violation of -1.845 ns between u_ex1_ex2/fwd_rs1_out_reg[0]/C (clocked by clk) and u_bp/btb_tag_reg[25][20]/CE (clocked by clk). Large setup violations at the end of those stages might be difficult to fix during the post-placement implementation flow and could be the result of non-optimal XDC constraints or non-optimal design architecture
Related violations: <none>

TIMING-16#637 Warning
Large setup violation  
There is a large setup violation of -1.845 ns between u_ex1_ex2/fwd_rs1_out_reg[0]/C (clocked by clk) and u_bp/btb_tag_reg[25][21]/CE (clocked by clk). Large setup violations at the end of those stages might be difficult to fix during the post-placement implementation flow and could be the result of non-optimal XDC constraints or non-optimal design architecture
Related violations: <none>

TIMING-16#638 Warning
Large setup violation  
There is a large setup violation of -1.845 ns between u_ex1_ex2/fwd_rs1_out_reg[0]/C (clocked by clk) and u_bp/btb_tag_reg[25][22]/CE (clocked by clk). Large setup violations at the end of those stages might be difficult to fix during the post-placement implementation flow and could be the result of non-optimal XDC constraints or non-optimal design architecture
Related violations: <none>

TIMING-16#639 Warning
Large setup violation  
There is a large setup violation of -1.845 ns between u_ex1_ex2/fwd_rs1_out_reg[0]/C (clocked by clk) and u_bp/btb_tag_reg[25][23]/CE (clocked by clk). Large setup violations at the end of those stages might be difficult to fix during the post-placement implementation flow and could be the result of non-optimal XDC constraints or non-optimal design architecture
Related violations: <none>

TIMING-16#640 Warning
Large setup violation  
There is a large setup violation of -1.845 ns between u_ex1_ex2/fwd_rs1_out_reg[0]/C (clocked by clk) and u_bp/btb_tag_reg[25][24]/CE (clocked by clk). Large setup violations at the end of those stages might be difficult to fix during the post-placement implementation flow and could be the result of non-optimal XDC constraints or non-optimal design architecture
Related violations: <none>

TIMING-16#641 Warning
Large setup violation  
There is a large setup violation of -1.845 ns between u_ex1_ex2/fwd_rs1_out_reg[0]/C (clocked by clk) and u_bp/btb_tag_reg[25][2]/CE (clocked by clk). Large setup violations at the end of those stages might be difficult to fix during the post-placement implementation flow and could be the result of non-optimal XDC constraints or non-optimal design architecture
Related violations: <none>

TIMING-16#642 Warning
Large setup violation  
There is a large setup violation of -1.845 ns between u_ex1_ex2/fwd_rs1_out_reg[0]/C (clocked by clk) and u_bp/btb_tag_reg[25][3]/CE (clocked by clk). Large setup violations at the end of those stages might be difficult to fix during the post-placement implementation flow and could be the result of non-optimal XDC constraints or non-optimal design architecture
Related violations: <none>

TIMING-16#643 Warning
Large setup violation  
There is a large setup violation of -1.845 ns between u_ex1_ex2/fwd_rs1_out_reg[0]/C (clocked by clk) and u_bp/btb_tag_reg[25][4]/CE (clocked by clk). Large setup violations at the end of those stages might be difficult to fix during the post-placement implementation flow and could be the result of non-optimal XDC constraints or non-optimal design architecture
Related violations: <none>

TIMING-16#644 Warning
Large setup violation  
There is a large setup violation of -1.845 ns between u_ex1_ex2/fwd_rs1_out_reg[0]/C (clocked by clk) and u_bp/btb_tag_reg[25][5]/CE (clocked by clk). Large setup violations at the end of those stages might be difficult to fix during the post-placement implementation flow and could be the result of non-optimal XDC constraints or non-optimal design architecture
Related violations: <none>

TIMING-16#645 Warning
Large setup violation  
There is a large setup violation of -1.845 ns between u_ex1_ex2/fwd_rs1_out_reg[0]/C (clocked by clk) and u_bp/btb_tag_reg[25][6]/CE (clocked by clk). Large setup violations at the end of those stages might be difficult to fix during the post-placement implementation flow and could be the result of non-optimal XDC constraints or non-optimal design architecture
Related violations: <none>

TIMING-16#646 Warning
Large setup violation  
There is a large setup violation of -1.845 ns between u_ex1_ex2/fwd_rs1_out_reg[0]/C (clocked by clk) and u_bp/btb_tag_reg[25][7]/CE (clocked by clk). Large setup violations at the end of those stages might be difficult to fix during the post-placement implementation flow and could be the result of non-optimal XDC constraints or non-optimal design architecture
Related violations: <none>

TIMING-16#647 Warning
Large setup violation  
There is a large setup violation of -1.845 ns between u_ex1_ex2/fwd_rs1_out_reg[0]/C (clocked by clk) and u_bp/btb_tag_reg[25][8]/CE (clocked by clk). Large setup violations at the end of those stages might be difficult to fix during the post-placement implementation flow and could be the result of non-optimal XDC constraints or non-optimal design architecture
Related violations: <none>

TIMING-16#648 Warning
Large setup violation  
There is a large setup violation of -1.845 ns between u_ex1_ex2/fwd_rs1_out_reg[0]/C (clocked by clk) and u_bp/btb_tag_reg[25][9]/CE (clocked by clk). Large setup violations at the end of those stages might be difficult to fix during the post-placement implementation flow and could be the result of non-optimal XDC constraints or non-optimal design architecture
Related violations: <none>

TIMING-16#649 Warning
Large setup violation  
There is a large setup violation of -1.845 ns between u_ex1_ex2/fwd_rs1_out_reg[0]/C (clocked by clk) and u_bp/btb_tag_reg[26][0]/CE (clocked by clk). Large setup violations at the end of those stages might be difficult to fix during the post-placement implementation flow and could be the result of non-optimal XDC constraints or non-optimal design architecture
Related violations: <none>

TIMING-16#650 Warning
Large setup violation  
There is a large setup violation of -1.845 ns between u_ex1_ex2/fwd_rs1_out_reg[0]/C (clocked by clk) and u_bp/btb_tag_reg[26][10]/CE (clocked by clk). Large setup violations at the end of those stages might be difficult to fix during the post-placement implementation flow and could be the result of non-optimal XDC constraints or non-optimal design architecture
Related violations: <none>

TIMING-16#651 Warning
Large setup violation  
There is a large setup violation of -1.845 ns between u_ex1_ex2/fwd_rs1_out_reg[0]/C (clocked by clk) and u_bp/btb_tag_reg[26][11]/CE (clocked by clk). Large setup violations at the end of those stages might be difficult to fix during the post-placement implementation flow and could be the result of non-optimal XDC constraints or non-optimal design architecture
Related violations: <none>

TIMING-16#652 Warning
Large setup violation  
There is a large setup violation of -1.845 ns between u_ex1_ex2/fwd_rs1_out_reg[0]/C (clocked by clk) and u_bp/btb_tag_reg[26][12]/CE (clocked by clk). Large setup violations at the end of those stages might be difficult to fix during the post-placement implementation flow and could be the result of non-optimal XDC constraints or non-optimal design architecture
Related violations: <none>

TIMING-16#653 Warning
Large setup violation  
There is a large setup violation of -1.845 ns between u_ex1_ex2/fwd_rs1_out_reg[0]/C (clocked by clk) and u_bp/btb_tag_reg[26][13]/CE (clocked by clk). Large setup violations at the end of those stages might be difficult to fix during the post-placement implementation flow and could be the result of non-optimal XDC constraints or non-optimal design architecture
Related violations: <none>

TIMING-16#654 Warning
Large setup violation  
There is a large setup violation of -1.845 ns between u_ex1_ex2/fwd_rs1_out_reg[0]/C (clocked by clk) and u_bp/btb_tag_reg[26][14]/CE (clocked by clk). Large setup violations at the end of those stages might be difficult to fix during the post-placement implementation flow and could be the result of non-optimal XDC constraints or non-optimal design architecture
Related violations: <none>

TIMING-16#655 Warning
Large setup violation  
There is a large setup violation of -1.845 ns between u_ex1_ex2/fwd_rs1_out_reg[0]/C (clocked by clk) and u_bp/btb_tag_reg[26][15]/CE (clocked by clk). Large setup violations at the end of those stages might be difficult to fix during the post-placement implementation flow and could be the result of non-optimal XDC constraints or non-optimal design architecture
Related violations: <none>

TIMING-16#656 Warning
Large setup violation  
There is a large setup violation of -1.845 ns between u_ex1_ex2/fwd_rs1_out_reg[0]/C (clocked by clk) and u_bp/btb_tag_reg[26][16]/CE (clocked by clk). Large setup violations at the end of those stages might be difficult to fix during the post-placement implementation flow and could be the result of non-optimal XDC constraints or non-optimal design architecture
Related violations: <none>

TIMING-16#657 Warning
Large setup violation  
There is a large setup violation of -1.845 ns between u_ex1_ex2/fwd_rs1_out_reg[0]/C (clocked by clk) and u_bp/btb_tag_reg[26][17]/CE (clocked by clk). Large setup violations at the end of those stages might be difficult to fix during the post-placement implementation flow and could be the result of non-optimal XDC constraints or non-optimal design architecture
Related violations: <none>

TIMING-16#658 Warning
Large setup violation  
There is a large setup violation of -1.845 ns between u_ex1_ex2/fwd_rs1_out_reg[0]/C (clocked by clk) and u_bp/btb_tag_reg[26][18]/CE (clocked by clk). Large setup violations at the end of those stages might be difficult to fix during the post-placement implementation flow and could be the result of non-optimal XDC constraints or non-optimal design architecture
Related violations: <none>

TIMING-16#659 Warning
Large setup violation  
There is a large setup violation of -1.845 ns between u_ex1_ex2/fwd_rs1_out_reg[0]/C (clocked by clk) and u_bp/btb_tag_reg[26][19]/CE (clocked by clk). Large setup violations at the end of those stages might be difficult to fix during the post-placement implementation flow and could be the result of non-optimal XDC constraints or non-optimal design architecture
Related violations: <none>

TIMING-16#660 Warning
Large setup violation  
There is a large setup violation of -1.845 ns between u_ex1_ex2/fwd_rs1_out_reg[0]/C (clocked by clk) and u_bp/btb_tag_reg[26][1]/CE (clocked by clk). Large setup violations at the end of those stages might be difficult to fix during the post-placement implementation flow and could be the result of non-optimal XDC constraints or non-optimal design architecture
Related violations: <none>

TIMING-16#661 Warning
Large setup violation  
There is a large setup violation of -1.845 ns between u_ex1_ex2/fwd_rs1_out_reg[0]/C (clocked by clk) and u_bp/btb_tag_reg[26][20]/CE (clocked by clk). Large setup violations at the end of those stages might be difficult to fix during the post-placement implementation flow and could be the result of non-optimal XDC constraints or non-optimal design architecture
Related violations: <none>

TIMING-16#662 Warning
Large setup violation  
There is a large setup violation of -1.845 ns between u_ex1_ex2/fwd_rs1_out_reg[0]/C (clocked by clk) and u_bp/btb_tag_reg[26][21]/CE (clocked by clk). Large setup violations at the end of those stages might be difficult to fix during the post-placement implementation flow and could be the result of non-optimal XDC constraints or non-optimal design architecture
Related violations: <none>

TIMING-16#663 Warning
Large setup violation  
There is a large setup violation of -1.845 ns between u_ex1_ex2/fwd_rs1_out_reg[0]/C (clocked by clk) and u_bp/btb_tag_reg[26][22]/CE (clocked by clk). Large setup violations at the end of those stages might be difficult to fix during the post-placement implementation flow and could be the result of non-optimal XDC constraints or non-optimal design architecture
Related violations: <none>

TIMING-16#664 Warning
Large setup violation  
There is a large setup violation of -1.845 ns between u_ex1_ex2/fwd_rs1_out_reg[0]/C (clocked by clk) and u_bp/btb_tag_reg[26][23]/CE (clocked by clk). Large setup violations at the end of those stages might be difficult to fix during the post-placement implementation flow and could be the result of non-optimal XDC constraints or non-optimal design architecture
Related violations: <none>

TIMING-16#665 Warning
Large setup violation  
There is a large setup violation of -1.845 ns between u_ex1_ex2/fwd_rs1_out_reg[0]/C (clocked by clk) and u_bp/btb_tag_reg[26][24]/CE (clocked by clk). Large setup violations at the end of those stages might be difficult to fix during the post-placement implementation flow and could be the result of non-optimal XDC constraints or non-optimal design architecture
Related violations: <none>

TIMING-16#666 Warning
Large setup violation  
There is a large setup violation of -1.845 ns between u_ex1_ex2/fwd_rs1_out_reg[0]/C (clocked by clk) and u_bp/btb_tag_reg[26][2]/CE (clocked by clk). Large setup violations at the end of those stages might be difficult to fix during the post-placement implementation flow and could be the result of non-optimal XDC constraints or non-optimal design architecture
Related violations: <none>

TIMING-16#667 Warning
Large setup violation  
There is a large setup violation of -1.845 ns between u_ex1_ex2/fwd_rs1_out_reg[0]/C (clocked by clk) and u_bp/btb_tag_reg[26][3]/CE (clocked by clk). Large setup violations at the end of those stages might be difficult to fix during the post-placement implementation flow and could be the result of non-optimal XDC constraints or non-optimal design architecture
Related violations: <none>

TIMING-16#668 Warning
Large setup violation  
There is a large setup violation of -1.845 ns between u_ex1_ex2/fwd_rs1_out_reg[0]/C (clocked by clk) and u_bp/btb_tag_reg[26][4]/CE (clocked by clk). Large setup violations at the end of those stages might be difficult to fix during the post-placement implementation flow and could be the result of non-optimal XDC constraints or non-optimal design architecture
Related violations: <none>

TIMING-16#669 Warning
Large setup violation  
There is a large setup violation of -1.845 ns between u_ex1_ex2/fwd_rs1_out_reg[0]/C (clocked by clk) and u_bp/btb_tag_reg[26][5]/CE (clocked by clk). Large setup violations at the end of those stages might be difficult to fix during the post-placement implementation flow and could be the result of non-optimal XDC constraints or non-optimal design architecture
Related violations: <none>

TIMING-16#670 Warning
Large setup violation  
There is a large setup violation of -1.845 ns between u_ex1_ex2/fwd_rs1_out_reg[0]/C (clocked by clk) and u_bp/btb_tag_reg[26][6]/CE (clocked by clk). Large setup violations at the end of those stages might be difficult to fix during the post-placement implementation flow and could be the result of non-optimal XDC constraints or non-optimal design architecture
Related violations: <none>

TIMING-16#671 Warning
Large setup violation  
There is a large setup violation of -1.845 ns between u_ex1_ex2/fwd_rs1_out_reg[0]/C (clocked by clk) and u_bp/btb_tag_reg[26][7]/CE (clocked by clk). Large setup violations at the end of those stages might be difficult to fix during the post-placement implementation flow and could be the result of non-optimal XDC constraints or non-optimal design architecture
Related violations: <none>

TIMING-16#672 Warning
Large setup violation  
There is a large setup violation of -1.845 ns between u_ex1_ex2/fwd_rs1_out_reg[0]/C (clocked by clk) and u_bp/btb_tag_reg[26][8]/CE (clocked by clk). Large setup violations at the end of those stages might be difficult to fix during the post-placement implementation flow and could be the result of non-optimal XDC constraints or non-optimal design architecture
Related violations: <none>

TIMING-16#673 Warning
Large setup violation  
There is a large setup violation of -1.845 ns between u_ex1_ex2/fwd_rs1_out_reg[0]/C (clocked by clk) and u_bp/btb_tag_reg[26][9]/CE (clocked by clk). Large setup violations at the end of those stages might be difficult to fix during the post-placement implementation flow and could be the result of non-optimal XDC constraints or non-optimal design architecture
Related violations: <none>

TIMING-16#674 Warning
Large setup violation  
There is a large setup violation of -1.845 ns between u_ex1_ex2/fwd_rs1_out_reg[0]/C (clocked by clk) and u_bp/btb_tag_reg[27][0]/CE (clocked by clk). Large setup violations at the end of those stages might be difficult to fix during the post-placement implementation flow and could be the result of non-optimal XDC constraints or non-optimal design architecture
Related violations: <none>

TIMING-16#675 Warning
Large setup violation  
There is a large setup violation of -1.845 ns between u_ex1_ex2/fwd_rs1_out_reg[0]/C (clocked by clk) and u_bp/btb_tag_reg[27][10]/CE (clocked by clk). Large setup violations at the end of those stages might be difficult to fix during the post-placement implementation flow and could be the result of non-optimal XDC constraints or non-optimal design architecture
Related violations: <none>

TIMING-16#676 Warning
Large setup violation  
There is a large setup violation of -1.845 ns between u_ex1_ex2/fwd_rs1_out_reg[0]/C (clocked by clk) and u_bp/btb_tag_reg[27][11]/CE (clocked by clk). Large setup violations at the end of those stages might be difficult to fix during the post-placement implementation flow and could be the result of non-optimal XDC constraints or non-optimal design architecture
Related violations: <none>

TIMING-16#677 Warning
Large setup violation  
There is a large setup violation of -1.845 ns between u_ex1_ex2/fwd_rs1_out_reg[0]/C (clocked by clk) and u_bp/btb_tag_reg[27][12]/CE (clocked by clk). Large setup violations at the end of those stages might be difficult to fix during the post-placement implementation flow and could be the result of non-optimal XDC constraints or non-optimal design architecture
Related violations: <none>

TIMING-16#678 Warning
Large setup violation  
There is a large setup violation of -1.845 ns between u_ex1_ex2/fwd_rs1_out_reg[0]/C (clocked by clk) and u_bp/btb_tag_reg[27][13]/CE (clocked by clk). Large setup violations at the end of those stages might be difficult to fix during the post-placement implementation flow and could be the result of non-optimal XDC constraints or non-optimal design architecture
Related violations: <none>

TIMING-16#679 Warning
Large setup violation  
There is a large setup violation of -1.845 ns between u_ex1_ex2/fwd_rs1_out_reg[0]/C (clocked by clk) and u_bp/btb_tag_reg[27][14]/CE (clocked by clk). Large setup violations at the end of those stages might be difficult to fix during the post-placement implementation flow and could be the result of non-optimal XDC constraints or non-optimal design architecture
Related violations: <none>

TIMING-16#680 Warning
Large setup violation  
There is a large setup violation of -1.845 ns between u_ex1_ex2/fwd_rs1_out_reg[0]/C (clocked by clk) and u_bp/btb_tag_reg[27][15]/CE (clocked by clk). Large setup violations at the end of those stages might be difficult to fix during the post-placement implementation flow and could be the result of non-optimal XDC constraints or non-optimal design architecture
Related violations: <none>

TIMING-16#681 Warning
Large setup violation  
There is a large setup violation of -1.845 ns between u_ex1_ex2/fwd_rs1_out_reg[0]/C (clocked by clk) and u_bp/btb_tag_reg[27][16]/CE (clocked by clk). Large setup violations at the end of those stages might be difficult to fix during the post-placement implementation flow and could be the result of non-optimal XDC constraints or non-optimal design architecture
Related violations: <none>

TIMING-16#682 Warning
Large setup violation  
There is a large setup violation of -1.845 ns between u_ex1_ex2/fwd_rs1_out_reg[0]/C (clocked by clk) and u_bp/btb_tag_reg[27][17]/CE (clocked by clk). Large setup violations at the end of those stages might be difficult to fix during the post-placement implementation flow and could be the result of non-optimal XDC constraints or non-optimal design architecture
Related violations: <none>

TIMING-16#683 Warning
Large setup violation  
There is a large setup violation of -1.845 ns between u_ex1_ex2/fwd_rs1_out_reg[0]/C (clocked by clk) and u_bp/btb_tag_reg[27][18]/CE (clocked by clk). Large setup violations at the end of those stages might be difficult to fix during the post-placement implementation flow and could be the result of non-optimal XDC constraints or non-optimal design architecture
Related violations: <none>

TIMING-16#684 Warning
Large setup violation  
There is a large setup violation of -1.845 ns between u_ex1_ex2/fwd_rs1_out_reg[0]/C (clocked by clk) and u_bp/btb_tag_reg[27][19]/CE (clocked by clk). Large setup violations at the end of those stages might be difficult to fix during the post-placement implementation flow and could be the result of non-optimal XDC constraints or non-optimal design architecture
Related violations: <none>

TIMING-16#685 Warning
Large setup violation  
There is a large setup violation of -1.845 ns between u_ex1_ex2/fwd_rs1_out_reg[0]/C (clocked by clk) and u_bp/btb_tag_reg[27][1]/CE (clocked by clk). Large setup violations at the end of those stages might be difficult to fix during the post-placement implementation flow and could be the result of non-optimal XDC constraints or non-optimal design architecture
Related violations: <none>

TIMING-16#686 Warning
Large setup violation  
There is a large setup violation of -1.845 ns between u_ex1_ex2/fwd_rs1_out_reg[0]/C (clocked by clk) and u_bp/btb_tag_reg[27][20]/CE (clocked by clk). Large setup violations at the end of those stages might be difficult to fix during the post-placement implementation flow and could be the result of non-optimal XDC constraints or non-optimal design architecture
Related violations: <none>

TIMING-16#687 Warning
Large setup violation  
There is a large setup violation of -1.845 ns between u_ex1_ex2/fwd_rs1_out_reg[0]/C (clocked by clk) and u_bp/btb_tag_reg[27][21]/CE (clocked by clk). Large setup violations at the end of those stages might be difficult to fix during the post-placement implementation flow and could be the result of non-optimal XDC constraints or non-optimal design architecture
Related violations: <none>

TIMING-16#688 Warning
Large setup violation  
There is a large setup violation of -1.845 ns between u_ex1_ex2/fwd_rs1_out_reg[0]/C (clocked by clk) and u_bp/btb_tag_reg[27][22]/CE (clocked by clk). Large setup violations at the end of those stages might be difficult to fix during the post-placement implementation flow and could be the result of non-optimal XDC constraints or non-optimal design architecture
Related violations: <none>

TIMING-16#689 Warning
Large setup violation  
There is a large setup violation of -1.845 ns between u_ex1_ex2/fwd_rs1_out_reg[0]/C (clocked by clk) and u_bp/btb_tag_reg[27][23]/CE (clocked by clk). Large setup violations at the end of those stages might be difficult to fix during the post-placement implementation flow and could be the result of non-optimal XDC constraints or non-optimal design architecture
Related violations: <none>

TIMING-16#690 Warning
Large setup violation  
There is a large setup violation of -1.845 ns between u_ex1_ex2/fwd_rs1_out_reg[0]/C (clocked by clk) and u_bp/btb_tag_reg[27][24]/CE (clocked by clk). Large setup violations at the end of those stages might be difficult to fix during the post-placement implementation flow and could be the result of non-optimal XDC constraints or non-optimal design architecture
Related violations: <none>

TIMING-16#691 Warning
Large setup violation  
There is a large setup violation of -1.845 ns between u_ex1_ex2/fwd_rs1_out_reg[0]/C (clocked by clk) and u_bp/btb_tag_reg[27][2]/CE (clocked by clk). Large setup violations at the end of those stages might be difficult to fix during the post-placement implementation flow and could be the result of non-optimal XDC constraints or non-optimal design architecture
Related violations: <none>

TIMING-16#692 Warning
Large setup violation  
There is a large setup violation of -1.845 ns between u_ex1_ex2/fwd_rs1_out_reg[0]/C (clocked by clk) and u_bp/btb_tag_reg[27][3]/CE (clocked by clk). Large setup violations at the end of those stages might be difficult to fix during the post-placement implementation flow and could be the result of non-optimal XDC constraints or non-optimal design architecture
Related violations: <none>

TIMING-16#693 Warning
Large setup violation  
There is a large setup violation of -1.845 ns between u_ex1_ex2/fwd_rs1_out_reg[0]/C (clocked by clk) and u_bp/btb_tag_reg[27][4]/CE (clocked by clk). Large setup violations at the end of those stages might be difficult to fix during the post-placement implementation flow and could be the result of non-optimal XDC constraints or non-optimal design architecture
Related violations: <none>

TIMING-16#694 Warning
Large setup violation  
There is a large setup violation of -1.845 ns between u_ex1_ex2/fwd_rs1_out_reg[0]/C (clocked by clk) and u_bp/btb_tag_reg[27][5]/CE (clocked by clk). Large setup violations at the end of those stages might be difficult to fix during the post-placement implementation flow and could be the result of non-optimal XDC constraints or non-optimal design architecture
Related violations: <none>

TIMING-16#695 Warning
Large setup violation  
There is a large setup violation of -1.845 ns between u_ex1_ex2/fwd_rs1_out_reg[0]/C (clocked by clk) and u_bp/btb_tag_reg[27][6]/CE (clocked by clk). Large setup violations at the end of those stages might be difficult to fix during the post-placement implementation flow and could be the result of non-optimal XDC constraints or non-optimal design architecture
Related violations: <none>

TIMING-16#696 Warning
Large setup violation  
There is a large setup violation of -1.845 ns between u_ex1_ex2/fwd_rs1_out_reg[0]/C (clocked by clk) and u_bp/btb_tag_reg[27][7]/CE (clocked by clk). Large setup violations at the end of those stages might be difficult to fix during the post-placement implementation flow and could be the result of non-optimal XDC constraints or non-optimal design architecture
Related violations: <none>

TIMING-16#697 Warning
Large setup violation  
There is a large setup violation of -1.845 ns between u_ex1_ex2/fwd_rs1_out_reg[0]/C (clocked by clk) and u_bp/btb_tag_reg[27][8]/CE (clocked by clk). Large setup violations at the end of those stages might be difficult to fix during the post-placement implementation flow and could be the result of non-optimal XDC constraints or non-optimal design architecture
Related violations: <none>

TIMING-16#698 Warning
Large setup violation  
There is a large setup violation of -1.845 ns between u_ex1_ex2/fwd_rs1_out_reg[0]/C (clocked by clk) and u_bp/btb_tag_reg[27][9]/CE (clocked by clk). Large setup violations at the end of those stages might be difficult to fix during the post-placement implementation flow and could be the result of non-optimal XDC constraints or non-optimal design architecture
Related violations: <none>

TIMING-16#699 Warning
Large setup violation  
There is a large setup violation of -1.845 ns between u_ex1_ex2/fwd_rs1_out_reg[0]/C (clocked by clk) and u_bp/btb_tag_reg[28][0]/CE (clocked by clk). Large setup violations at the end of those stages might be difficult to fix during the post-placement implementation flow and could be the result of non-optimal XDC constraints or non-optimal design architecture
Related violations: <none>

TIMING-16#700 Warning
Large setup violation  
There is a large setup violation of -1.845 ns between u_ex1_ex2/fwd_rs1_out_reg[0]/C (clocked by clk) and u_bp/btb_tag_reg[28][10]/CE (clocked by clk). Large setup violations at the end of those stages might be difficult to fix during the post-placement implementation flow and could be the result of non-optimal XDC constraints or non-optimal design architecture
Related violations: <none>

TIMING-16#701 Warning
Large setup violation  
There is a large setup violation of -1.845 ns between u_ex1_ex2/fwd_rs1_out_reg[0]/C (clocked by clk) and u_bp/btb_tag_reg[28][11]/CE (clocked by clk). Large setup violations at the end of those stages might be difficult to fix during the post-placement implementation flow and could be the result of non-optimal XDC constraints or non-optimal design architecture
Related violations: <none>

TIMING-16#702 Warning
Large setup violation  
There is a large setup violation of -1.845 ns between u_ex1_ex2/fwd_rs1_out_reg[0]/C (clocked by clk) and u_bp/btb_tag_reg[28][12]/CE (clocked by clk). Large setup violations at the end of those stages might be difficult to fix during the post-placement implementation flow and could be the result of non-optimal XDC constraints or non-optimal design architecture
Related violations: <none>

TIMING-16#703 Warning
Large setup violation  
There is a large setup violation of -1.845 ns between u_ex1_ex2/fwd_rs1_out_reg[0]/C (clocked by clk) and u_bp/btb_tag_reg[28][13]/CE (clocked by clk). Large setup violations at the end of those stages might be difficult to fix during the post-placement implementation flow and could be the result of non-optimal XDC constraints or non-optimal design architecture
Related violations: <none>

TIMING-16#704 Warning
Large setup violation  
There is a large setup violation of -1.845 ns between u_ex1_ex2/fwd_rs1_out_reg[0]/C (clocked by clk) and u_bp/btb_tag_reg[28][14]/CE (clocked by clk). Large setup violations at the end of those stages might be difficult to fix during the post-placement implementation flow and could be the result of non-optimal XDC constraints or non-optimal design architecture
Related violations: <none>

TIMING-16#705 Warning
Large setup violation  
There is a large setup violation of -1.845 ns between u_ex1_ex2/fwd_rs1_out_reg[0]/C (clocked by clk) and u_bp/btb_tag_reg[28][15]/CE (clocked by clk). Large setup violations at the end of those stages might be difficult to fix during the post-placement implementation flow and could be the result of non-optimal XDC constraints or non-optimal design architecture
Related violations: <none>

TIMING-16#706 Warning
Large setup violation  
There is a large setup violation of -1.845 ns between u_ex1_ex2/fwd_rs1_out_reg[0]/C (clocked by clk) and u_bp/btb_tag_reg[28][16]/CE (clocked by clk). Large setup violations at the end of those stages might be difficult to fix during the post-placement implementation flow and could be the result of non-optimal XDC constraints or non-optimal design architecture
Related violations: <none>

TIMING-16#707 Warning
Large setup violation  
There is a large setup violation of -1.845 ns between u_ex1_ex2/fwd_rs1_out_reg[0]/C (clocked by clk) and u_bp/btb_tag_reg[28][17]/CE (clocked by clk). Large setup violations at the end of those stages might be difficult to fix during the post-placement implementation flow and could be the result of non-optimal XDC constraints or non-optimal design architecture
Related violations: <none>

TIMING-16#708 Warning
Large setup violation  
There is a large setup violation of -1.845 ns between u_ex1_ex2/fwd_rs1_out_reg[0]/C (clocked by clk) and u_bp/btb_tag_reg[28][18]/CE (clocked by clk). Large setup violations at the end of those stages might be difficult to fix during the post-placement implementation flow and could be the result of non-optimal XDC constraints or non-optimal design architecture
Related violations: <none>

TIMING-16#709 Warning
Large setup violation  
There is a large setup violation of -1.845 ns between u_ex1_ex2/fwd_rs1_out_reg[0]/C (clocked by clk) and u_bp/btb_tag_reg[28][19]/CE (clocked by clk). Large setup violations at the end of those stages might be difficult to fix during the post-placement implementation flow and could be the result of non-optimal XDC constraints or non-optimal design architecture
Related violations: <none>

TIMING-16#710 Warning
Large setup violation  
There is a large setup violation of -1.845 ns between u_ex1_ex2/fwd_rs1_out_reg[0]/C (clocked by clk) and u_bp/btb_tag_reg[28][1]/CE (clocked by clk). Large setup violations at the end of those stages might be difficult to fix during the post-placement implementation flow and could be the result of non-optimal XDC constraints or non-optimal design architecture
Related violations: <none>

TIMING-16#711 Warning
Large setup violation  
There is a large setup violation of -1.845 ns between u_ex1_ex2/fwd_rs1_out_reg[0]/C (clocked by clk) and u_bp/btb_tag_reg[28][20]/CE (clocked by clk). Large setup violations at the end of those stages might be difficult to fix during the post-placement implementation flow and could be the result of non-optimal XDC constraints or non-optimal design architecture
Related violations: <none>

TIMING-16#712 Warning
Large setup violation  
There is a large setup violation of -1.845 ns between u_ex1_ex2/fwd_rs1_out_reg[0]/C (clocked by clk) and u_bp/btb_tag_reg[28][21]/CE (clocked by clk). Large setup violations at the end of those stages might be difficult to fix during the post-placement implementation flow and could be the result of non-optimal XDC constraints or non-optimal design architecture
Related violations: <none>

TIMING-16#713 Warning
Large setup violation  
There is a large setup violation of -1.845 ns between u_ex1_ex2/fwd_rs1_out_reg[0]/C (clocked by clk) and u_bp/btb_tag_reg[28][22]/CE (clocked by clk). Large setup violations at the end of those stages might be difficult to fix during the post-placement implementation flow and could be the result of non-optimal XDC constraints or non-optimal design architecture
Related violations: <none>

TIMING-16#714 Warning
Large setup violation  
There is a large setup violation of -1.845 ns between u_ex1_ex2/fwd_rs1_out_reg[0]/C (clocked by clk) and u_bp/btb_tag_reg[28][23]/CE (clocked by clk). Large setup violations at the end of those stages might be difficult to fix during the post-placement implementation flow and could be the result of non-optimal XDC constraints or non-optimal design architecture
Related violations: <none>

TIMING-16#715 Warning
Large setup violation  
There is a large setup violation of -1.845 ns between u_ex1_ex2/fwd_rs1_out_reg[0]/C (clocked by clk) and u_bp/btb_tag_reg[28][24]/CE (clocked by clk). Large setup violations at the end of those stages might be difficult to fix during the post-placement implementation flow and could be the result of non-optimal XDC constraints or non-optimal design architecture
Related violations: <none>

TIMING-16#716 Warning
Large setup violation  
There is a large setup violation of -1.845 ns between u_ex1_ex2/fwd_rs1_out_reg[0]/C (clocked by clk) and u_bp/btb_tag_reg[28][2]/CE (clocked by clk). Large setup violations at the end of those stages might be difficult to fix during the post-placement implementation flow and could be the result of non-optimal XDC constraints or non-optimal design architecture
Related violations: <none>

TIMING-16#717 Warning
Large setup violation  
There is a large setup violation of -1.845 ns between u_ex1_ex2/fwd_rs1_out_reg[0]/C (clocked by clk) and u_bp/btb_tag_reg[28][3]/CE (clocked by clk). Large setup violations at the end of those stages might be difficult to fix during the post-placement implementation flow and could be the result of non-optimal XDC constraints or non-optimal design architecture
Related violations: <none>

TIMING-16#718 Warning
Large setup violation  
There is a large setup violation of -1.845 ns between u_ex1_ex2/fwd_rs1_out_reg[0]/C (clocked by clk) and u_bp/btb_tag_reg[28][4]/CE (clocked by clk). Large setup violations at the end of those stages might be difficult to fix during the post-placement implementation flow and could be the result of non-optimal XDC constraints or non-optimal design architecture
Related violations: <none>

TIMING-16#719 Warning
Large setup violation  
There is a large setup violation of -1.845 ns between u_ex1_ex2/fwd_rs1_out_reg[0]/C (clocked by clk) and u_bp/btb_tag_reg[28][5]/CE (clocked by clk). Large setup violations at the end of those stages might be difficult to fix during the post-placement implementation flow and could be the result of non-optimal XDC constraints or non-optimal design architecture
Related violations: <none>

TIMING-16#720 Warning
Large setup violation  
There is a large setup violation of -1.845 ns between u_ex1_ex2/fwd_rs1_out_reg[0]/C (clocked by clk) and u_bp/btb_tag_reg[28][6]/CE (clocked by clk). Large setup violations at the end of those stages might be difficult to fix during the post-placement implementation flow and could be the result of non-optimal XDC constraints or non-optimal design architecture
Related violations: <none>

TIMING-16#721 Warning
Large setup violation  
There is a large setup violation of -1.845 ns between u_ex1_ex2/fwd_rs1_out_reg[0]/C (clocked by clk) and u_bp/btb_tag_reg[28][7]/CE (clocked by clk). Large setup violations at the end of those stages might be difficult to fix during the post-placement implementation flow and could be the result of non-optimal XDC constraints or non-optimal design architecture
Related violations: <none>

TIMING-16#722 Warning
Large setup violation  
There is a large setup violation of -1.845 ns between u_ex1_ex2/fwd_rs1_out_reg[0]/C (clocked by clk) and u_bp/btb_tag_reg[28][8]/CE (clocked by clk). Large setup violations at the end of those stages might be difficult to fix during the post-placement implementation flow and could be the result of non-optimal XDC constraints or non-optimal design architecture
Related violations: <none>

TIMING-16#723 Warning
Large setup violation  
There is a large setup violation of -1.845 ns between u_ex1_ex2/fwd_rs1_out_reg[0]/C (clocked by clk) and u_bp/btb_tag_reg[28][9]/CE (clocked by clk). Large setup violations at the end of those stages might be difficult to fix during the post-placement implementation flow and could be the result of non-optimal XDC constraints or non-optimal design architecture
Related violations: <none>

TIMING-16#724 Warning
Large setup violation  
There is a large setup violation of -1.845 ns between u_ex1_ex2/fwd_rs1_out_reg[0]/C (clocked by clk) and u_bp/btb_tag_reg[29][0]/CE (clocked by clk). Large setup violations at the end of those stages might be difficult to fix during the post-placement implementation flow and could be the result of non-optimal XDC constraints or non-optimal design architecture
Related violations: <none>

TIMING-16#725 Warning
Large setup violation  
There is a large setup violation of -1.845 ns between u_ex1_ex2/fwd_rs1_out_reg[0]/C (clocked by clk) and u_bp/btb_tag_reg[29][10]/CE (clocked by clk). Large setup violations at the end of those stages might be difficult to fix during the post-placement implementation flow and could be the result of non-optimal XDC constraints or non-optimal design architecture
Related violations: <none>

TIMING-16#726 Warning
Large setup violation  
There is a large setup violation of -1.845 ns between u_ex1_ex2/fwd_rs1_out_reg[0]/C (clocked by clk) and u_bp/btb_tag_reg[29][11]/CE (clocked by clk). Large setup violations at the end of those stages might be difficult to fix during the post-placement implementation flow and could be the result of non-optimal XDC constraints or non-optimal design architecture
Related violations: <none>

TIMING-16#727 Warning
Large setup violation  
There is a large setup violation of -1.845 ns between u_ex1_ex2/fwd_rs1_out_reg[0]/C (clocked by clk) and u_bp/btb_tag_reg[29][12]/CE (clocked by clk). Large setup violations at the end of those stages might be difficult to fix during the post-placement implementation flow and could be the result of non-optimal XDC constraints or non-optimal design architecture
Related violations: <none>

TIMING-16#728 Warning
Large setup violation  
There is a large setup violation of -1.845 ns between u_ex1_ex2/fwd_rs1_out_reg[0]/C (clocked by clk) and u_bp/btb_tag_reg[29][13]/CE (clocked by clk). Large setup violations at the end of those stages might be difficult to fix during the post-placement implementation flow and could be the result of non-optimal XDC constraints or non-optimal design architecture
Related violations: <none>

TIMING-16#729 Warning
Large setup violation  
There is a large setup violation of -1.845 ns between u_ex1_ex2/fwd_rs1_out_reg[0]/C (clocked by clk) and u_bp/btb_tag_reg[29][14]/CE (clocked by clk). Large setup violations at the end of those stages might be difficult to fix during the post-placement implementation flow and could be the result of non-optimal XDC constraints or non-optimal design architecture
Related violations: <none>

TIMING-16#730 Warning
Large setup violation  
There is a large setup violation of -1.845 ns between u_ex1_ex2/fwd_rs1_out_reg[0]/C (clocked by clk) and u_bp/btb_tag_reg[29][15]/CE (clocked by clk). Large setup violations at the end of those stages might be difficult to fix during the post-placement implementation flow and could be the result of non-optimal XDC constraints or non-optimal design architecture
Related violations: <none>

TIMING-16#731 Warning
Large setup violation  
There is a large setup violation of -1.845 ns between u_ex1_ex2/fwd_rs1_out_reg[0]/C (clocked by clk) and u_bp/btb_tag_reg[29][16]/CE (clocked by clk). Large setup violations at the end of those stages might be difficult to fix during the post-placement implementation flow and could be the result of non-optimal XDC constraints or non-optimal design architecture
Related violations: <none>

TIMING-16#732 Warning
Large setup violation  
There is a large setup violation of -1.845 ns between u_ex1_ex2/fwd_rs1_out_reg[0]/C (clocked by clk) and u_bp/btb_tag_reg[29][17]/CE (clocked by clk). Large setup violations at the end of those stages might be difficult to fix during the post-placement implementation flow and could be the result of non-optimal XDC constraints or non-optimal design architecture
Related violations: <none>

TIMING-16#733 Warning
Large setup violation  
There is a large setup violation of -1.845 ns between u_ex1_ex2/fwd_rs1_out_reg[0]/C (clocked by clk) and u_bp/btb_tag_reg[29][18]/CE (clocked by clk). Large setup violations at the end of those stages might be difficult to fix during the post-placement implementation flow and could be the result of non-optimal XDC constraints or non-optimal design architecture
Related violations: <none>

TIMING-16#734 Warning
Large setup violation  
There is a large setup violation of -1.845 ns between u_ex1_ex2/fwd_rs1_out_reg[0]/C (clocked by clk) and u_bp/btb_tag_reg[29][19]/CE (clocked by clk). Large setup violations at the end of those stages might be difficult to fix during the post-placement implementation flow and could be the result of non-optimal XDC constraints or non-optimal design architecture
Related violations: <none>

TIMING-16#735 Warning
Large setup violation  
There is a large setup violation of -1.845 ns between u_ex1_ex2/fwd_rs1_out_reg[0]/C (clocked by clk) and u_bp/btb_tag_reg[29][1]/CE (clocked by clk). Large setup violations at the end of those stages might be difficult to fix during the post-placement implementation flow and could be the result of non-optimal XDC constraints or non-optimal design architecture
Related violations: <none>

TIMING-16#736 Warning
Large setup violation  
There is a large setup violation of -1.845 ns between u_ex1_ex2/fwd_rs1_out_reg[0]/C (clocked by clk) and u_bp/btb_tag_reg[29][20]/CE (clocked by clk). Large setup violations at the end of those stages might be difficult to fix during the post-placement implementation flow and could be the result of non-optimal XDC constraints or non-optimal design architecture
Related violations: <none>

TIMING-16#737 Warning
Large setup violation  
There is a large setup violation of -1.845 ns between u_ex1_ex2/fwd_rs1_out_reg[0]/C (clocked by clk) and u_bp/btb_tag_reg[29][21]/CE (clocked by clk). Large setup violations at the end of those stages might be difficult to fix during the post-placement implementation flow and could be the result of non-optimal XDC constraints or non-optimal design architecture
Related violations: <none>

TIMING-16#738 Warning
Large setup violation  
There is a large setup violation of -1.845 ns between u_ex1_ex2/fwd_rs1_out_reg[0]/C (clocked by clk) and u_bp/btb_tag_reg[29][22]/CE (clocked by clk). Large setup violations at the end of those stages might be difficult to fix during the post-placement implementation flow and could be the result of non-optimal XDC constraints or non-optimal design architecture
Related violations: <none>

TIMING-16#739 Warning
Large setup violation  
There is a large setup violation of -1.845 ns between u_ex1_ex2/fwd_rs1_out_reg[0]/C (clocked by clk) and u_bp/btb_tag_reg[29][23]/CE (clocked by clk). Large setup violations at the end of those stages might be difficult to fix during the post-placement implementation flow and could be the result of non-optimal XDC constraints or non-optimal design architecture
Related violations: <none>

TIMING-16#740 Warning
Large setup violation  
There is a large setup violation of -1.845 ns between u_ex1_ex2/fwd_rs1_out_reg[0]/C (clocked by clk) and u_bp/btb_tag_reg[29][24]/CE (clocked by clk). Large setup violations at the end of those stages might be difficult to fix during the post-placement implementation flow and could be the result of non-optimal XDC constraints or non-optimal design architecture
Related violations: <none>

TIMING-16#741 Warning
Large setup violation  
There is a large setup violation of -1.845 ns between u_ex1_ex2/fwd_rs1_out_reg[0]/C (clocked by clk) and u_bp/btb_tag_reg[29][2]/CE (clocked by clk). Large setup violations at the end of those stages might be difficult to fix during the post-placement implementation flow and could be the result of non-optimal XDC constraints or non-optimal design architecture
Related violations: <none>

TIMING-16#742 Warning
Large setup violation  
There is a large setup violation of -1.845 ns between u_ex1_ex2/fwd_rs1_out_reg[0]/C (clocked by clk) and u_bp/btb_tag_reg[29][3]/CE (clocked by clk). Large setup violations at the end of those stages might be difficult to fix during the post-placement implementation flow and could be the result of non-optimal XDC constraints or non-optimal design architecture
Related violations: <none>

TIMING-16#743 Warning
Large setup violation  
There is a large setup violation of -1.845 ns between u_ex1_ex2/fwd_rs1_out_reg[0]/C (clocked by clk) and u_bp/btb_tag_reg[29][4]/CE (clocked by clk). Large setup violations at the end of those stages might be difficult to fix during the post-placement implementation flow and could be the result of non-optimal XDC constraints or non-optimal design architecture
Related violations: <none>

TIMING-16#744 Warning
Large setup violation  
There is a large setup violation of -1.845 ns between u_ex1_ex2/fwd_rs1_out_reg[0]/C (clocked by clk) and u_bp/btb_tag_reg[29][5]/CE (clocked by clk). Large setup violations at the end of those stages might be difficult to fix during the post-placement implementation flow and could be the result of non-optimal XDC constraints or non-optimal design architecture
Related violations: <none>

TIMING-16#745 Warning
Large setup violation  
There is a large setup violation of -1.845 ns between u_ex1_ex2/fwd_rs1_out_reg[0]/C (clocked by clk) and u_bp/btb_tag_reg[29][6]/CE (clocked by clk). Large setup violations at the end of those stages might be difficult to fix during the post-placement implementation flow and could be the result of non-optimal XDC constraints or non-optimal design architecture
Related violations: <none>

TIMING-16#746 Warning
Large setup violation  
There is a large setup violation of -1.845 ns between u_ex1_ex2/fwd_rs1_out_reg[0]/C (clocked by clk) and u_bp/btb_tag_reg[29][7]/CE (clocked by clk). Large setup violations at the end of those stages might be difficult to fix during the post-placement implementation flow and could be the result of non-optimal XDC constraints or non-optimal design architecture
Related violations: <none>

TIMING-16#747 Warning
Large setup violation  
There is a large setup violation of -1.845 ns between u_ex1_ex2/fwd_rs1_out_reg[0]/C (clocked by clk) and u_bp/btb_tag_reg[29][8]/CE (clocked by clk). Large setup violations at the end of those stages might be difficult to fix during the post-placement implementation flow and could be the result of non-optimal XDC constraints or non-optimal design architecture
Related violations: <none>

TIMING-16#748 Warning
Large setup violation  
There is a large setup violation of -1.845 ns between u_ex1_ex2/fwd_rs1_out_reg[0]/C (clocked by clk) and u_bp/btb_tag_reg[29][9]/CE (clocked by clk). Large setup violations at the end of those stages might be difficult to fix during the post-placement implementation flow and could be the result of non-optimal XDC constraints or non-optimal design architecture
Related violations: <none>

TIMING-16#749 Warning
Large setup violation  
There is a large setup violation of -1.845 ns between u_ex1_ex2/fwd_rs1_out_reg[0]/C (clocked by clk) and u_bp/btb_tag_reg[31][0]/CE (clocked by clk). Large setup violations at the end of those stages might be difficult to fix during the post-placement implementation flow and could be the result of non-optimal XDC constraints or non-optimal design architecture
Related violations: <none>

TIMING-16#750 Warning
Large setup violation  
There is a large setup violation of -1.845 ns between u_ex1_ex2/fwd_rs1_out_reg[0]/C (clocked by clk) and u_bp/btb_tag_reg[31][10]/CE (clocked by clk). Large setup violations at the end of those stages might be difficult to fix during the post-placement implementation flow and could be the result of non-optimal XDC constraints or non-optimal design architecture
Related violations: <none>

TIMING-16#751 Warning
Large setup violation  
There is a large setup violation of -1.845 ns between u_ex1_ex2/fwd_rs1_out_reg[0]/C (clocked by clk) and u_bp/btb_tag_reg[31][11]/CE (clocked by clk). Large setup violations at the end of those stages might be difficult to fix during the post-placement implementation flow and could be the result of non-optimal XDC constraints or non-optimal design architecture
Related violations: <none>

TIMING-16#752 Warning
Large setup violation  
There is a large setup violation of -1.845 ns between u_ex1_ex2/fwd_rs1_out_reg[0]/C (clocked by clk) and u_bp/btb_tag_reg[31][12]/CE (clocked by clk). Large setup violations at the end of those stages might be difficult to fix during the post-placement implementation flow and could be the result of non-optimal XDC constraints or non-optimal design architecture
Related violations: <none>

TIMING-16#753 Warning
Large setup violation  
There is a large setup violation of -1.845 ns between u_ex1_ex2/fwd_rs1_out_reg[0]/C (clocked by clk) and u_bp/btb_tag_reg[31][13]/CE (clocked by clk). Large setup violations at the end of those stages might be difficult to fix during the post-placement implementation flow and could be the result of non-optimal XDC constraints or non-optimal design architecture
Related violations: <none>

TIMING-16#754 Warning
Large setup violation  
There is a large setup violation of -1.845 ns between u_ex1_ex2/fwd_rs1_out_reg[0]/C (clocked by clk) and u_bp/btb_tag_reg[31][14]/CE (clocked by clk). Large setup violations at the end of those stages might be difficult to fix during the post-placement implementation flow and could be the result of non-optimal XDC constraints or non-optimal design architecture
Related violations: <none>

TIMING-16#755 Warning
Large setup violation  
There is a large setup violation of -1.845 ns between u_ex1_ex2/fwd_rs1_out_reg[0]/C (clocked by clk) and u_bp/btb_tag_reg[31][15]/CE (clocked by clk). Large setup violations at the end of those stages might be difficult to fix during the post-placement implementation flow and could be the result of non-optimal XDC constraints or non-optimal design architecture
Related violations: <none>

TIMING-16#756 Warning
Large setup violation  
There is a large setup violation of -1.845 ns between u_ex1_ex2/fwd_rs1_out_reg[0]/C (clocked by clk) and u_bp/btb_tag_reg[31][16]/CE (clocked by clk). Large setup violations at the end of those stages might be difficult to fix during the post-placement implementation flow and could be the result of non-optimal XDC constraints or non-optimal design architecture
Related violations: <none>

TIMING-16#757 Warning
Large setup violation  
There is a large setup violation of -1.845 ns between u_ex1_ex2/fwd_rs1_out_reg[0]/C (clocked by clk) and u_bp/btb_tag_reg[31][17]/CE (clocked by clk). Large setup violations at the end of those stages might be difficult to fix during the post-placement implementation flow and could be the result of non-optimal XDC constraints or non-optimal design architecture
Related violations: <none>

TIMING-16#758 Warning
Large setup violation  
There is a large setup violation of -1.845 ns between u_ex1_ex2/fwd_rs1_out_reg[0]/C (clocked by clk) and u_bp/btb_tag_reg[31][18]/CE (clocked by clk). Large setup violations at the end of those stages might be difficult to fix during the post-placement implementation flow and could be the result of non-optimal XDC constraints or non-optimal design architecture
Related violations: <none>

TIMING-16#759 Warning
Large setup violation  
There is a large setup violation of -1.845 ns between u_ex1_ex2/fwd_rs1_out_reg[0]/C (clocked by clk) and u_bp/btb_tag_reg[31][19]/CE (clocked by clk). Large setup violations at the end of those stages might be difficult to fix during the post-placement implementation flow and could be the result of non-optimal XDC constraints or non-optimal design architecture
Related violations: <none>

TIMING-16#760 Warning
Large setup violation  
There is a large setup violation of -1.845 ns between u_ex1_ex2/fwd_rs1_out_reg[0]/C (clocked by clk) and u_bp/btb_tag_reg[31][1]/CE (clocked by clk). Large setup violations at the end of those stages might be difficult to fix during the post-placement implementation flow and could be the result of non-optimal XDC constraints or non-optimal design architecture
Related violations: <none>

TIMING-16#761 Warning
Large setup violation  
There is a large setup violation of -1.845 ns between u_ex1_ex2/fwd_rs1_out_reg[0]/C (clocked by clk) and u_bp/btb_tag_reg[31][20]/CE (clocked by clk). Large setup violations at the end of those stages might be difficult to fix during the post-placement implementation flow and could be the result of non-optimal XDC constraints or non-optimal design architecture
Related violations: <none>

TIMING-16#762 Warning
Large setup violation  
There is a large setup violation of -1.845 ns between u_ex1_ex2/fwd_rs1_out_reg[0]/C (clocked by clk) and u_bp/btb_tag_reg[31][21]/CE (clocked by clk). Large setup violations at the end of those stages might be difficult to fix during the post-placement implementation flow and could be the result of non-optimal XDC constraints or non-optimal design architecture
Related violations: <none>

TIMING-16#763 Warning
Large setup violation  
There is a large setup violation of -1.845 ns between u_ex1_ex2/fwd_rs1_out_reg[0]/C (clocked by clk) and u_bp/btb_tag_reg[31][22]/CE (clocked by clk). Large setup violations at the end of those stages might be difficult to fix during the post-placement implementation flow and could be the result of non-optimal XDC constraints or non-optimal design architecture
Related violations: <none>

TIMING-16#764 Warning
Large setup violation  
There is a large setup violation of -1.845 ns between u_ex1_ex2/fwd_rs1_out_reg[0]/C (clocked by clk) and u_bp/btb_tag_reg[31][23]/CE (clocked by clk). Large setup violations at the end of those stages might be difficult to fix during the post-placement implementation flow and could be the result of non-optimal XDC constraints or non-optimal design architecture
Related violations: <none>

TIMING-16#765 Warning
Large setup violation  
There is a large setup violation of -1.845 ns between u_ex1_ex2/fwd_rs1_out_reg[0]/C (clocked by clk) and u_bp/btb_tag_reg[31][24]/CE (clocked by clk). Large setup violations at the end of those stages might be difficult to fix during the post-placement implementation flow and could be the result of non-optimal XDC constraints or non-optimal design architecture
Related violations: <none>

TIMING-16#766 Warning
Large setup violation  
There is a large setup violation of -1.845 ns between u_ex1_ex2/fwd_rs1_out_reg[0]/C (clocked by clk) and u_bp/btb_tag_reg[31][2]/CE (clocked by clk). Large setup violations at the end of those stages might be difficult to fix during the post-placement implementation flow and could be the result of non-optimal XDC constraints or non-optimal design architecture
Related violations: <none>

TIMING-16#767 Warning
Large setup violation  
There is a large setup violation of -1.845 ns between u_ex1_ex2/fwd_rs1_out_reg[0]/C (clocked by clk) and u_bp/btb_tag_reg[31][3]/CE (clocked by clk). Large setup violations at the end of those stages might be difficult to fix during the post-placement implementation flow and could be the result of non-optimal XDC constraints or non-optimal design architecture
Related violations: <none>

TIMING-16#768 Warning
Large setup violation  
There is a large setup violation of -1.845 ns between u_ex1_ex2/fwd_rs1_out_reg[0]/C (clocked by clk) and u_bp/btb_tag_reg[31][4]/CE (clocked by clk). Large setup violations at the end of those stages might be difficult to fix during the post-placement implementation flow and could be the result of non-optimal XDC constraints or non-optimal design architecture
Related violations: <none>

TIMING-16#769 Warning
Large setup violation  
There is a large setup violation of -1.845 ns between u_ex1_ex2/fwd_rs1_out_reg[0]/C (clocked by clk) and u_bp/btb_tag_reg[31][5]/CE (clocked by clk). Large setup violations at the end of those stages might be difficult to fix during the post-placement implementation flow and could be the result of non-optimal XDC constraints or non-optimal design architecture
Related violations: <none>

TIMING-16#770 Warning
Large setup violation  
There is a large setup violation of -1.845 ns between u_ex1_ex2/fwd_rs1_out_reg[0]/C (clocked by clk) and u_bp/btb_tag_reg[31][6]/CE (clocked by clk). Large setup violations at the end of those stages might be difficult to fix during the post-placement implementation flow and could be the result of non-optimal XDC constraints or non-optimal design architecture
Related violations: <none>

TIMING-16#771 Warning
Large setup violation  
There is a large setup violation of -1.845 ns between u_ex1_ex2/fwd_rs1_out_reg[0]/C (clocked by clk) and u_bp/btb_tag_reg[31][7]/CE (clocked by clk). Large setup violations at the end of those stages might be difficult to fix during the post-placement implementation flow and could be the result of non-optimal XDC constraints or non-optimal design architecture
Related violations: <none>

TIMING-16#772 Warning
Large setup violation  
There is a large setup violation of -1.845 ns between u_ex1_ex2/fwd_rs1_out_reg[0]/C (clocked by clk) and u_bp/btb_tag_reg[31][8]/CE (clocked by clk). Large setup violations at the end of those stages might be difficult to fix during the post-placement implementation flow and could be the result of non-optimal XDC constraints or non-optimal design architecture
Related violations: <none>

TIMING-16#773 Warning
Large setup violation  
There is a large setup violation of -1.845 ns between u_ex1_ex2/fwd_rs1_out_reg[0]/C (clocked by clk) and u_bp/btb_tag_reg[31][9]/CE (clocked by clk). Large setup violations at the end of those stages might be difficult to fix during the post-placement implementation flow and could be the result of non-optimal XDC constraints or non-optimal design architecture
Related violations: <none>

TIMING-16#774 Warning
Large setup violation  
There is a large setup violation of -1.845 ns between u_ex1_ex2/fwd_rs1_out_reg[0]/C (clocked by clk) and u_bp/btb_tag_reg[3][0]/CE (clocked by clk). Large setup violations at the end of those stages might be difficult to fix during the post-placement implementation flow and could be the result of non-optimal XDC constraints or non-optimal design architecture
Related violations: <none>

TIMING-16#775 Warning
Large setup violation  
There is a large setup violation of -1.845 ns between u_ex1_ex2/fwd_rs1_out_reg[0]/C (clocked by clk) and u_bp/btb_tag_reg[3][10]/CE (clocked by clk). Large setup violations at the end of those stages might be difficult to fix during the post-placement implementation flow and could be the result of non-optimal XDC constraints or non-optimal design architecture
Related violations: <none>

TIMING-16#776 Warning
Large setup violation  
There is a large setup violation of -1.845 ns between u_ex1_ex2/fwd_rs1_out_reg[0]/C (clocked by clk) and u_bp/btb_tag_reg[3][11]/CE (clocked by clk). Large setup violations at the end of those stages might be difficult to fix during the post-placement implementation flow and could be the result of non-optimal XDC constraints or non-optimal design architecture
Related violations: <none>

TIMING-16#777 Warning
Large setup violation  
There is a large setup violation of -1.845 ns between u_ex1_ex2/fwd_rs1_out_reg[0]/C (clocked by clk) and u_bp/btb_tag_reg[3][12]/CE (clocked by clk). Large setup violations at the end of those stages might be difficult to fix during the post-placement implementation flow and could be the result of non-optimal XDC constraints or non-optimal design architecture
Related violations: <none>

TIMING-16#778 Warning
Large setup violation  
There is a large setup violation of -1.845 ns between u_ex1_ex2/fwd_rs1_out_reg[0]/C (clocked by clk) and u_bp/btb_tag_reg[3][13]/CE (clocked by clk). Large setup violations at the end of those stages might be difficult to fix during the post-placement implementation flow and could be the result of non-optimal XDC constraints or non-optimal design architecture
Related violations: <none>

TIMING-16#779 Warning
Large setup violation  
There is a large setup violation of -1.845 ns between u_ex1_ex2/fwd_rs1_out_reg[0]/C (clocked by clk) and u_bp/btb_tag_reg[3][14]/CE (clocked by clk). Large setup violations at the end of those stages might be difficult to fix during the post-placement implementation flow and could be the result of non-optimal XDC constraints or non-optimal design architecture
Related violations: <none>

TIMING-16#780 Warning
Large setup violation  
There is a large setup violation of -1.845 ns between u_ex1_ex2/fwd_rs1_out_reg[0]/C (clocked by clk) and u_bp/btb_tag_reg[3][15]/CE (clocked by clk). Large setup violations at the end of those stages might be difficult to fix during the post-placement implementation flow and could be the result of non-optimal XDC constraints or non-optimal design architecture
Related violations: <none>

TIMING-16#781 Warning
Large setup violation  
There is a large setup violation of -1.845 ns between u_ex1_ex2/fwd_rs1_out_reg[0]/C (clocked by clk) and u_bp/btb_tag_reg[3][16]/CE (clocked by clk). Large setup violations at the end of those stages might be difficult to fix during the post-placement implementation flow and could be the result of non-optimal XDC constraints or non-optimal design architecture
Related violations: <none>

TIMING-16#782 Warning
Large setup violation  
There is a large setup violation of -1.845 ns between u_ex1_ex2/fwd_rs1_out_reg[0]/C (clocked by clk) and u_bp/btb_tag_reg[3][17]/CE (clocked by clk). Large setup violations at the end of those stages might be difficult to fix during the post-placement implementation flow and could be the result of non-optimal XDC constraints or non-optimal design architecture
Related violations: <none>

TIMING-16#783 Warning
Large setup violation  
There is a large setup violation of -1.845 ns between u_ex1_ex2/fwd_rs1_out_reg[0]/C (clocked by clk) and u_bp/btb_tag_reg[3][18]/CE (clocked by clk). Large setup violations at the end of those stages might be difficult to fix during the post-placement implementation flow and could be the result of non-optimal XDC constraints or non-optimal design architecture
Related violations: <none>

TIMING-16#784 Warning
Large setup violation  
There is a large setup violation of -1.845 ns between u_ex1_ex2/fwd_rs1_out_reg[0]/C (clocked by clk) and u_bp/btb_tag_reg[3][19]/CE (clocked by clk). Large setup violations at the end of those stages might be difficult to fix during the post-placement implementation flow and could be the result of non-optimal XDC constraints or non-optimal design architecture
Related violations: <none>

TIMING-16#785 Warning
Large setup violation  
There is a large setup violation of -1.845 ns between u_ex1_ex2/fwd_rs1_out_reg[0]/C (clocked by clk) and u_bp/btb_tag_reg[3][1]/CE (clocked by clk). Large setup violations at the end of those stages might be difficult to fix during the post-placement implementation flow and could be the result of non-optimal XDC constraints or non-optimal design architecture
Related violations: <none>

TIMING-16#786 Warning
Large setup violation  
There is a large setup violation of -1.845 ns between u_ex1_ex2/fwd_rs1_out_reg[0]/C (clocked by clk) and u_bp/btb_tag_reg[3][20]/CE (clocked by clk). Large setup violations at the end of those stages might be difficult to fix during the post-placement implementation flow and could be the result of non-optimal XDC constraints or non-optimal design architecture
Related violations: <none>

TIMING-16#787 Warning
Large setup violation  
There is a large setup violation of -1.845 ns between u_ex1_ex2/fwd_rs1_out_reg[0]/C (clocked by clk) and u_bp/btb_tag_reg[3][21]/CE (clocked by clk). Large setup violations at the end of those stages might be difficult to fix during the post-placement implementation flow and could be the result of non-optimal XDC constraints or non-optimal design architecture
Related violations: <none>

TIMING-16#788 Warning
Large setup violation  
There is a large setup violation of -1.845 ns between u_ex1_ex2/fwd_rs1_out_reg[0]/C (clocked by clk) and u_bp/btb_tag_reg[3][22]/CE (clocked by clk). Large setup violations at the end of those stages might be difficult to fix during the post-placement implementation flow and could be the result of non-optimal XDC constraints or non-optimal design architecture
Related violations: <none>

TIMING-16#789 Warning
Large setup violation  
There is a large setup violation of -1.845 ns between u_ex1_ex2/fwd_rs1_out_reg[0]/C (clocked by clk) and u_bp/btb_tag_reg[3][23]/CE (clocked by clk). Large setup violations at the end of those stages might be difficult to fix during the post-placement implementation flow and could be the result of non-optimal XDC constraints or non-optimal design architecture
Related violations: <none>

TIMING-16#790 Warning
Large setup violation  
There is a large setup violation of -1.845 ns between u_ex1_ex2/fwd_rs1_out_reg[0]/C (clocked by clk) and u_bp/btb_tag_reg[3][24]/CE (clocked by clk). Large setup violations at the end of those stages might be difficult to fix during the post-placement implementation flow and could be the result of non-optimal XDC constraints or non-optimal design architecture
Related violations: <none>

TIMING-16#791 Warning
Large setup violation  
There is a large setup violation of -1.845 ns between u_ex1_ex2/fwd_rs1_out_reg[0]/C (clocked by clk) and u_bp/btb_tag_reg[3][2]/CE (clocked by clk). Large setup violations at the end of those stages might be difficult to fix during the post-placement implementation flow and could be the result of non-optimal XDC constraints or non-optimal design architecture
Related violations: <none>

TIMING-16#792 Warning
Large setup violation  
There is a large setup violation of -1.845 ns between u_ex1_ex2/fwd_rs1_out_reg[0]/C (clocked by clk) and u_bp/btb_tag_reg[3][3]/CE (clocked by clk). Large setup violations at the end of those stages might be difficult to fix during the post-placement implementation flow and could be the result of non-optimal XDC constraints or non-optimal design architecture
Related violations: <none>

TIMING-16#793 Warning
Large setup violation  
There is a large setup violation of -1.845 ns between u_ex1_ex2/fwd_rs1_out_reg[0]/C (clocked by clk) and u_bp/btb_tag_reg[3][4]/CE (clocked by clk). Large setup violations at the end of those stages might be difficult to fix during the post-placement implementation flow and could be the result of non-optimal XDC constraints or non-optimal design architecture
Related violations: <none>

TIMING-16#794 Warning
Large setup violation  
There is a large setup violation of -1.845 ns between u_ex1_ex2/fwd_rs1_out_reg[0]/C (clocked by clk) and u_bp/btb_tag_reg[3][5]/CE (clocked by clk). Large setup violations at the end of those stages might be difficult to fix during the post-placement implementation flow and could be the result of non-optimal XDC constraints or non-optimal design architecture
Related violations: <none>

TIMING-16#795 Warning
Large setup violation  
There is a large setup violation of -1.845 ns between u_ex1_ex2/fwd_rs1_out_reg[0]/C (clocked by clk) and u_bp/btb_tag_reg[3][6]/CE (clocked by clk). Large setup violations at the end of those stages might be difficult to fix during the post-placement implementation flow and could be the result of non-optimal XDC constraints or non-optimal design architecture
Related violations: <none>

TIMING-16#796 Warning
Large setup violation  
There is a large setup violation of -1.845 ns between u_ex1_ex2/fwd_rs1_out_reg[0]/C (clocked by clk) and u_bp/btb_tag_reg[3][7]/CE (clocked by clk). Large setup violations at the end of those stages might be difficult to fix during the post-placement implementation flow and could be the result of non-optimal XDC constraints or non-optimal design architecture
Related violations: <none>

TIMING-16#797 Warning
Large setup violation  
There is a large setup violation of -1.845 ns between u_ex1_ex2/fwd_rs1_out_reg[0]/C (clocked by clk) and u_bp/btb_tag_reg[3][8]/CE (clocked by clk). Large setup violations at the end of those stages might be difficult to fix during the post-placement implementation flow and could be the result of non-optimal XDC constraints or non-optimal design architecture
Related violations: <none>

TIMING-16#798 Warning
Large setup violation  
There is a large setup violation of -1.845 ns between u_ex1_ex2/fwd_rs1_out_reg[0]/C (clocked by clk) and u_bp/btb_tag_reg[3][9]/CE (clocked by clk). Large setup violations at the end of those stages might be difficult to fix during the post-placement implementation flow and could be the result of non-optimal XDC constraints or non-optimal design architecture
Related violations: <none>

TIMING-16#799 Warning
Large setup violation  
There is a large setup violation of -1.845 ns between u_ex1_ex2/fwd_rs1_out_reg[0]/C (clocked by clk) and u_bp/btb_tag_reg[5][0]/CE (clocked by clk). Large setup violations at the end of those stages might be difficult to fix during the post-placement implementation flow and could be the result of non-optimal XDC constraints or non-optimal design architecture
Related violations: <none>

TIMING-16#800 Warning
Large setup violation  
There is a large setup violation of -1.845 ns between u_ex1_ex2/fwd_rs1_out_reg[0]/C (clocked by clk) and u_bp/btb_tag_reg[5][10]/CE (clocked by clk). Large setup violations at the end of those stages might be difficult to fix during the post-placement implementation flow and could be the result of non-optimal XDC constraints or non-optimal design architecture
Related violations: <none>

TIMING-16#801 Warning
Large setup violation  
There is a large setup violation of -1.845 ns between u_ex1_ex2/fwd_rs1_out_reg[0]/C (clocked by clk) and u_bp/btb_tag_reg[5][11]/CE (clocked by clk). Large setup violations at the end of those stages might be difficult to fix during the post-placement implementation flow and could be the result of non-optimal XDC constraints or non-optimal design architecture
Related violations: <none>

TIMING-16#802 Warning
Large setup violation  
There is a large setup violation of -1.845 ns between u_ex1_ex2/fwd_rs1_out_reg[0]/C (clocked by clk) and u_bp/btb_tag_reg[5][12]/CE (clocked by clk). Large setup violations at the end of those stages might be difficult to fix during the post-placement implementation flow and could be the result of non-optimal XDC constraints or non-optimal design architecture
Related violations: <none>

TIMING-16#803 Warning
Large setup violation  
There is a large setup violation of -1.845 ns between u_ex1_ex2/fwd_rs1_out_reg[0]/C (clocked by clk) and u_bp/btb_tag_reg[5][13]/CE (clocked by clk). Large setup violations at the end of those stages might be difficult to fix during the post-placement implementation flow and could be the result of non-optimal XDC constraints or non-optimal design architecture
Related violations: <none>

TIMING-16#804 Warning
Large setup violation  
There is a large setup violation of -1.845 ns between u_ex1_ex2/fwd_rs1_out_reg[0]/C (clocked by clk) and u_bp/btb_tag_reg[5][14]/CE (clocked by clk). Large setup violations at the end of those stages might be difficult to fix during the post-placement implementation flow and could be the result of non-optimal XDC constraints or non-optimal design architecture
Related violations: <none>

TIMING-16#805 Warning
Large setup violation  
There is a large setup violation of -1.845 ns between u_ex1_ex2/fwd_rs1_out_reg[0]/C (clocked by clk) and u_bp/btb_tag_reg[5][15]/CE (clocked by clk). Large setup violations at the end of those stages might be difficult to fix during the post-placement implementation flow and could be the result of non-optimal XDC constraints or non-optimal design architecture
Related violations: <none>

TIMING-16#806 Warning
Large setup violation  
There is a large setup violation of -1.845 ns between u_ex1_ex2/fwd_rs1_out_reg[0]/C (clocked by clk) and u_bp/btb_tag_reg[5][16]/CE (clocked by clk). Large setup violations at the end of those stages might be difficult to fix during the post-placement implementation flow and could be the result of non-optimal XDC constraints or non-optimal design architecture
Related violations: <none>

TIMING-16#807 Warning
Large setup violation  
There is a large setup violation of -1.845 ns between u_ex1_ex2/fwd_rs1_out_reg[0]/C (clocked by clk) and u_bp/btb_tag_reg[5][17]/CE (clocked by clk). Large setup violations at the end of those stages might be difficult to fix during the post-placement implementation flow and could be the result of non-optimal XDC constraints or non-optimal design architecture
Related violations: <none>

TIMING-16#808 Warning
Large setup violation  
There is a large setup violation of -1.845 ns between u_ex1_ex2/fwd_rs1_out_reg[0]/C (clocked by clk) and u_bp/btb_tag_reg[5][18]/CE (clocked by clk). Large setup violations at the end of those stages might be difficult to fix during the post-placement implementation flow and could be the result of non-optimal XDC constraints or non-optimal design architecture
Related violations: <none>

TIMING-16#809 Warning
Large setup violation  
There is a large setup violation of -1.845 ns between u_ex1_ex2/fwd_rs1_out_reg[0]/C (clocked by clk) and u_bp/btb_tag_reg[5][19]/CE (clocked by clk). Large setup violations at the end of those stages might be difficult to fix during the post-placement implementation flow and could be the result of non-optimal XDC constraints or non-optimal design architecture
Related violations: <none>

TIMING-16#810 Warning
Large setup violation  
There is a large setup violation of -1.845 ns between u_ex1_ex2/fwd_rs1_out_reg[0]/C (clocked by clk) and u_bp/btb_tag_reg[5][1]/CE (clocked by clk). Large setup violations at the end of those stages might be difficult to fix during the post-placement implementation flow and could be the result of non-optimal XDC constraints or non-optimal design architecture
Related violations: <none>

TIMING-16#811 Warning
Large setup violation  
There is a large setup violation of -1.845 ns between u_ex1_ex2/fwd_rs1_out_reg[0]/C (clocked by clk) and u_bp/btb_tag_reg[5][20]/CE (clocked by clk). Large setup violations at the end of those stages might be difficult to fix during the post-placement implementation flow and could be the result of non-optimal XDC constraints or non-optimal design architecture
Related violations: <none>

TIMING-16#812 Warning
Large setup violation  
There is a large setup violation of -1.845 ns between u_ex1_ex2/fwd_rs1_out_reg[0]/C (clocked by clk) and u_bp/btb_tag_reg[5][21]/CE (clocked by clk). Large setup violations at the end of those stages might be difficult to fix during the post-placement implementation flow and could be the result of non-optimal XDC constraints or non-optimal design architecture
Related violations: <none>

TIMING-16#813 Warning
Large setup violation  
There is a large setup violation of -1.845 ns between u_ex1_ex2/fwd_rs1_out_reg[0]/C (clocked by clk) and u_bp/btb_tag_reg[5][22]/CE (clocked by clk). Large setup violations at the end of those stages might be difficult to fix during the post-placement implementation flow and could be the result of non-optimal XDC constraints or non-optimal design architecture
Related violations: <none>

TIMING-16#814 Warning
Large setup violation  
There is a large setup violation of -1.845 ns between u_ex1_ex2/fwd_rs1_out_reg[0]/C (clocked by clk) and u_bp/btb_tag_reg[5][23]/CE (clocked by clk). Large setup violations at the end of those stages might be difficult to fix during the post-placement implementation flow and could be the result of non-optimal XDC constraints or non-optimal design architecture
Related violations: <none>

TIMING-16#815 Warning
Large setup violation  
There is a large setup violation of -1.845 ns between u_ex1_ex2/fwd_rs1_out_reg[0]/C (clocked by clk) and u_bp/btb_tag_reg[5][24]/CE (clocked by clk). Large setup violations at the end of those stages might be difficult to fix during the post-placement implementation flow and could be the result of non-optimal XDC constraints or non-optimal design architecture
Related violations: <none>

TIMING-16#816 Warning
Large setup violation  
There is a large setup violation of -1.845 ns between u_ex1_ex2/fwd_rs1_out_reg[0]/C (clocked by clk) and u_bp/btb_tag_reg[5][2]/CE (clocked by clk). Large setup violations at the end of those stages might be difficult to fix during the post-placement implementation flow and could be the result of non-optimal XDC constraints or non-optimal design architecture
Related violations: <none>

TIMING-16#817 Warning
Large setup violation  
There is a large setup violation of -1.845 ns between u_ex1_ex2/fwd_rs1_out_reg[0]/C (clocked by clk) and u_bp/btb_tag_reg[5][3]/CE (clocked by clk). Large setup violations at the end of those stages might be difficult to fix during the post-placement implementation flow and could be the result of non-optimal XDC constraints or non-optimal design architecture
Related violations: <none>

TIMING-16#818 Warning
Large setup violation  
There is a large setup violation of -1.845 ns between u_ex1_ex2/fwd_rs1_out_reg[0]/C (clocked by clk) and u_bp/btb_tag_reg[5][4]/CE (clocked by clk). Large setup violations at the end of those stages might be difficult to fix during the post-placement implementation flow and could be the result of non-optimal XDC constraints or non-optimal design architecture
Related violations: <none>

TIMING-16#819 Warning
Large setup violation  
There is a large setup violation of -1.845 ns between u_ex1_ex2/fwd_rs1_out_reg[0]/C (clocked by clk) and u_bp/btb_tag_reg[5][5]/CE (clocked by clk). Large setup violations at the end of those stages might be difficult to fix during the post-placement implementation flow and could be the result of non-optimal XDC constraints or non-optimal design architecture
Related violations: <none>

TIMING-16#820 Warning
Large setup violation  
There is a large setup violation of -1.845 ns between u_ex1_ex2/fwd_rs1_out_reg[0]/C (clocked by clk) and u_bp/btb_tag_reg[5][6]/CE (clocked by clk). Large setup violations at the end of those stages might be difficult to fix during the post-placement implementation flow and could be the result of non-optimal XDC constraints or non-optimal design architecture
Related violations: <none>

TIMING-16#821 Warning
Large setup violation  
There is a large setup violation of -1.845 ns between u_ex1_ex2/fwd_rs1_out_reg[0]/C (clocked by clk) and u_bp/btb_tag_reg[5][7]/CE (clocked by clk). Large setup violations at the end of those stages might be difficult to fix during the post-placement implementation flow and could be the result of non-optimal XDC constraints or non-optimal design architecture
Related violations: <none>

TIMING-16#822 Warning
Large setup violation  
There is a large setup violation of -1.845 ns between u_ex1_ex2/fwd_rs1_out_reg[0]/C (clocked by clk) and u_bp/btb_tag_reg[5][8]/CE (clocked by clk). Large setup violations at the end of those stages might be difficult to fix during the post-placement implementation flow and could be the result of non-optimal XDC constraints or non-optimal design architecture
Related violations: <none>

TIMING-16#823 Warning
Large setup violation  
There is a large setup violation of -1.845 ns between u_ex1_ex2/fwd_rs1_out_reg[0]/C (clocked by clk) and u_bp/btb_tag_reg[5][9]/CE (clocked by clk). Large setup violations at the end of those stages might be difficult to fix during the post-placement implementation flow and could be the result of non-optimal XDC constraints or non-optimal design architecture
Related violations: <none>

TIMING-16#824 Warning
Large setup violation  
There is a large setup violation of -1.845 ns between u_ex1_ex2/fwd_rs1_out_reg[0]/C (clocked by clk) and u_bp/btb_tag_reg[6][0]/CE (clocked by clk). Large setup violations at the end of those stages might be difficult to fix during the post-placement implementation flow and could be the result of non-optimal XDC constraints or non-optimal design architecture
Related violations: <none>

TIMING-16#825 Warning
Large setup violation  
There is a large setup violation of -1.845 ns between u_ex1_ex2/fwd_rs1_out_reg[0]/C (clocked by clk) and u_bp/btb_tag_reg[6][10]/CE (clocked by clk). Large setup violations at the end of those stages might be difficult to fix during the post-placement implementation flow and could be the result of non-optimal XDC constraints or non-optimal design architecture
Related violations: <none>

TIMING-16#826 Warning
Large setup violation  
There is a large setup violation of -1.845 ns between u_ex1_ex2/fwd_rs1_out_reg[0]/C (clocked by clk) and u_bp/btb_tag_reg[6][11]/CE (clocked by clk). Large setup violations at the end of those stages might be difficult to fix during the post-placement implementation flow and could be the result of non-optimal XDC constraints or non-optimal design architecture
Related violations: <none>

TIMING-16#827 Warning
Large setup violation  
There is a large setup violation of -1.845 ns between u_ex1_ex2/fwd_rs1_out_reg[0]/C (clocked by clk) and u_bp/btb_tag_reg[6][12]/CE (clocked by clk). Large setup violations at the end of those stages might be difficult to fix during the post-placement implementation flow and could be the result of non-optimal XDC constraints or non-optimal design architecture
Related violations: <none>

TIMING-16#828 Warning
Large setup violation  
There is a large setup violation of -1.845 ns between u_ex1_ex2/fwd_rs1_out_reg[0]/C (clocked by clk) and u_bp/btb_tag_reg[6][13]/CE (clocked by clk). Large setup violations at the end of those stages might be difficult to fix during the post-placement implementation flow and could be the result of non-optimal XDC constraints or non-optimal design architecture
Related violations: <none>

TIMING-16#829 Warning
Large setup violation  
There is a large setup violation of -1.845 ns between u_ex1_ex2/fwd_rs1_out_reg[0]/C (clocked by clk) and u_bp/btb_tag_reg[6][14]/CE (clocked by clk). Large setup violations at the end of those stages might be difficult to fix during the post-placement implementation flow and could be the result of non-optimal XDC constraints or non-optimal design architecture
Related violations: <none>

TIMING-16#830 Warning
Large setup violation  
There is a large setup violation of -1.845 ns between u_ex1_ex2/fwd_rs1_out_reg[0]/C (clocked by clk) and u_bp/btb_tag_reg[6][15]/CE (clocked by clk). Large setup violations at the end of those stages might be difficult to fix during the post-placement implementation flow and could be the result of non-optimal XDC constraints or non-optimal design architecture
Related violations: <none>

TIMING-16#831 Warning
Large setup violation  
There is a large setup violation of -1.845 ns between u_ex1_ex2/fwd_rs1_out_reg[0]/C (clocked by clk) and u_bp/btb_tag_reg[6][16]/CE (clocked by clk). Large setup violations at the end of those stages might be difficult to fix during the post-placement implementation flow and could be the result of non-optimal XDC constraints or non-optimal design architecture
Related violations: <none>

TIMING-16#832 Warning
Large setup violation  
There is a large setup violation of -1.845 ns between u_ex1_ex2/fwd_rs1_out_reg[0]/C (clocked by clk) and u_bp/btb_tag_reg[6][17]/CE (clocked by clk). Large setup violations at the end of those stages might be difficult to fix during the post-placement implementation flow and could be the result of non-optimal XDC constraints or non-optimal design architecture
Related violations: <none>

TIMING-16#833 Warning
Large setup violation  
There is a large setup violation of -1.845 ns between u_ex1_ex2/fwd_rs1_out_reg[0]/C (clocked by clk) and u_bp/btb_tag_reg[6][18]/CE (clocked by clk). Large setup violations at the end of those stages might be difficult to fix during the post-placement implementation flow and could be the result of non-optimal XDC constraints or non-optimal design architecture
Related violations: <none>

TIMING-16#834 Warning
Large setup violation  
There is a large setup violation of -1.845 ns between u_ex1_ex2/fwd_rs1_out_reg[0]/C (clocked by clk) and u_bp/btb_tag_reg[6][19]/CE (clocked by clk). Large setup violations at the end of those stages might be difficult to fix during the post-placement implementation flow and could be the result of non-optimal XDC constraints or non-optimal design architecture
Related violations: <none>

TIMING-16#835 Warning
Large setup violation  
There is a large setup violation of -1.845 ns between u_ex1_ex2/fwd_rs1_out_reg[0]/C (clocked by clk) and u_bp/btb_tag_reg[6][1]/CE (clocked by clk). Large setup violations at the end of those stages might be difficult to fix during the post-placement implementation flow and could be the result of non-optimal XDC constraints or non-optimal design architecture
Related violations: <none>

TIMING-16#836 Warning
Large setup violation  
There is a large setup violation of -1.845 ns between u_ex1_ex2/fwd_rs1_out_reg[0]/C (clocked by clk) and u_bp/btb_tag_reg[6][20]/CE (clocked by clk). Large setup violations at the end of those stages might be difficult to fix during the post-placement implementation flow and could be the result of non-optimal XDC constraints or non-optimal design architecture
Related violations: <none>

TIMING-16#837 Warning
Large setup violation  
There is a large setup violation of -1.845 ns between u_ex1_ex2/fwd_rs1_out_reg[0]/C (clocked by clk) and u_bp/btb_tag_reg[6][21]/CE (clocked by clk). Large setup violations at the end of those stages might be difficult to fix during the post-placement implementation flow and could be the result of non-optimal XDC constraints or non-optimal design architecture
Related violations: <none>

TIMING-16#838 Warning
Large setup violation  
There is a large setup violation of -1.845 ns between u_ex1_ex2/fwd_rs1_out_reg[0]/C (clocked by clk) and u_bp/btb_tag_reg[6][22]/CE (clocked by clk). Large setup violations at the end of those stages might be difficult to fix during the post-placement implementation flow and could be the result of non-optimal XDC constraints or non-optimal design architecture
Related violations: <none>

TIMING-16#839 Warning
Large setup violation  
There is a large setup violation of -1.845 ns between u_ex1_ex2/fwd_rs1_out_reg[0]/C (clocked by clk) and u_bp/btb_tag_reg[6][23]/CE (clocked by clk). Large setup violations at the end of those stages might be difficult to fix during the post-placement implementation flow and could be the result of non-optimal XDC constraints or non-optimal design architecture
Related violations: <none>

TIMING-16#840 Warning
Large setup violation  
There is a large setup violation of -1.845 ns between u_ex1_ex2/fwd_rs1_out_reg[0]/C (clocked by clk) and u_bp/btb_tag_reg[6][24]/CE (clocked by clk). Large setup violations at the end of those stages might be difficult to fix during the post-placement implementation flow and could be the result of non-optimal XDC constraints or non-optimal design architecture
Related violations: <none>

TIMING-16#841 Warning
Large setup violation  
There is a large setup violation of -1.845 ns between u_ex1_ex2/fwd_rs1_out_reg[0]/C (clocked by clk) and u_bp/btb_tag_reg[6][2]/CE (clocked by clk). Large setup violations at the end of those stages might be difficult to fix during the post-placement implementation flow and could be the result of non-optimal XDC constraints or non-optimal design architecture
Related violations: <none>

TIMING-16#842 Warning
Large setup violation  
There is a large setup violation of -1.845 ns between u_ex1_ex2/fwd_rs1_out_reg[0]/C (clocked by clk) and u_bp/btb_tag_reg[6][3]/CE (clocked by clk). Large setup violations at the end of those stages might be difficult to fix during the post-placement implementation flow and could be the result of non-optimal XDC constraints or non-optimal design architecture
Related violations: <none>

TIMING-16#843 Warning
Large setup violation  
There is a large setup violation of -1.845 ns between u_ex1_ex2/fwd_rs1_out_reg[0]/C (clocked by clk) and u_bp/btb_tag_reg[6][4]/CE (clocked by clk). Large setup violations at the end of those stages might be difficult to fix during the post-placement implementation flow and could be the result of non-optimal XDC constraints or non-optimal design architecture
Related violations: <none>

TIMING-16#844 Warning
Large setup violation  
There is a large setup violation of -1.845 ns between u_ex1_ex2/fwd_rs1_out_reg[0]/C (clocked by clk) and u_bp/btb_tag_reg[6][5]/CE (clocked by clk). Large setup violations at the end of those stages might be difficult to fix during the post-placement implementation flow and could be the result of non-optimal XDC constraints or non-optimal design architecture
Related violations: <none>

TIMING-16#845 Warning
Large setup violation  
There is a large setup violation of -1.845 ns between u_ex1_ex2/fwd_rs1_out_reg[0]/C (clocked by clk) and u_bp/btb_tag_reg[6][6]/CE (clocked by clk). Large setup violations at the end of those stages might be difficult to fix during the post-placement implementation flow and could be the result of non-optimal XDC constraints or non-optimal design architecture
Related violations: <none>

TIMING-16#846 Warning
Large setup violation  
There is a large setup violation of -1.845 ns between u_ex1_ex2/fwd_rs1_out_reg[0]/C (clocked by clk) and u_bp/btb_tag_reg[6][7]/CE (clocked by clk). Large setup violations at the end of those stages might be difficult to fix during the post-placement implementation flow and could be the result of non-optimal XDC constraints or non-optimal design architecture
Related violations: <none>

TIMING-16#847 Warning
Large setup violation  
There is a large setup violation of -1.845 ns between u_ex1_ex2/fwd_rs1_out_reg[0]/C (clocked by clk) and u_bp/btb_tag_reg[6][8]/CE (clocked by clk). Large setup violations at the end of those stages might be difficult to fix during the post-placement implementation flow and could be the result of non-optimal XDC constraints or non-optimal design architecture
Related violations: <none>

TIMING-16#848 Warning
Large setup violation  
There is a large setup violation of -1.845 ns between u_ex1_ex2/fwd_rs1_out_reg[0]/C (clocked by clk) and u_bp/btb_tag_reg[6][9]/CE (clocked by clk). Large setup violations at the end of those stages might be difficult to fix during the post-placement implementation flow and could be the result of non-optimal XDC constraints or non-optimal design architecture
Related violations: <none>

TIMING-16#849 Warning
Large setup violation  
There is a large setup violation of -1.845 ns between u_ex1_ex2/fwd_rs1_out_reg[0]/C (clocked by clk) and u_bp/btb_tag_reg[8][0]/CE (clocked by clk). Large setup violations at the end of those stages might be difficult to fix during the post-placement implementation flow and could be the result of non-optimal XDC constraints or non-optimal design architecture
Related violations: <none>

TIMING-16#850 Warning
Large setup violation  
There is a large setup violation of -1.845 ns between u_ex1_ex2/fwd_rs1_out_reg[0]/C (clocked by clk) and u_bp/btb_tag_reg[8][10]/CE (clocked by clk). Large setup violations at the end of those stages might be difficult to fix during the post-placement implementation flow and could be the result of non-optimal XDC constraints or non-optimal design architecture
Related violations: <none>

TIMING-16#851 Warning
Large setup violation  
There is a large setup violation of -1.845 ns between u_ex1_ex2/fwd_rs1_out_reg[0]/C (clocked by clk) and u_bp/btb_tag_reg[8][11]/CE (clocked by clk). Large setup violations at the end of those stages might be difficult to fix during the post-placement implementation flow and could be the result of non-optimal XDC constraints or non-optimal design architecture
Related violations: <none>

TIMING-16#852 Warning
Large setup violation  
There is a large setup violation of -1.845 ns between u_ex1_ex2/fwd_rs1_out_reg[0]/C (clocked by clk) and u_bp/btb_tag_reg[8][12]/CE (clocked by clk). Large setup violations at the end of those stages might be difficult to fix during the post-placement implementation flow and could be the result of non-optimal XDC constraints or non-optimal design architecture
Related violations: <none>

TIMING-16#853 Warning
Large setup violation  
There is a large setup violation of -1.845 ns between u_ex1_ex2/fwd_rs1_out_reg[0]/C (clocked by clk) and u_bp/btb_tag_reg[8][13]/CE (clocked by clk). Large setup violations at the end of those stages might be difficult to fix during the post-placement implementation flow and could be the result of non-optimal XDC constraints or non-optimal design architecture
Related violations: <none>

TIMING-16#854 Warning
Large setup violation  
There is a large setup violation of -1.845 ns between u_ex1_ex2/fwd_rs1_out_reg[0]/C (clocked by clk) and u_bp/btb_tag_reg[8][14]/CE (clocked by clk). Large setup violations at the end of those stages might be difficult to fix during the post-placement implementation flow and could be the result of non-optimal XDC constraints or non-optimal design architecture
Related violations: <none>

TIMING-16#855 Warning
Large setup violation  
There is a large setup violation of -1.845 ns between u_ex1_ex2/fwd_rs1_out_reg[0]/C (clocked by clk) and u_bp/btb_tag_reg[8][15]/CE (clocked by clk). Large setup violations at the end of those stages might be difficult to fix during the post-placement implementation flow and could be the result of non-optimal XDC constraints or non-optimal design architecture
Related violations: <none>

TIMING-16#856 Warning
Large setup violation  
There is a large setup violation of -1.845 ns between u_ex1_ex2/fwd_rs1_out_reg[0]/C (clocked by clk) and u_bp/btb_tag_reg[8][16]/CE (clocked by clk). Large setup violations at the end of those stages might be difficult to fix during the post-placement implementation flow and could be the result of non-optimal XDC constraints or non-optimal design architecture
Related violations: <none>

TIMING-16#857 Warning
Large setup violation  
There is a large setup violation of -1.845 ns between u_ex1_ex2/fwd_rs1_out_reg[0]/C (clocked by clk) and u_bp/btb_tag_reg[8][17]/CE (clocked by clk). Large setup violations at the end of those stages might be difficult to fix during the post-placement implementation flow and could be the result of non-optimal XDC constraints or non-optimal design architecture
Related violations: <none>

TIMING-16#858 Warning
Large setup violation  
There is a large setup violation of -1.845 ns between u_ex1_ex2/fwd_rs1_out_reg[0]/C (clocked by clk) and u_bp/btb_tag_reg[8][18]/CE (clocked by clk). Large setup violations at the end of those stages might be difficult to fix during the post-placement implementation flow and could be the result of non-optimal XDC constraints or non-optimal design architecture
Related violations: <none>

TIMING-16#859 Warning
Large setup violation  
There is a large setup violation of -1.845 ns between u_ex1_ex2/fwd_rs1_out_reg[0]/C (clocked by clk) and u_bp/btb_tag_reg[8][19]/CE (clocked by clk). Large setup violations at the end of those stages might be difficult to fix during the post-placement implementation flow and could be the result of non-optimal XDC constraints or non-optimal design architecture
Related violations: <none>

TIMING-16#860 Warning
Large setup violation  
There is a large setup violation of -1.845 ns between u_ex1_ex2/fwd_rs1_out_reg[0]/C (clocked by clk) and u_bp/btb_tag_reg[8][1]/CE (clocked by clk). Large setup violations at the end of those stages might be difficult to fix during the post-placement implementation flow and could be the result of non-optimal XDC constraints or non-optimal design architecture
Related violations: <none>

TIMING-16#861 Warning
Large setup violation  
There is a large setup violation of -1.845 ns between u_ex1_ex2/fwd_rs1_out_reg[0]/C (clocked by clk) and u_bp/btb_tag_reg[8][20]/CE (clocked by clk). Large setup violations at the end of those stages might be difficult to fix during the post-placement implementation flow and could be the result of non-optimal XDC constraints or non-optimal design architecture
Related violations: <none>

TIMING-16#862 Warning
Large setup violation  
There is a large setup violation of -1.845 ns between u_ex1_ex2/fwd_rs1_out_reg[0]/C (clocked by clk) and u_bp/btb_tag_reg[8][21]/CE (clocked by clk). Large setup violations at the end of those stages might be difficult to fix during the post-placement implementation flow and could be the result of non-optimal XDC constraints or non-optimal design architecture
Related violations: <none>

TIMING-16#863 Warning
Large setup violation  
There is a large setup violation of -1.845 ns between u_ex1_ex2/fwd_rs1_out_reg[0]/C (clocked by clk) and u_bp/btb_tag_reg[8][22]/CE (clocked by clk). Large setup violations at the end of those stages might be difficult to fix during the post-placement implementation flow and could be the result of non-optimal XDC constraints or non-optimal design architecture
Related violations: <none>

TIMING-16#864 Warning
Large setup violation  
There is a large setup violation of -1.845 ns between u_ex1_ex2/fwd_rs1_out_reg[0]/C (clocked by clk) and u_bp/btb_tag_reg[8][23]/CE (clocked by clk). Large setup violations at the end of those stages might be difficult to fix during the post-placement implementation flow and could be the result of non-optimal XDC constraints or non-optimal design architecture
Related violations: <none>

TIMING-16#865 Warning
Large setup violation  
There is a large setup violation of -1.845 ns between u_ex1_ex2/fwd_rs1_out_reg[0]/C (clocked by clk) and u_bp/btb_tag_reg[8][24]/CE (clocked by clk). Large setup violations at the end of those stages might be difficult to fix during the post-placement implementation flow and could be the result of non-optimal XDC constraints or non-optimal design architecture
Related violations: <none>

TIMING-16#866 Warning
Large setup violation  
There is a large setup violation of -1.845 ns between u_ex1_ex2/fwd_rs1_out_reg[0]/C (clocked by clk) and u_bp/btb_tag_reg[8][2]/CE (clocked by clk). Large setup violations at the end of those stages might be difficult to fix during the post-placement implementation flow and could be the result of non-optimal XDC constraints or non-optimal design architecture
Related violations: <none>

TIMING-16#867 Warning
Large setup violation  
There is a large setup violation of -1.845 ns between u_ex1_ex2/fwd_rs1_out_reg[0]/C (clocked by clk) and u_bp/btb_tag_reg[8][3]/CE (clocked by clk). Large setup violations at the end of those stages might be difficult to fix during the post-placement implementation flow and could be the result of non-optimal XDC constraints or non-optimal design architecture
Related violations: <none>

TIMING-16#868 Warning
Large setup violation  
There is a large setup violation of -1.845 ns between u_ex1_ex2/fwd_rs1_out_reg[0]/C (clocked by clk) and u_bp/btb_tag_reg[8][4]/CE (clocked by clk). Large setup violations at the end of those stages might be difficult to fix during the post-placement implementation flow and could be the result of non-optimal XDC constraints or non-optimal design architecture
Related violations: <none>

TIMING-16#869 Warning
Large setup violation  
There is a large setup violation of -1.845 ns between u_ex1_ex2/fwd_rs1_out_reg[0]/C (clocked by clk) and u_bp/btb_tag_reg[8][5]/CE (clocked by clk). Large setup violations at the end of those stages might be difficult to fix during the post-placement implementation flow and could be the result of non-optimal XDC constraints or non-optimal design architecture
Related violations: <none>

TIMING-16#870 Warning
Large setup violation  
There is a large setup violation of -1.845 ns between u_ex1_ex2/fwd_rs1_out_reg[0]/C (clocked by clk) and u_bp/btb_tag_reg[8][6]/CE (clocked by clk). Large setup violations at the end of those stages might be difficult to fix during the post-placement implementation flow and could be the result of non-optimal XDC constraints or non-optimal design architecture
Related violations: <none>

TIMING-16#871 Warning
Large setup violation  
There is a large setup violation of -1.845 ns between u_ex1_ex2/fwd_rs1_out_reg[0]/C (clocked by clk) and u_bp/btb_tag_reg[8][7]/CE (clocked by clk). Large setup violations at the end of those stages might be difficult to fix during the post-placement implementation flow and could be the result of non-optimal XDC constraints or non-optimal design architecture
Related violations: <none>

TIMING-16#872 Warning
Large setup violation  
There is a large setup violation of -1.845 ns between u_ex1_ex2/fwd_rs1_out_reg[0]/C (clocked by clk) and u_bp/btb_tag_reg[8][8]/CE (clocked by clk). Large setup violations at the end of those stages might be difficult to fix during the post-placement implementation flow and could be the result of non-optimal XDC constraints or non-optimal design architecture
Related violations: <none>

TIMING-16#873 Warning
Large setup violation  
There is a large setup violation of -1.845 ns between u_ex1_ex2/fwd_rs1_out_reg[0]/C (clocked by clk) and u_bp/btb_tag_reg[8][9]/CE (clocked by clk). Large setup violations at the end of those stages might be difficult to fix during the post-placement implementation flow and could be the result of non-optimal XDC constraints or non-optimal design architecture
Related violations: <none>

TIMING-16#874 Warning
Large setup violation  
There is a large setup violation of -1.845 ns between u_ex1_ex2/fwd_rs1_out_reg[0]/C (clocked by clk) and u_bp/btb_tag_reg[9][0]/CE (clocked by clk). Large setup violations at the end of those stages might be difficult to fix during the post-placement implementation flow and could be the result of non-optimal XDC constraints or non-optimal design architecture
Related violations: <none>

TIMING-16#875 Warning
Large setup violation  
There is a large setup violation of -1.845 ns between u_ex1_ex2/fwd_rs1_out_reg[0]/C (clocked by clk) and u_bp/btb_tag_reg[9][10]/CE (clocked by clk). Large setup violations at the end of those stages might be difficult to fix during the post-placement implementation flow and could be the result of non-optimal XDC constraints or non-optimal design architecture
Related violations: <none>

TIMING-16#876 Warning
Large setup violation  
There is a large setup violation of -1.845 ns between u_ex1_ex2/fwd_rs1_out_reg[0]/C (clocked by clk) and u_bp/btb_tag_reg[9][11]/CE (clocked by clk). Large setup violations at the end of those stages might be difficult to fix during the post-placement implementation flow and could be the result of non-optimal XDC constraints or non-optimal design architecture
Related violations: <none>

TIMING-16#877 Warning
Large setup violation  
There is a large setup violation of -1.845 ns between u_ex1_ex2/fwd_rs1_out_reg[0]/C (clocked by clk) and u_bp/btb_tag_reg[9][12]/CE (clocked by clk). Large setup violations at the end of those stages might be difficult to fix during the post-placement implementation flow and could be the result of non-optimal XDC constraints or non-optimal design architecture
Related violations: <none>

TIMING-16#878 Warning
Large setup violation  
There is a large setup violation of -1.845 ns between u_ex1_ex2/fwd_rs1_out_reg[0]/C (clocked by clk) and u_bp/btb_tag_reg[9][13]/CE (clocked by clk). Large setup violations at the end of those stages might be difficult to fix during the post-placement implementation flow and could be the result of non-optimal XDC constraints or non-optimal design architecture
Related violations: <none>

TIMING-16#879 Warning
Large setup violation  
There is a large setup violation of -1.845 ns between u_ex1_ex2/fwd_rs1_out_reg[0]/C (clocked by clk) and u_bp/btb_tag_reg[9][14]/CE (clocked by clk). Large setup violations at the end of those stages might be difficult to fix during the post-placement implementation flow and could be the result of non-optimal XDC constraints or non-optimal design architecture
Related violations: <none>

TIMING-16#880 Warning
Large setup violation  
There is a large setup violation of -1.845 ns between u_ex1_ex2/fwd_rs1_out_reg[0]/C (clocked by clk) and u_bp/btb_tag_reg[9][15]/CE (clocked by clk). Large setup violations at the end of those stages might be difficult to fix during the post-placement implementation flow and could be the result of non-optimal XDC constraints or non-optimal design architecture
Related violations: <none>

TIMING-16#881 Warning
Large setup violation  
There is a large setup violation of -1.845 ns between u_ex1_ex2/fwd_rs1_out_reg[0]/C (clocked by clk) and u_bp/btb_tag_reg[9][16]/CE (clocked by clk). Large setup violations at the end of those stages might be difficult to fix during the post-placement implementation flow and could be the result of non-optimal XDC constraints or non-optimal design architecture
Related violations: <none>

TIMING-16#882 Warning
Large setup violation  
There is a large setup violation of -1.845 ns between u_ex1_ex2/fwd_rs1_out_reg[0]/C (clocked by clk) and u_bp/btb_tag_reg[9][17]/CE (clocked by clk). Large setup violations at the end of those stages might be difficult to fix during the post-placement implementation flow and could be the result of non-optimal XDC constraints or non-optimal design architecture
Related violations: <none>

TIMING-16#883 Warning
Large setup violation  
There is a large setup violation of -1.845 ns between u_ex1_ex2/fwd_rs1_out_reg[0]/C (clocked by clk) and u_bp/btb_tag_reg[9][18]/CE (clocked by clk). Large setup violations at the end of those stages might be difficult to fix during the post-placement implementation flow and could be the result of non-optimal XDC constraints or non-optimal design architecture
Related violations: <none>

TIMING-16#884 Warning
Large setup violation  
There is a large setup violation of -1.845 ns between u_ex1_ex2/fwd_rs1_out_reg[0]/C (clocked by clk) and u_bp/btb_tag_reg[9][19]/CE (clocked by clk). Large setup violations at the end of those stages might be difficult to fix during the post-placement implementation flow and could be the result of non-optimal XDC constraints or non-optimal design architecture
Related violations: <none>

TIMING-16#885 Warning
Large setup violation  
There is a large setup violation of -1.845 ns between u_ex1_ex2/fwd_rs1_out_reg[0]/C (clocked by clk) and u_bp/btb_tag_reg[9][1]/CE (clocked by clk). Large setup violations at the end of those stages might be difficult to fix during the post-placement implementation flow and could be the result of non-optimal XDC constraints or non-optimal design architecture
Related violations: <none>

TIMING-16#886 Warning
Large setup violation  
There is a large setup violation of -1.845 ns between u_ex1_ex2/fwd_rs1_out_reg[0]/C (clocked by clk) and u_bp/btb_tag_reg[9][20]/CE (clocked by clk). Large setup violations at the end of those stages might be difficult to fix during the post-placement implementation flow and could be the result of non-optimal XDC constraints or non-optimal design architecture
Related violations: <none>

TIMING-16#887 Warning
Large setup violation  
There is a large setup violation of -1.845 ns between u_ex1_ex2/fwd_rs1_out_reg[0]/C (clocked by clk) and u_bp/btb_tag_reg[9][21]/CE (clocked by clk). Large setup violations at the end of those stages might be difficult to fix during the post-placement implementation flow and could be the result of non-optimal XDC constraints or non-optimal design architecture
Related violations: <none>

TIMING-16#888 Warning
Large setup violation  
There is a large setup violation of -1.845 ns between u_ex1_ex2/fwd_rs1_out_reg[0]/C (clocked by clk) and u_bp/btb_tag_reg[9][22]/CE (clocked by clk). Large setup violations at the end of those stages might be difficult to fix during the post-placement implementation flow and could be the result of non-optimal XDC constraints or non-optimal design architecture
Related violations: <none>

TIMING-16#889 Warning
Large setup violation  
There is a large setup violation of -1.845 ns between u_ex1_ex2/fwd_rs1_out_reg[0]/C (clocked by clk) and u_bp/btb_tag_reg[9][23]/CE (clocked by clk). Large setup violations at the end of those stages might be difficult to fix during the post-placement implementation flow and could be the result of non-optimal XDC constraints or non-optimal design architecture
Related violations: <none>

TIMING-16#890 Warning
Large setup violation  
There is a large setup violation of -1.845 ns between u_ex1_ex2/fwd_rs1_out_reg[0]/C (clocked by clk) and u_bp/btb_tag_reg[9][24]/CE (clocked by clk). Large setup violations at the end of those stages might be difficult to fix during the post-placement implementation flow and could be the result of non-optimal XDC constraints or non-optimal design architecture
Related violations: <none>

TIMING-16#891 Warning
Large setup violation  
There is a large setup violation of -1.845 ns between u_ex1_ex2/fwd_rs1_out_reg[0]/C (clocked by clk) and u_bp/btb_tag_reg[9][2]/CE (clocked by clk). Large setup violations at the end of those stages might be difficult to fix during the post-placement implementation flow and could be the result of non-optimal XDC constraints or non-optimal design architecture
Related violations: <none>

TIMING-16#892 Warning
Large setup violation  
There is a large setup violation of -1.845 ns between u_ex1_ex2/fwd_rs1_out_reg[0]/C (clocked by clk) and u_bp/btb_tag_reg[9][3]/CE (clocked by clk). Large setup violations at the end of those stages might be difficult to fix during the post-placement implementation flow and could be the result of non-optimal XDC constraints or non-optimal design architecture
Related violations: <none>

TIMING-16#893 Warning
Large setup violation  
There is a large setup violation of -1.845 ns between u_ex1_ex2/fwd_rs1_out_reg[0]/C (clocked by clk) and u_bp/btb_tag_reg[9][4]/CE (clocked by clk). Large setup violations at the end of those stages might be difficult to fix during the post-placement implementation flow and could be the result of non-optimal XDC constraints or non-optimal design architecture
Related violations: <none>

TIMING-16#894 Warning
Large setup violation  
There is a large setup violation of -1.845 ns between u_ex1_ex2/fwd_rs1_out_reg[0]/C (clocked by clk) and u_bp/btb_tag_reg[9][5]/CE (clocked by clk). Large setup violations at the end of those stages might be difficult to fix during the post-placement implementation flow and could be the result of non-optimal XDC constraints or non-optimal design architecture
Related violations: <none>

TIMING-16#895 Warning
Large setup violation  
There is a large setup violation of -1.845 ns between u_ex1_ex2/fwd_rs1_out_reg[0]/C (clocked by clk) and u_bp/btb_tag_reg[9][6]/CE (clocked by clk). Large setup violations at the end of those stages might be difficult to fix during the post-placement implementation flow and could be the result of non-optimal XDC constraints or non-optimal design architecture
Related violations: <none>

TIMING-16#896 Warning
Large setup violation  
There is a large setup violation of -1.845 ns between u_ex1_ex2/fwd_rs1_out_reg[0]/C (clocked by clk) and u_bp/btb_tag_reg[9][7]/CE (clocked by clk). Large setup violations at the end of those stages might be difficult to fix during the post-placement implementation flow and could be the result of non-optimal XDC constraints or non-optimal design architecture
Related violations: <none>

TIMING-16#897 Warning
Large setup violation  
There is a large setup violation of -1.845 ns between u_ex1_ex2/fwd_rs1_out_reg[0]/C (clocked by clk) and u_bp/btb_tag_reg[9][8]/CE (clocked by clk). Large setup violations at the end of those stages might be difficult to fix during the post-placement implementation flow and could be the result of non-optimal XDC constraints or non-optimal design architecture
Related violations: <none>

TIMING-16#898 Warning
Large setup violation  
There is a large setup violation of -1.845 ns between u_ex1_ex2/fwd_rs1_out_reg[0]/C (clocked by clk) and u_bp/btb_tag_reg[9][9]/CE (clocked by clk). Large setup violations at the end of those stages might be difficult to fix during the post-placement implementation flow and could be the result of non-optimal XDC constraints or non-optimal design architecture
Related violations: <none>

TIMING-16#899 Warning
Large setup violation  
There is a large setup violation of -1.845 ns between u_ex1_ex2/fwd_rs1_out_reg[0]/C (clocked by clk) and u_bp/btb_target_reg[10][0]/CE (clocked by clk). Large setup violations at the end of those stages might be difficult to fix during the post-placement implementation flow and could be the result of non-optimal XDC constraints or non-optimal design architecture
Related violations: <none>

TIMING-16#900 Warning
Large setup violation  
There is a large setup violation of -1.845 ns between u_ex1_ex2/fwd_rs1_out_reg[0]/C (clocked by clk) and u_bp/btb_target_reg[10][10]/CE (clocked by clk). Large setup violations at the end of those stages might be difficult to fix during the post-placement implementation flow and could be the result of non-optimal XDC constraints or non-optimal design architecture
Related violations: <none>

TIMING-16#901 Warning
Large setup violation  
There is a large setup violation of -1.845 ns between u_ex1_ex2/fwd_rs1_out_reg[0]/C (clocked by clk) and u_bp/btb_target_reg[10][11]/CE (clocked by clk). Large setup violations at the end of those stages might be difficult to fix during the post-placement implementation flow and could be the result of non-optimal XDC constraints or non-optimal design architecture
Related violations: <none>

TIMING-16#902 Warning
Large setup violation  
There is a large setup violation of -1.845 ns between u_ex1_ex2/fwd_rs1_out_reg[0]/C (clocked by clk) and u_bp/btb_target_reg[10][12]/CE (clocked by clk). Large setup violations at the end of those stages might be difficult to fix during the post-placement implementation flow and could be the result of non-optimal XDC constraints or non-optimal design architecture
Related violations: <none>

TIMING-16#903 Warning
Large setup violation  
There is a large setup violation of -1.845 ns between u_ex1_ex2/fwd_rs1_out_reg[0]/C (clocked by clk) and u_bp/btb_target_reg[10][13]/CE (clocked by clk). Large setup violations at the end of those stages might be difficult to fix during the post-placement implementation flow and could be the result of non-optimal XDC constraints or non-optimal design architecture
Related violations: <none>

TIMING-16#904 Warning
Large setup violation  
There is a large setup violation of -1.845 ns between u_ex1_ex2/fwd_rs1_out_reg[0]/C (clocked by clk) and u_bp/btb_target_reg[10][14]/CE (clocked by clk). Large setup violations at the end of those stages might be difficult to fix during the post-placement implementation flow and could be the result of non-optimal XDC constraints or non-optimal design architecture
Related violations: <none>

TIMING-16#905 Warning
Large setup violation  
There is a large setup violation of -1.845 ns between u_ex1_ex2/fwd_rs1_out_reg[0]/C (clocked by clk) and u_bp/btb_target_reg[10][15]/CE (clocked by clk). Large setup violations at the end of those stages might be difficult to fix during the post-placement implementation flow and could be the result of non-optimal XDC constraints or non-optimal design architecture
Related violations: <none>

TIMING-16#906 Warning
Large setup violation  
There is a large setup violation of -1.845 ns between u_ex1_ex2/fwd_rs1_out_reg[0]/C (clocked by clk) and u_bp/btb_target_reg[10][16]/CE (clocked by clk). Large setup violations at the end of those stages might be difficult to fix during the post-placement implementation flow and could be the result of non-optimal XDC constraints or non-optimal design architecture
Related violations: <none>

TIMING-16#907 Warning
Large setup violation  
There is a large setup violation of -1.845 ns between u_ex1_ex2/fwd_rs1_out_reg[0]/C (clocked by clk) and u_bp/btb_target_reg[10][17]/CE (clocked by clk). Large setup violations at the end of those stages might be difficult to fix during the post-placement implementation flow and could be the result of non-optimal XDC constraints or non-optimal design architecture
Related violations: <none>

TIMING-16#908 Warning
Large setup violation  
There is a large setup violation of -1.845 ns between u_ex1_ex2/fwd_rs1_out_reg[0]/C (clocked by clk) and u_bp/btb_target_reg[10][18]/CE (clocked by clk). Large setup violations at the end of those stages might be difficult to fix during the post-placement implementation flow and could be the result of non-optimal XDC constraints or non-optimal design architecture
Related violations: <none>

TIMING-16#909 Warning
Large setup violation  
There is a large setup violation of -1.845 ns between u_ex1_ex2/fwd_rs1_out_reg[0]/C (clocked by clk) and u_bp/btb_target_reg[10][19]/CE (clocked by clk). Large setup violations at the end of those stages might be difficult to fix during the post-placement implementation flow and could be the result of non-optimal XDC constraints or non-optimal design architecture
Related violations: <none>

TIMING-16#910 Warning
Large setup violation  
There is a large setup violation of -1.845 ns between u_ex1_ex2/fwd_rs1_out_reg[0]/C (clocked by clk) and u_bp/btb_target_reg[10][1]/CE (clocked by clk). Large setup violations at the end of those stages might be difficult to fix during the post-placement implementation flow and could be the result of non-optimal XDC constraints or non-optimal design architecture
Related violations: <none>

TIMING-16#911 Warning
Large setup violation  
There is a large setup violation of -1.845 ns between u_ex1_ex2/fwd_rs1_out_reg[0]/C (clocked by clk) and u_bp/btb_target_reg[10][20]/CE (clocked by clk). Large setup violations at the end of those stages might be difficult to fix during the post-placement implementation flow and could be the result of non-optimal XDC constraints or non-optimal design architecture
Related violations: <none>

TIMING-16#912 Warning
Large setup violation  
There is a large setup violation of -1.845 ns between u_ex1_ex2/fwd_rs1_out_reg[0]/C (clocked by clk) and u_bp/btb_target_reg[10][21]/CE (clocked by clk). Large setup violations at the end of those stages might be difficult to fix during the post-placement implementation flow and could be the result of non-optimal XDC constraints or non-optimal design architecture
Related violations: <none>

TIMING-16#913 Warning
Large setup violation  
There is a large setup violation of -1.845 ns between u_ex1_ex2/fwd_rs1_out_reg[0]/C (clocked by clk) and u_bp/btb_target_reg[10][22]/CE (clocked by clk). Large setup violations at the end of those stages might be difficult to fix during the post-placement implementation flow and could be the result of non-optimal XDC constraints or non-optimal design architecture
Related violations: <none>

TIMING-16#914 Warning
Large setup violation  
There is a large setup violation of -1.845 ns between u_ex1_ex2/fwd_rs1_out_reg[0]/C (clocked by clk) and u_bp/btb_target_reg[10][23]/CE (clocked by clk). Large setup violations at the end of those stages might be difficult to fix during the post-placement implementation flow and could be the result of non-optimal XDC constraints or non-optimal design architecture
Related violations: <none>

TIMING-16#915 Warning
Large setup violation  
There is a large setup violation of -1.845 ns between u_ex1_ex2/fwd_rs1_out_reg[0]/C (clocked by clk) and u_bp/btb_target_reg[10][24]/CE (clocked by clk). Large setup violations at the end of those stages might be difficult to fix during the post-placement implementation flow and could be the result of non-optimal XDC constraints or non-optimal design architecture
Related violations: <none>

TIMING-16#916 Warning
Large setup violation  
There is a large setup violation of -1.845 ns between u_ex1_ex2/fwd_rs1_out_reg[0]/C (clocked by clk) and u_bp/btb_target_reg[10][25]/CE (clocked by clk). Large setup violations at the end of those stages might be difficult to fix during the post-placement implementation flow and could be the result of non-optimal XDC constraints or non-optimal design architecture
Related violations: <none>

TIMING-16#917 Warning
Large setup violation  
There is a large setup violation of -1.845 ns between u_ex1_ex2/fwd_rs1_out_reg[0]/C (clocked by clk) and u_bp/btb_target_reg[10][26]/CE (clocked by clk). Large setup violations at the end of those stages might be difficult to fix during the post-placement implementation flow and could be the result of non-optimal XDC constraints or non-optimal design architecture
Related violations: <none>

TIMING-16#918 Warning
Large setup violation  
There is a large setup violation of -1.845 ns between u_ex1_ex2/fwd_rs1_out_reg[0]/C (clocked by clk) and u_bp/btb_target_reg[10][27]/CE (clocked by clk). Large setup violations at the end of those stages might be difficult to fix during the post-placement implementation flow and could be the result of non-optimal XDC constraints or non-optimal design architecture
Related violations: <none>

TIMING-16#919 Warning
Large setup violation  
There is a large setup violation of -1.845 ns between u_ex1_ex2/fwd_rs1_out_reg[0]/C (clocked by clk) and u_bp/btb_target_reg[10][28]/CE (clocked by clk). Large setup violations at the end of those stages might be difficult to fix during the post-placement implementation flow and could be the result of non-optimal XDC constraints or non-optimal design architecture
Related violations: <none>

TIMING-16#920 Warning
Large setup violation  
There is a large setup violation of -1.845 ns between u_ex1_ex2/fwd_rs1_out_reg[0]/C (clocked by clk) and u_bp/btb_target_reg[10][29]/CE (clocked by clk). Large setup violations at the end of those stages might be difficult to fix during the post-placement implementation flow and could be the result of non-optimal XDC constraints or non-optimal design architecture
Related violations: <none>

TIMING-16#921 Warning
Large setup violation  
There is a large setup violation of -1.845 ns between u_ex1_ex2/fwd_rs1_out_reg[0]/C (clocked by clk) and u_bp/btb_target_reg[10][2]/CE (clocked by clk). Large setup violations at the end of those stages might be difficult to fix during the post-placement implementation flow and could be the result of non-optimal XDC constraints or non-optimal design architecture
Related violations: <none>

TIMING-16#922 Warning
Large setup violation  
There is a large setup violation of -1.845 ns between u_ex1_ex2/fwd_rs1_out_reg[0]/C (clocked by clk) and u_bp/btb_target_reg[10][30]/CE (clocked by clk). Large setup violations at the end of those stages might be difficult to fix during the post-placement implementation flow and could be the result of non-optimal XDC constraints or non-optimal design architecture
Related violations: <none>

TIMING-16#923 Warning
Large setup violation  
There is a large setup violation of -1.845 ns between u_ex1_ex2/fwd_rs1_out_reg[0]/C (clocked by clk) and u_bp/btb_target_reg[10][31]/CE (clocked by clk). Large setup violations at the end of those stages might be difficult to fix during the post-placement implementation flow and could be the result of non-optimal XDC constraints or non-optimal design architecture
Related violations: <none>

TIMING-16#924 Warning
Large setup violation  
There is a large setup violation of -1.845 ns between u_ex1_ex2/fwd_rs1_out_reg[0]/C (clocked by clk) and u_bp/btb_target_reg[10][3]/CE (clocked by clk). Large setup violations at the end of those stages might be difficult to fix during the post-placement implementation flow and could be the result of non-optimal XDC constraints or non-optimal design architecture
Related violations: <none>

TIMING-16#925 Warning
Large setup violation  
There is a large setup violation of -1.845 ns between u_ex1_ex2/fwd_rs1_out_reg[0]/C (clocked by clk) and u_bp/btb_target_reg[10][4]/CE (clocked by clk). Large setup violations at the end of those stages might be difficult to fix during the post-placement implementation flow and could be the result of non-optimal XDC constraints or non-optimal design architecture
Related violations: <none>

TIMING-16#926 Warning
Large setup violation  
There is a large setup violation of -1.845 ns between u_ex1_ex2/fwd_rs1_out_reg[0]/C (clocked by clk) and u_bp/btb_target_reg[10][5]/CE (clocked by clk). Large setup violations at the end of those stages might be difficult to fix during the post-placement implementation flow and could be the result of non-optimal XDC constraints or non-optimal design architecture
Related violations: <none>

TIMING-16#927 Warning
Large setup violation  
There is a large setup violation of -1.845 ns between u_ex1_ex2/fwd_rs1_out_reg[0]/C (clocked by clk) and u_bp/btb_target_reg[10][6]/CE (clocked by clk). Large setup violations at the end of those stages might be difficult to fix during the post-placement implementation flow and could be the result of non-optimal XDC constraints or non-optimal design architecture
Related violations: <none>

TIMING-16#928 Warning
Large setup violation  
There is a large setup violation of -1.845 ns between u_ex1_ex2/fwd_rs1_out_reg[0]/C (clocked by clk) and u_bp/btb_target_reg[10][7]/CE (clocked by clk). Large setup violations at the end of those stages might be difficult to fix during the post-placement implementation flow and could be the result of non-optimal XDC constraints or non-optimal design architecture
Related violations: <none>

TIMING-16#929 Warning
Large setup violation  
There is a large setup violation of -1.845 ns between u_ex1_ex2/fwd_rs1_out_reg[0]/C (clocked by clk) and u_bp/btb_target_reg[10][8]/CE (clocked by clk). Large setup violations at the end of those stages might be difficult to fix during the post-placement implementation flow and could be the result of non-optimal XDC constraints or non-optimal design architecture
Related violations: <none>

TIMING-16#930 Warning
Large setup violation  
There is a large setup violation of -1.845 ns between u_ex1_ex2/fwd_rs1_out_reg[0]/C (clocked by clk) and u_bp/btb_target_reg[10][9]/CE (clocked by clk). Large setup violations at the end of those stages might be difficult to fix during the post-placement implementation flow and could be the result of non-optimal XDC constraints or non-optimal design architecture
Related violations: <none>

TIMING-16#931 Warning
Large setup violation  
There is a large setup violation of -1.845 ns between u_ex1_ex2/fwd_rs1_out_reg[0]/C (clocked by clk) and u_bp/btb_target_reg[11][0]/CE (clocked by clk). Large setup violations at the end of those stages might be difficult to fix during the post-placement implementation flow and could be the result of non-optimal XDC constraints or non-optimal design architecture
Related violations: <none>

TIMING-16#932 Warning
Large setup violation  
There is a large setup violation of -1.845 ns between u_ex1_ex2/fwd_rs1_out_reg[0]/C (clocked by clk) and u_bp/btb_target_reg[11][10]/CE (clocked by clk). Large setup violations at the end of those stages might be difficult to fix during the post-placement implementation flow and could be the result of non-optimal XDC constraints or non-optimal design architecture
Related violations: <none>

TIMING-16#933 Warning
Large setup violation  
There is a large setup violation of -1.845 ns between u_ex1_ex2/fwd_rs1_out_reg[0]/C (clocked by clk) and u_bp/btb_target_reg[11][11]/CE (clocked by clk). Large setup violations at the end of those stages might be difficult to fix during the post-placement implementation flow and could be the result of non-optimal XDC constraints or non-optimal design architecture
Related violations: <none>

TIMING-16#934 Warning
Large setup violation  
There is a large setup violation of -1.845 ns between u_ex1_ex2/fwd_rs1_out_reg[0]/C (clocked by clk) and u_bp/btb_target_reg[11][12]/CE (clocked by clk). Large setup violations at the end of those stages might be difficult to fix during the post-placement implementation flow and could be the result of non-optimal XDC constraints or non-optimal design architecture
Related violations: <none>

TIMING-16#935 Warning
Large setup violation  
There is a large setup violation of -1.845 ns between u_ex1_ex2/fwd_rs1_out_reg[0]/C (clocked by clk) and u_bp/btb_target_reg[11][13]/CE (clocked by clk). Large setup violations at the end of those stages might be difficult to fix during the post-placement implementation flow and could be the result of non-optimal XDC constraints or non-optimal design architecture
Related violations: <none>

TIMING-16#936 Warning
Large setup violation  
There is a large setup violation of -1.845 ns between u_ex1_ex2/fwd_rs1_out_reg[0]/C (clocked by clk) and u_bp/btb_target_reg[11][14]/CE (clocked by clk). Large setup violations at the end of those stages might be difficult to fix during the post-placement implementation flow and could be the result of non-optimal XDC constraints or non-optimal design architecture
Related violations: <none>

TIMING-16#937 Warning
Large setup violation  
There is a large setup violation of -1.845 ns between u_ex1_ex2/fwd_rs1_out_reg[0]/C (clocked by clk) and u_bp/btb_target_reg[11][15]/CE (clocked by clk). Large setup violations at the end of those stages might be difficult to fix during the post-placement implementation flow and could be the result of non-optimal XDC constraints or non-optimal design architecture
Related violations: <none>

TIMING-16#938 Warning
Large setup violation  
There is a large setup violation of -1.845 ns between u_ex1_ex2/fwd_rs1_out_reg[0]/C (clocked by clk) and u_bp/btb_target_reg[11][16]/CE (clocked by clk). Large setup violations at the end of those stages might be difficult to fix during the post-placement implementation flow and could be the result of non-optimal XDC constraints or non-optimal design architecture
Related violations: <none>

TIMING-16#939 Warning
Large setup violation  
There is a large setup violation of -1.845 ns between u_ex1_ex2/fwd_rs1_out_reg[0]/C (clocked by clk) and u_bp/btb_target_reg[11][17]/CE (clocked by clk). Large setup violations at the end of those stages might be difficult to fix during the post-placement implementation flow and could be the result of non-optimal XDC constraints or non-optimal design architecture
Related violations: <none>

TIMING-16#940 Warning
Large setup violation  
There is a large setup violation of -1.845 ns between u_ex1_ex2/fwd_rs1_out_reg[0]/C (clocked by clk) and u_bp/btb_target_reg[11][18]/CE (clocked by clk). Large setup violations at the end of those stages might be difficult to fix during the post-placement implementation flow and could be the result of non-optimal XDC constraints or non-optimal design architecture
Related violations: <none>

TIMING-16#941 Warning
Large setup violation  
There is a large setup violation of -1.845 ns between u_ex1_ex2/fwd_rs1_out_reg[0]/C (clocked by clk) and u_bp/btb_target_reg[11][19]/CE (clocked by clk). Large setup violations at the end of those stages might be difficult to fix during the post-placement implementation flow and could be the result of non-optimal XDC constraints or non-optimal design architecture
Related violations: <none>

TIMING-16#942 Warning
Large setup violation  
There is a large setup violation of -1.845 ns between u_ex1_ex2/fwd_rs1_out_reg[0]/C (clocked by clk) and u_bp/btb_target_reg[11][1]/CE (clocked by clk). Large setup violations at the end of those stages might be difficult to fix during the post-placement implementation flow and could be the result of non-optimal XDC constraints or non-optimal design architecture
Related violations: <none>

TIMING-16#943 Warning
Large setup violation  
There is a large setup violation of -1.845 ns between u_ex1_ex2/fwd_rs1_out_reg[0]/C (clocked by clk) and u_bp/btb_target_reg[11][20]/CE (clocked by clk). Large setup violations at the end of those stages might be difficult to fix during the post-placement implementation flow and could be the result of non-optimal XDC constraints or non-optimal design architecture
Related violations: <none>

TIMING-16#944 Warning
Large setup violation  
There is a large setup violation of -1.845 ns between u_ex1_ex2/fwd_rs1_out_reg[0]/C (clocked by clk) and u_bp/btb_target_reg[11][21]/CE (clocked by clk). Large setup violations at the end of those stages might be difficult to fix during the post-placement implementation flow and could be the result of non-optimal XDC constraints or non-optimal design architecture
Related violations: <none>

TIMING-16#945 Warning
Large setup violation  
There is a large setup violation of -1.845 ns between u_ex1_ex2/fwd_rs1_out_reg[0]/C (clocked by clk) and u_bp/btb_target_reg[11][22]/CE (clocked by clk). Large setup violations at the end of those stages might be difficult to fix during the post-placement implementation flow and could be the result of non-optimal XDC constraints or non-optimal design architecture
Related violations: <none>

TIMING-16#946 Warning
Large setup violation  
There is a large setup violation of -1.845 ns between u_ex1_ex2/fwd_rs1_out_reg[0]/C (clocked by clk) and u_bp/btb_target_reg[11][23]/CE (clocked by clk). Large setup violations at the end of those stages might be difficult to fix during the post-placement implementation flow and could be the result of non-optimal XDC constraints or non-optimal design architecture
Related violations: <none>

TIMING-16#947 Warning
Large setup violation  
There is a large setup violation of -1.845 ns between u_ex1_ex2/fwd_rs1_out_reg[0]/C (clocked by clk) and u_bp/btb_target_reg[11][24]/CE (clocked by clk). Large setup violations at the end of those stages might be difficult to fix during the post-placement implementation flow and could be the result of non-optimal XDC constraints or non-optimal design architecture
Related violations: <none>

TIMING-16#948 Warning
Large setup violation  
There is a large setup violation of -1.845 ns between u_ex1_ex2/fwd_rs1_out_reg[0]/C (clocked by clk) and u_bp/btb_target_reg[11][25]/CE (clocked by clk). Large setup violations at the end of those stages might be difficult to fix during the post-placement implementation flow and could be the result of non-optimal XDC constraints or non-optimal design architecture
Related violations: <none>

TIMING-16#949 Warning
Large setup violation  
There is a large setup violation of -1.845 ns between u_ex1_ex2/fwd_rs1_out_reg[0]/C (clocked by clk) and u_bp/btb_target_reg[11][26]/CE (clocked by clk). Large setup violations at the end of those stages might be difficult to fix during the post-placement implementation flow and could be the result of non-optimal XDC constraints or non-optimal design architecture
Related violations: <none>

TIMING-16#950 Warning
Large setup violation  
There is a large setup violation of -1.845 ns between u_ex1_ex2/fwd_rs1_out_reg[0]/C (clocked by clk) and u_bp/btb_target_reg[11][27]/CE (clocked by clk). Large setup violations at the end of those stages might be difficult to fix during the post-placement implementation flow and could be the result of non-optimal XDC constraints or non-optimal design architecture
Related violations: <none>

TIMING-16#951 Warning
Large setup violation  
There is a large setup violation of -1.845 ns between u_ex1_ex2/fwd_rs1_out_reg[0]/C (clocked by clk) and u_bp/btb_target_reg[11][28]/CE (clocked by clk). Large setup violations at the end of those stages might be difficult to fix during the post-placement implementation flow and could be the result of non-optimal XDC constraints or non-optimal design architecture
Related violations: <none>

TIMING-16#952 Warning
Large setup violation  
There is a large setup violation of -1.845 ns between u_ex1_ex2/fwd_rs1_out_reg[0]/C (clocked by clk) and u_bp/btb_target_reg[11][29]/CE (clocked by clk). Large setup violations at the end of those stages might be difficult to fix during the post-placement implementation flow and could be the result of non-optimal XDC constraints or non-optimal design architecture
Related violations: <none>

TIMING-16#953 Warning
Large setup violation  
There is a large setup violation of -1.845 ns between u_ex1_ex2/fwd_rs1_out_reg[0]/C (clocked by clk) and u_bp/btb_target_reg[11][2]/CE (clocked by clk). Large setup violations at the end of those stages might be difficult to fix during the post-placement implementation flow and could be the result of non-optimal XDC constraints or non-optimal design architecture
Related violations: <none>

TIMING-16#954 Warning
Large setup violation  
There is a large setup violation of -1.845 ns between u_ex1_ex2/fwd_rs1_out_reg[0]/C (clocked by clk) and u_bp/btb_target_reg[11][30]/CE (clocked by clk). Large setup violations at the end of those stages might be difficult to fix during the post-placement implementation flow and could be the result of non-optimal XDC constraints or non-optimal design architecture
Related violations: <none>

TIMING-16#955 Warning
Large setup violation  
There is a large setup violation of -1.845 ns between u_ex1_ex2/fwd_rs1_out_reg[0]/C (clocked by clk) and u_bp/btb_target_reg[11][31]/CE (clocked by clk). Large setup violations at the end of those stages might be difficult to fix during the post-placement implementation flow and could be the result of non-optimal XDC constraints or non-optimal design architecture
Related violations: <none>

TIMING-16#956 Warning
Large setup violation  
There is a large setup violation of -1.845 ns between u_ex1_ex2/fwd_rs1_out_reg[0]/C (clocked by clk) and u_bp/btb_target_reg[11][3]/CE (clocked by clk). Large setup violations at the end of those stages might be difficult to fix during the post-placement implementation flow and could be the result of non-optimal XDC constraints or non-optimal design architecture
Related violations: <none>

TIMING-16#957 Warning
Large setup violation  
There is a large setup violation of -1.845 ns between u_ex1_ex2/fwd_rs1_out_reg[0]/C (clocked by clk) and u_bp/btb_target_reg[11][4]/CE (clocked by clk). Large setup violations at the end of those stages might be difficult to fix during the post-placement implementation flow and could be the result of non-optimal XDC constraints or non-optimal design architecture
Related violations: <none>

TIMING-16#958 Warning
Large setup violation  
There is a large setup violation of -1.845 ns between u_ex1_ex2/fwd_rs1_out_reg[0]/C (clocked by clk) and u_bp/btb_target_reg[11][5]/CE (clocked by clk). Large setup violations at the end of those stages might be difficult to fix during the post-placement implementation flow and could be the result of non-optimal XDC constraints or non-optimal design architecture
Related violations: <none>

TIMING-16#959 Warning
Large setup violation  
There is a large setup violation of -1.845 ns between u_ex1_ex2/fwd_rs1_out_reg[0]/C (clocked by clk) and u_bp/btb_target_reg[11][6]/CE (clocked by clk). Large setup violations at the end of those stages might be difficult to fix during the post-placement implementation flow and could be the result of non-optimal XDC constraints or non-optimal design architecture
Related violations: <none>

TIMING-16#960 Warning
Large setup violation  
There is a large setup violation of -1.845 ns between u_ex1_ex2/fwd_rs1_out_reg[0]/C (clocked by clk) and u_bp/btb_target_reg[11][7]/CE (clocked by clk). Large setup violations at the end of those stages might be difficult to fix during the post-placement implementation flow and could be the result of non-optimal XDC constraints or non-optimal design architecture
Related violations: <none>

TIMING-16#961 Warning
Large setup violation  
There is a large setup violation of -1.845 ns between u_ex1_ex2/fwd_rs1_out_reg[0]/C (clocked by clk) and u_bp/btb_target_reg[11][8]/CE (clocked by clk). Large setup violations at the end of those stages might be difficult to fix during the post-placement implementation flow and could be the result of non-optimal XDC constraints or non-optimal design architecture
Related violations: <none>

TIMING-16#962 Warning
Large setup violation  
There is a large setup violation of -1.845 ns between u_ex1_ex2/fwd_rs1_out_reg[0]/C (clocked by clk) and u_bp/btb_target_reg[11][9]/CE (clocked by clk). Large setup violations at the end of those stages might be difficult to fix during the post-placement implementation flow and could be the result of non-optimal XDC constraints or non-optimal design architecture
Related violations: <none>

TIMING-16#963 Warning
Large setup violation  
There is a large setup violation of -1.845 ns between u_ex1_ex2/fwd_rs1_out_reg[0]/C (clocked by clk) and u_bp/btb_target_reg[13][0]/CE (clocked by clk). Large setup violations at the end of those stages might be difficult to fix during the post-placement implementation flow and could be the result of non-optimal XDC constraints or non-optimal design architecture
Related violations: <none>

TIMING-16#964 Warning
Large setup violation  
There is a large setup violation of -1.845 ns between u_ex1_ex2/fwd_rs1_out_reg[0]/C (clocked by clk) and u_bp/btb_target_reg[13][10]/CE (clocked by clk). Large setup violations at the end of those stages might be difficult to fix during the post-placement implementation flow and could be the result of non-optimal XDC constraints or non-optimal design architecture
Related violations: <none>

TIMING-16#965 Warning
Large setup violation  
There is a large setup violation of -1.845 ns between u_ex1_ex2/fwd_rs1_out_reg[0]/C (clocked by clk) and u_bp/btb_target_reg[13][11]/CE (clocked by clk). Large setup violations at the end of those stages might be difficult to fix during the post-placement implementation flow and could be the result of non-optimal XDC constraints or non-optimal design architecture
Related violations: <none>

TIMING-16#966 Warning
Large setup violation  
There is a large setup violation of -1.845 ns between u_ex1_ex2/fwd_rs1_out_reg[0]/C (clocked by clk) and u_bp/btb_target_reg[13][12]/CE (clocked by clk). Large setup violations at the end of those stages might be difficult to fix during the post-placement implementation flow and could be the result of non-optimal XDC constraints or non-optimal design architecture
Related violations: <none>

TIMING-16#967 Warning
Large setup violation  
There is a large setup violation of -1.845 ns between u_ex1_ex2/fwd_rs1_out_reg[0]/C (clocked by clk) and u_bp/btb_target_reg[13][13]/CE (clocked by clk). Large setup violations at the end of those stages might be difficult to fix during the post-placement implementation flow and could be the result of non-optimal XDC constraints or non-optimal design architecture
Related violations: <none>

TIMING-16#968 Warning
Large setup violation  
There is a large setup violation of -1.845 ns between u_ex1_ex2/fwd_rs1_out_reg[0]/C (clocked by clk) and u_bp/btb_target_reg[13][14]/CE (clocked by clk). Large setup violations at the end of those stages might be difficult to fix during the post-placement implementation flow and could be the result of non-optimal XDC constraints or non-optimal design architecture
Related violations: <none>

TIMING-16#969 Warning
Large setup violation  
There is a large setup violation of -1.845 ns between u_ex1_ex2/fwd_rs1_out_reg[0]/C (clocked by clk) and u_bp/btb_target_reg[13][15]/CE (clocked by clk). Large setup violations at the end of those stages might be difficult to fix during the post-placement implementation flow and could be the result of non-optimal XDC constraints or non-optimal design architecture
Related violations: <none>

TIMING-16#970 Warning
Large setup violation  
There is a large setup violation of -1.845 ns between u_ex1_ex2/fwd_rs1_out_reg[0]/C (clocked by clk) and u_bp/btb_target_reg[13][16]/CE (clocked by clk). Large setup violations at the end of those stages might be difficult to fix during the post-placement implementation flow and could be the result of non-optimal XDC constraints or non-optimal design architecture
Related violations: <none>

TIMING-16#971 Warning
Large setup violation  
There is a large setup violation of -1.845 ns between u_ex1_ex2/fwd_rs1_out_reg[0]/C (clocked by clk) and u_bp/btb_target_reg[13][17]/CE (clocked by clk). Large setup violations at the end of those stages might be difficult to fix during the post-placement implementation flow and could be the result of non-optimal XDC constraints or non-optimal design architecture
Related violations: <none>

TIMING-16#972 Warning
Large setup violation  
There is a large setup violation of -1.845 ns between u_ex1_ex2/fwd_rs1_out_reg[0]/C (clocked by clk) and u_bp/btb_target_reg[13][18]/CE (clocked by clk). Large setup violations at the end of those stages might be difficult to fix during the post-placement implementation flow and could be the result of non-optimal XDC constraints or non-optimal design architecture
Related violations: <none>

TIMING-16#973 Warning
Large setup violation  
There is a large setup violation of -1.845 ns between u_ex1_ex2/fwd_rs1_out_reg[0]/C (clocked by clk) and u_bp/btb_target_reg[13][19]/CE (clocked by clk). Large setup violations at the end of those stages might be difficult to fix during the post-placement implementation flow and could be the result of non-optimal XDC constraints or non-optimal design architecture
Related violations: <none>

TIMING-16#974 Warning
Large setup violation  
There is a large setup violation of -1.845 ns between u_ex1_ex2/fwd_rs1_out_reg[0]/C (clocked by clk) and u_bp/btb_target_reg[13][1]/CE (clocked by clk). Large setup violations at the end of those stages might be difficult to fix during the post-placement implementation flow and could be the result of non-optimal XDC constraints or non-optimal design architecture
Related violations: <none>

TIMING-16#975 Warning
Large setup violation  
There is a large setup violation of -1.845 ns between u_ex1_ex2/fwd_rs1_out_reg[0]/C (clocked by clk) and u_bp/btb_target_reg[13][20]/CE (clocked by clk). Large setup violations at the end of those stages might be difficult to fix during the post-placement implementation flow and could be the result of non-optimal XDC constraints or non-optimal design architecture
Related violations: <none>

TIMING-16#976 Warning
Large setup violation  
There is a large setup violation of -1.845 ns between u_ex1_ex2/fwd_rs1_out_reg[0]/C (clocked by clk) and u_bp/btb_target_reg[13][21]/CE (clocked by clk). Large setup violations at the end of those stages might be difficult to fix during the post-placement implementation flow and could be the result of non-optimal XDC constraints or non-optimal design architecture
Related violations: <none>

TIMING-16#977 Warning
Large setup violation  
There is a large setup violation of -1.845 ns between u_ex1_ex2/fwd_rs1_out_reg[0]/C (clocked by clk) and u_bp/btb_target_reg[13][22]/CE (clocked by clk). Large setup violations at the end of those stages might be difficult to fix during the post-placement implementation flow and could be the result of non-optimal XDC constraints or non-optimal design architecture
Related violations: <none>

TIMING-16#978 Warning
Large setup violation  
There is a large setup violation of -1.845 ns between u_ex1_ex2/fwd_rs1_out_reg[0]/C (clocked by clk) and u_bp/btb_target_reg[13][23]/CE (clocked by clk). Large setup violations at the end of those stages might be difficult to fix during the post-placement implementation flow and could be the result of non-optimal XDC constraints or non-optimal design architecture
Related violations: <none>

TIMING-16#979 Warning
Large setup violation  
There is a large setup violation of -1.845 ns between u_ex1_ex2/fwd_rs1_out_reg[0]/C (clocked by clk) and u_bp/btb_target_reg[13][24]/CE (clocked by clk). Large setup violations at the end of those stages might be difficult to fix during the post-placement implementation flow and could be the result of non-optimal XDC constraints or non-optimal design architecture
Related violations: <none>

TIMING-16#980 Warning
Large setup violation  
There is a large setup violation of -1.845 ns between u_ex1_ex2/fwd_rs1_out_reg[0]/C (clocked by clk) and u_bp/btb_target_reg[13][25]/CE (clocked by clk). Large setup violations at the end of those stages might be difficult to fix during the post-placement implementation flow and could be the result of non-optimal XDC constraints or non-optimal design architecture
Related violations: <none>

TIMING-16#981 Warning
Large setup violation  
There is a large setup violation of -1.845 ns between u_ex1_ex2/fwd_rs1_out_reg[0]/C (clocked by clk) and u_bp/btb_target_reg[13][26]/CE (clocked by clk). Large setup violations at the end of those stages might be difficult to fix during the post-placement implementation flow and could be the result of non-optimal XDC constraints or non-optimal design architecture
Related violations: <none>

TIMING-16#982 Warning
Large setup violation  
There is a large setup violation of -1.845 ns between u_ex1_ex2/fwd_rs1_out_reg[0]/C (clocked by clk) and u_bp/btb_target_reg[13][27]/CE (clocked by clk). Large setup violations at the end of those stages might be difficult to fix during the post-placement implementation flow and could be the result of non-optimal XDC constraints or non-optimal design architecture
Related violations: <none>

TIMING-16#983 Warning
Large setup violation  
There is a large setup violation of -1.845 ns between u_ex1_ex2/fwd_rs1_out_reg[0]/C (clocked by clk) and u_bp/btb_target_reg[13][28]/CE (clocked by clk). Large setup violations at the end of those stages might be difficult to fix during the post-placement implementation flow and could be the result of non-optimal XDC constraints or non-optimal design architecture
Related violations: <none>

TIMING-16#984 Warning
Large setup violation  
There is a large setup violation of -1.845 ns between u_ex1_ex2/fwd_rs1_out_reg[0]/C (clocked by clk) and u_bp/btb_target_reg[13][29]/CE (clocked by clk). Large setup violations at the end of those stages might be difficult to fix during the post-placement implementation flow and could be the result of non-optimal XDC constraints or non-optimal design architecture
Related violations: <none>

TIMING-16#985 Warning
Large setup violation  
There is a large setup violation of -1.845 ns between u_ex1_ex2/fwd_rs1_out_reg[0]/C (clocked by clk) and u_bp/btb_target_reg[13][2]/CE (clocked by clk). Large setup violations at the end of those stages might be difficult to fix during the post-placement implementation flow and could be the result of non-optimal XDC constraints or non-optimal design architecture
Related violations: <none>

TIMING-16#986 Warning
Large setup violation  
There is a large setup violation of -1.845 ns between u_ex1_ex2/fwd_rs1_out_reg[0]/C (clocked by clk) and u_bp/btb_target_reg[13][30]/CE (clocked by clk). Large setup violations at the end of those stages might be difficult to fix during the post-placement implementation flow and could be the result of non-optimal XDC constraints or non-optimal design architecture
Related violations: <none>

TIMING-16#987 Warning
Large setup violation  
There is a large setup violation of -1.845 ns between u_ex1_ex2/fwd_rs1_out_reg[0]/C (clocked by clk) and u_bp/btb_target_reg[13][31]/CE (clocked by clk). Large setup violations at the end of those stages might be difficult to fix during the post-placement implementation flow and could be the result of non-optimal XDC constraints or non-optimal design architecture
Related violations: <none>

TIMING-16#988 Warning
Large setup violation  
There is a large setup violation of -1.845 ns between u_ex1_ex2/fwd_rs1_out_reg[0]/C (clocked by clk) and u_bp/btb_target_reg[13][3]/CE (clocked by clk). Large setup violations at the end of those stages might be difficult to fix during the post-placement implementation flow and could be the result of non-optimal XDC constraints or non-optimal design architecture
Related violations: <none>

TIMING-16#989 Warning
Large setup violation  
There is a large setup violation of -1.845 ns between u_ex1_ex2/fwd_rs1_out_reg[0]/C (clocked by clk) and u_bp/btb_target_reg[13][4]/CE (clocked by clk). Large setup violations at the end of those stages might be difficult to fix during the post-placement implementation flow and could be the result of non-optimal XDC constraints or non-optimal design architecture
Related violations: <none>

TIMING-16#990 Warning
Large setup violation  
There is a large setup violation of -1.845 ns between u_ex1_ex2/fwd_rs1_out_reg[0]/C (clocked by clk) and u_bp/btb_target_reg[13][5]/CE (clocked by clk). Large setup violations at the end of those stages might be difficult to fix during the post-placement implementation flow and could be the result of non-optimal XDC constraints or non-optimal design architecture
Related violations: <none>

TIMING-16#991 Warning
Large setup violation  
There is a large setup violation of -1.845 ns between u_ex1_ex2/fwd_rs1_out_reg[0]/C (clocked by clk) and u_bp/btb_target_reg[13][6]/CE (clocked by clk). Large setup violations at the end of those stages might be difficult to fix during the post-placement implementation flow and could be the result of non-optimal XDC constraints or non-optimal design architecture
Related violations: <none>

TIMING-16#992 Warning
Large setup violation  
There is a large setup violation of -1.845 ns between u_ex1_ex2/fwd_rs1_out_reg[0]/C (clocked by clk) and u_bp/btb_target_reg[13][7]/CE (clocked by clk). Large setup violations at the end of those stages might be difficult to fix during the post-placement implementation flow and could be the result of non-optimal XDC constraints or non-optimal design architecture
Related violations: <none>

TIMING-16#993 Warning
Large setup violation  
There is a large setup violation of -1.845 ns between u_ex1_ex2/fwd_rs1_out_reg[0]/C (clocked by clk) and u_bp/btb_target_reg[13][8]/CE (clocked by clk). Large setup violations at the end of those stages might be difficult to fix during the post-placement implementation flow and could be the result of non-optimal XDC constraints or non-optimal design architecture
Related violations: <none>

TIMING-16#994 Warning
Large setup violation  
There is a large setup violation of -1.845 ns between u_ex1_ex2/fwd_rs1_out_reg[0]/C (clocked by clk) and u_bp/btb_target_reg[13][9]/CE (clocked by clk). Large setup violations at the end of those stages might be difficult to fix during the post-placement implementation flow and could be the result of non-optimal XDC constraints or non-optimal design architecture
Related violations: <none>

TIMING-16#995 Warning
Large setup violation  
There is a large setup violation of -2.010 ns between u_ex1_ex2/fwd_rs1_out_reg[0]/C (clocked by clk) and ex2_ghr_checkpoint_reg[0]/CE (clocked by clk). Large setup violations at the end of those stages might be difficult to fix during the post-placement implementation flow and could be the result of non-optimal XDC constraints or non-optimal design architecture
Related violations: <none>

TIMING-16#996 Warning
Large setup violation  
There is a large setup violation of -2.010 ns between u_ex1_ex2/fwd_rs1_out_reg[0]/C (clocked by clk) and ex2_ghr_checkpoint_reg[1]/CE (clocked by clk). Large setup violations at the end of those stages might be difficult to fix during the post-placement implementation flow and could be the result of non-optimal XDC constraints or non-optimal design architecture
Related violations: <none>

TIMING-16#997 Warning
Large setup violation  
There is a large setup violation of -2.010 ns between u_ex1_ex2/fwd_rs1_out_reg[0]/C (clocked by clk) and ex2_ghr_checkpoint_reg[2]/CE (clocked by clk). Large setup violations at the end of those stages might be difficult to fix during the post-placement implementation flow and could be the result of non-optimal XDC constraints or non-optimal design architecture
Related violations: <none>

TIMING-16#998 Warning
Large setup violation  
There is a large setup violation of -2.010 ns between u_ex1_ex2/fwd_rs1_out_reg[0]/C (clocked by clk) and ex2_ghr_checkpoint_reg[3]/CE (clocked by clk). Large setup violations at the end of those stages might be difficult to fix during the post-placement implementation flow and could be the result of non-optimal XDC constraints or non-optimal design architecture
Related violations: <none>

TIMING-16#999 Warning
Large setup violation  
There is a large setup violation of -2.010 ns between u_ex1_ex2/fwd_rs1_out_reg[0]/C (clocked by clk) and ex2_ghr_checkpoint_reg[4]/CE (clocked by clk). Large setup violations at the end of those stages might be difficult to fix during the post-placement implementation flow and could be the result of non-optimal XDC constraints or non-optimal design architecture
Related violations: <none>

TIMING-16#1000 Warning
Large setup violation  
There is a large setup violation of -2.010 ns between u_ex1_ex2/fwd_rs1_out_reg[0]/C (clocked by clk) and ex2_ghr_checkpoint_reg[5]/CE (clocked by clk). Large setup violations at the end of those stages might be difficult to fix during the post-placement implementation flow and could be the result of non-optimal XDC constraints or non-optimal design architecture
Related violations: <none>

TIMING-18#1 Warning
Missing input or output delay  
An input delay is missing on rst_n relative to the rising and/or falling clock edge(s) of clk.
Related violations: <none>

TIMING-18#2 Warning
Missing input or output delay  
An output delay is missing on debug_alu_result[0] relative to the rising and/or falling clock edge(s) of clk.
Related violations: <none>

TIMING-18#3 Warning
Missing input or output delay  
An output delay is missing on debug_alu_result[10] relative to the rising and/or falling clock edge(s) of clk.
Related violations: <none>

TIMING-18#4 Warning
Missing input or output delay  
An output delay is missing on debug_alu_result[11] relative to the rising and/or falling clock edge(s) of clk.
Related violations: <none>

TIMING-18#5 Warning
Missing input or output delay  
An output delay is missing on debug_alu_result[12] relative to the rising and/or falling clock edge(s) of clk.
Related violations: <none>

TIMING-18#6 Warning
Missing input or output delay  
An output delay is missing on debug_alu_result[13] relative to the rising and/or falling clock edge(s) of clk.
Related violations: <none>

TIMING-18#7 Warning
Missing input or output delay  
An output delay is missing on debug_alu_result[14] relative to the rising and/or falling clock edge(s) of clk.
Related violations: <none>

TIMING-18#8 Warning
Missing input or output delay  
An output delay is missing on debug_alu_result[15] relative to the rising and/or falling clock edge(s) of clk.
Related violations: <none>

TIMING-18#9 Warning
Missing input or output delay  
An output delay is missing on debug_alu_result[16] relative to the rising and/or falling clock edge(s) of clk.
Related violations: <none>

TIMING-18#10 Warning
Missing input or output delay  
An output delay is missing on debug_alu_result[17] relative to the rising and/or falling clock edge(s) of clk.
Related violations: <none>

TIMING-18#11 Warning
Missing input or output delay  
An output delay is missing on debug_alu_result[18] relative to the rising and/or falling clock edge(s) of clk.
Related violations: <none>

TIMING-18#12 Warning
Missing input or output delay  
An output delay is missing on debug_alu_result[19] relative to the rising and/or falling clock edge(s) of clk.
Related violations: <none>

TIMING-18#13 Warning
Missing input or output delay  
An output delay is missing on debug_alu_result[1] relative to the rising and/or falling clock edge(s) of clk.
Related violations: <none>

TIMING-18#14 Warning
Missing input or output delay  
An output delay is missing on debug_alu_result[20] relative to the rising and/or falling clock edge(s) of clk.
Related violations: <none>

TIMING-18#15 Warning
Missing input or output delay  
An output delay is missing on debug_alu_result[21] relative to the rising and/or falling clock edge(s) of clk.
Related violations: <none>

TIMING-18#16 Warning
Missing input or output delay  
An output delay is missing on debug_alu_result[22] relative to the rising and/or falling clock edge(s) of clk.
Related violations: <none>

TIMING-18#17 Warning
Missing input or output delay  
An output delay is missing on debug_alu_result[23] relative to the rising and/or falling clock edge(s) of clk.
Related violations: <none>

TIMING-18#18 Warning
Missing input or output delay  
An output delay is missing on debug_alu_result[24] relative to the rising and/or falling clock edge(s) of clk.
Related violations: <none>

TIMING-18#19 Warning
Missing input or output delay  
An output delay is missing on debug_alu_result[25] relative to the rising and/or falling clock edge(s) of clk.
Related violations: <none>

TIMING-18#20 Warning
Missing input or output delay  
An output delay is missing on debug_alu_result[26] relative to the rising and/or falling clock edge(s) of clk.
Related violations: <none>

TIMING-18#21 Warning
Missing input or output delay  
An output delay is missing on debug_alu_result[27] relative to the rising and/or falling clock edge(s) of clk.
Related violations: <none>

TIMING-18#22 Warning
Missing input or output delay  
An output delay is missing on debug_alu_result[28] relative to the rising and/or falling clock edge(s) of clk.
Related violations: <none>

TIMING-18#23 Warning
Missing input or output delay  
An output delay is missing on debug_alu_result[29] relative to the rising and/or falling clock edge(s) of clk.
Related violations: <none>

TIMING-18#24 Warning
Missing input or output delay  
An output delay is missing on debug_alu_result[2] relative to the rising and/or falling clock edge(s) of clk.
Related violations: <none>

TIMING-18#25 Warning
Missing input or output delay  
An output delay is missing on debug_alu_result[30] relative to the rising and/or falling clock edge(s) of clk.
Related violations: <none>

TIMING-18#26 Warning
Missing input or output delay  
An output delay is missing on debug_alu_result[31] relative to the rising and/or falling clock edge(s) of clk.
Related violations: <none>

TIMING-18#27 Warning
Missing input or output delay  
An output delay is missing on debug_alu_result[3] relative to the rising and/or falling clock edge(s) of clk.
Related violations: <none>

TIMING-18#28 Warning
Missing input or output delay  
An output delay is missing on debug_alu_result[4] relative to the rising and/or falling clock edge(s) of clk.
Related violations: <none>

TIMING-18#29 Warning
Missing input or output delay  
An output delay is missing on debug_alu_result[5] relative to the rising and/or falling clock edge(s) of clk.
Related violations: <none>

TIMING-18#30 Warning
Missing input or output delay  
An output delay is missing on debug_alu_result[6] relative to the rising and/or falling clock edge(s) of clk.
Related violations: <none>

TIMING-18#31 Warning
Missing input or output delay  
An output delay is missing on debug_alu_result[7] relative to the rising and/or falling clock edge(s) of clk.
Related violations: <none>

TIMING-18#32 Warning
Missing input or output delay  
An output delay is missing on debug_alu_result[8] relative to the rising and/or falling clock edge(s) of clk.
Related violations: <none>

TIMING-18#33 Warning
Missing input or output delay  
An output delay is missing on debug_alu_result[9] relative to the rising and/or falling clock edge(s) of clk.
Related violations: <none>

TIMING-18#34 Warning
Missing input or output delay  
An output delay is missing on debug_instr[0] relative to the rising and/or falling clock edge(s) of clk.
Related violations: <none>

TIMING-18#35 Warning
Missing input or output delay  
An output delay is missing on debug_instr[10] relative to the rising and/or falling clock edge(s) of clk.
Related violations: <none>

TIMING-18#36 Warning
Missing input or output delay  
An output delay is missing on debug_instr[11] relative to the rising and/or falling clock edge(s) of clk.
Related violations: <none>

TIMING-18#37 Warning
Missing input or output delay  
An output delay is missing on debug_instr[12] relative to the rising and/or falling clock edge(s) of clk.
Related violations: <none>

TIMING-18#38 Warning
Missing input or output delay  
An output delay is missing on debug_instr[13] relative to the rising and/or falling clock edge(s) of clk.
Related violations: <none>

TIMING-18#39 Warning
Missing input or output delay  
An output delay is missing on debug_instr[14] relative to the rising and/or falling clock edge(s) of clk.
Related violations: <none>

TIMING-18#40 Warning
Missing input or output delay  
An output delay is missing on debug_instr[15] relative to the rising and/or falling clock edge(s) of clk.
Related violations: <none>

TIMING-18#41 Warning
Missing input or output delay  
An output delay is missing on debug_instr[16] relative to the rising and/or falling clock edge(s) of clk.
Related violations: <none>

TIMING-18#42 Warning
Missing input or output delay  
An output delay is missing on debug_instr[17] relative to the rising and/or falling clock edge(s) of clk.
Related violations: <none>

TIMING-18#43 Warning
Missing input or output delay  
An output delay is missing on debug_instr[18] relative to the rising and/or falling clock edge(s) of clk.
Related violations: <none>

TIMING-18#44 Warning
Missing input or output delay  
An output delay is missing on debug_instr[19] relative to the rising and/or falling clock edge(s) of clk.
Related violations: <none>

TIMING-18#45 Warning
Missing input or output delay  
An output delay is missing on debug_instr[1] relative to the rising and/or falling clock edge(s) of clk.
Related violations: <none>

TIMING-18#46 Warning
Missing input or output delay  
An output delay is missing on debug_instr[20] relative to the rising and/or falling clock edge(s) of clk.
Related violations: <none>

TIMING-18#47 Warning
Missing input or output delay  
An output delay is missing on debug_instr[21] relative to the rising and/or falling clock edge(s) of clk.
Related violations: <none>

TIMING-18#48 Warning
Missing input or output delay  
An output delay is missing on debug_instr[22] relative to the rising and/or falling clock edge(s) of clk.
Related violations: <none>

TIMING-18#49 Warning
Missing input or output delay  
An output delay is missing on debug_instr[23] relative to the rising and/or falling clock edge(s) of clk.
Related violations: <none>

TIMING-18#50 Warning
Missing input or output delay  
An output delay is missing on debug_instr[24] relative to the rising and/or falling clock edge(s) of clk.
Related violations: <none>

TIMING-18#51 Warning
Missing input or output delay  
An output delay is missing on debug_instr[25] relative to the rising and/or falling clock edge(s) of clk.
Related violations: <none>

TIMING-18#52 Warning
Missing input or output delay  
An output delay is missing on debug_instr[26] relative to the rising and/or falling clock edge(s) of clk.
Related violations: <none>

TIMING-18#53 Warning
Missing input or output delay  
An output delay is missing on debug_instr[27] relative to the rising and/or falling clock edge(s) of clk.
Related violations: <none>

TIMING-18#54 Warning
Missing input or output delay  
An output delay is missing on debug_instr[28] relative to the rising and/or falling clock edge(s) of clk.
Related violations: <none>

TIMING-18#55 Warning
Missing input or output delay  
An output delay is missing on debug_instr[29] relative to the rising and/or falling clock edge(s) of clk.
Related violations: <none>

TIMING-18#56 Warning
Missing input or output delay  
An output delay is missing on debug_instr[2] relative to the rising and/or falling clock edge(s) of clk.
Related violations: <none>

TIMING-18#57 Warning
Missing input or output delay  
An output delay is missing on debug_instr[30] relative to the rising and/or falling clock edge(s) of clk.
Related violations: <none>

TIMING-18#58 Warning
Missing input or output delay  
An output delay is missing on debug_instr[31] relative to the rising and/or falling clock edge(s) of clk.
Related violations: <none>

TIMING-18#59 Warning
Missing input or output delay  
An output delay is missing on debug_instr[3] relative to the rising and/or falling clock edge(s) of clk.
Related violations: <none>

TIMING-18#60 Warning
Missing input or output delay  
An output delay is missing on debug_instr[4] relative to the rising and/or falling clock edge(s) of clk.
Related violations: <none>

TIMING-18#61 Warning
Missing input or output delay  
An output delay is missing on debug_instr[5] relative to the rising and/or falling clock edge(s) of clk.
Related violations: <none>

TIMING-18#62 Warning
Missing input or output delay  
An output delay is missing on debug_instr[6] relative to the rising and/or falling clock edge(s) of clk.
Related violations: <none>

TIMING-18#63 Warning
Missing input or output delay  
An output delay is missing on debug_instr[7] relative to the rising and/or falling clock edge(s) of clk.
Related violations: <none>

TIMING-18#64 Warning
Missing input or output delay  
An output delay is missing on debug_instr[8] relative to the rising and/or falling clock edge(s) of clk.
Related violations: <none>

TIMING-18#65 Warning
Missing input or output delay  
An output delay is missing on debug_instr[9] relative to the rising and/or falling clock edge(s) of clk.
Related violations: <none>

TIMING-18#66 Warning
Missing input or output delay  
An output delay is missing on debug_pc[0] relative to the rising and/or falling clock edge(s) of clk.
Related violations: <none>

TIMING-18#67 Warning
Missing input or output delay  
An output delay is missing on debug_pc[10] relative to the rising and/or falling clock edge(s) of clk.
Related violations: <none>

TIMING-18#68 Warning
Missing input or output delay  
An output delay is missing on debug_pc[11] relative to the rising and/or falling clock edge(s) of clk.
Related violations: <none>

TIMING-18#69 Warning
Missing input or output delay  
An output delay is missing on debug_pc[12] relative to the rising and/or falling clock edge(s) of clk.
Related violations: <none>

TIMING-18#70 Warning
Missing input or output delay  
An output delay is missing on debug_pc[13] relative to the rising and/or falling clock edge(s) of clk.
Related violations: <none>

TIMING-18#71 Warning
Missing input or output delay  
An output delay is missing on debug_pc[14] relative to the rising and/or falling clock edge(s) of clk.
Related violations: <none>

TIMING-18#72 Warning
Missing input or output delay  
An output delay is missing on debug_pc[15] relative to the rising and/or falling clock edge(s) of clk.
Related violations: <none>

TIMING-18#73 Warning
Missing input or output delay  
An output delay is missing on debug_pc[16] relative to the rising and/or falling clock edge(s) of clk.
Related violations: <none>

TIMING-18#74 Warning
Missing input or output delay  
An output delay is missing on debug_pc[17] relative to the rising and/or falling clock edge(s) of clk.
Related violations: <none>

TIMING-18#75 Warning
Missing input or output delay  
An output delay is missing on debug_pc[18] relative to the rising and/or falling clock edge(s) of clk.
Related violations: <none>

TIMING-18#76 Warning
Missing input or output delay  
An output delay is missing on debug_pc[19] relative to the rising and/or falling clock edge(s) of clk.
Related violations: <none>

TIMING-18#77 Warning
Missing input or output delay  
An output delay is missing on debug_pc[1] relative to the rising and/or falling clock edge(s) of clk.
Related violations: <none>

TIMING-18#78 Warning
Missing input or output delay  
An output delay is missing on debug_pc[20] relative to the rising and/or falling clock edge(s) of clk.
Related violations: <none>

TIMING-18#79 Warning
Missing input or output delay  
An output delay is missing on debug_pc[21] relative to the rising and/or falling clock edge(s) of clk.
Related violations: <none>

TIMING-18#80 Warning
Missing input or output delay  
An output delay is missing on debug_pc[22] relative to the rising and/or falling clock edge(s) of clk.
Related violations: <none>

TIMING-18#81 Warning
Missing input or output delay  
An output delay is missing on debug_pc[23] relative to the rising and/or falling clock edge(s) of clk.
Related violations: <none>

TIMING-18#82 Warning
Missing input or output delay  
An output delay is missing on debug_pc[24] relative to the rising and/or falling clock edge(s) of clk.
Related violations: <none>

TIMING-18#83 Warning
Missing input or output delay  
An output delay is missing on debug_pc[25] relative to the rising and/or falling clock edge(s) of clk.
Related violations: <none>

TIMING-18#84 Warning
Missing input or output delay  
An output delay is missing on debug_pc[26] relative to the rising and/or falling clock edge(s) of clk.
Related violations: <none>

TIMING-18#85 Warning
Missing input or output delay  
An output delay is missing on debug_pc[27] relative to the rising and/or falling clock edge(s) of clk.
Related violations: <none>

TIMING-18#86 Warning
Missing input or output delay  
An output delay is missing on debug_pc[28] relative to the rising and/or falling clock edge(s) of clk.
Related violations: <none>

TIMING-18#87 Warning
Missing input or output delay  
An output delay is missing on debug_pc[29] relative to the rising and/or falling clock edge(s) of clk.
Related violations: <none>

TIMING-18#88 Warning
Missing input or output delay  
An output delay is missing on debug_pc[2] relative to the rising and/or falling clock edge(s) of clk.
Related violations: <none>

TIMING-18#89 Warning
Missing input or output delay  
An output delay is missing on debug_pc[30] relative to the rising and/or falling clock edge(s) of clk.
Related violations: <none>

TIMING-18#90 Warning
Missing input or output delay  
An output delay is missing on debug_pc[31] relative to the rising and/or falling clock edge(s) of clk.
Related violations: <none>

TIMING-18#91 Warning
Missing input or output delay  
An output delay is missing on debug_pc[3] relative to the rising and/or falling clock edge(s) of clk.
Related violations: <none>

TIMING-18#92 Warning
Missing input or output delay  
An output delay is missing on debug_pc[4] relative to the rising and/or falling clock edge(s) of clk.
Related violations: <none>

TIMING-18#93 Warning
Missing input or output delay  
An output delay is missing on debug_pc[5] relative to the rising and/or falling clock edge(s) of clk.
Related violations: <none>

TIMING-18#94 Warning
Missing input or output delay  
An output delay is missing on debug_pc[6] relative to the rising and/or falling clock edge(s) of clk.
Related violations: <none>

TIMING-18#95 Warning
Missing input or output delay  
An output delay is missing on debug_pc[7] relative to the rising and/or falling clock edge(s) of clk.
Related violations: <none>

TIMING-18#96 Warning
Missing input or output delay  
An output delay is missing on debug_pc[8] relative to the rising and/or falling clock edge(s) of clk.
Related violations: <none>

TIMING-18#97 Warning
Missing input or output delay  
An output delay is missing on debug_pc[9] relative to the rising and/or falling clock edge(s) of clk.
Related violations: <none>


